2026-05-26 08:28:33,417 [INFO] =======================================================
2026-05-26 08:28:33,417 [INFO] 台股量化資料爬蟲 ── 執行時間：2026-05-26
2026-05-26 08:28:33,417 [INFO] FinMind Token：已設定
2026-05-26 08:28:33,417 [INFO] =======================================================
2026-05-26 08:28:33,418 [INFO] 全量模式：共 407 檔股票
2026-05-26 08:28:33,418 [INFO] 📋 建立股票清單...
2026-05-26 08:28:33,418 [INFO]   使用 FinMind API 抓取完整清單（付費Token）
2026-05-26 08:28:33,688 [INFO]   ✅ FinMind 取得 3015 檔股票
2026-05-26 08:28:33,729 [INFO]   💾 已存：data\stock_list.csv（4358 筆）
2026-05-26 08:28:33,729 [INFO] 📊 抓取三大法人買賣超（407 檔）...
2026-05-26 08:28:33,729 [INFO]   共 407 檔，分 3 批（每批 150 檔）
2026-05-26 08:28:33,729 [INFO]   ── 第 1/3 批（1101～2409）
2026-05-26 08:31:41,048 [INFO]   💾 已存：data\institutional.csv（74665 筆）
2026-05-26 08:31:41,053 [INFO]   ✅ 第1批完成，存入 institutional.csv
2026-05-26 08:31:41,053 [INFO]   ⏸  批次間暫停 70 秒...
2026-05-26 08:32:51,095 [INFO]   ── 第 2/3 批（2412～3653）
2026-05-26 08:35:36,890 [INFO]   💾 已存：data\institutional.csv（74665 筆）
2026-05-26 08:35:36,895 [INFO]   ✅ 第2批完成，存入 institutional.csv
2026-05-26 08:35:36,895 [INFO]   ⏸  批次間暫停 70 秒...
2026-05-26 08:36:46,929 [INFO]   ── 第 3/3 批（3661～8210）
2026-05-26 08:38:46,577 [INFO]   💾 已存：data\institutional.csv（74665 筆）
2026-05-26 08:38:46,581 [INFO]   ✅ 第3批完成，存入 institutional.csv
2026-05-26 08:38:46,581 [INFO]   ✅ 全部完成，共 72800 筆 institutional 資料
2026-05-26 08:38:46,991 [INFO]   💾 已存：data\institutional.csv（74665 筆）
2026-05-26 08:38:47,003 [INFO] 💰 抓取融資融券（407 檔）...
2026-05-26 08:38:47,003 [INFO]   共 407 檔，分 3 批（每批 150 檔）
2026-05-26 08:38:47,004 [INFO]   ── 第 1/3 批（1101～2409）
2026-05-26 08:41:21,369 [INFO]   💾 已存：data\margin.csv（7356 筆）
2026-05-26 08:41:21,372 [INFO]   ✅ 第1批完成，存入 margin.csv
2026-05-26 08:41:21,373 [INFO]   ⏸  批次間暫停 70 秒...
2026-05-26 08:42:31,433 [INFO]   ── 第 2/3 批（2412～3653）
2026-05-26 08:43:21,427 [WARNING]   ⏳ API 頻率上限（第1次），等待 65 秒後重試... | id=2719
2026-05-26 08:44:26,641 [WARNING]   ⏳ API 頻率上限（第2次），等待 120 秒後重試... | id=2719
2026-05-26 08:46:26,973 [WARNING]   ⏳ API 頻率上限（第3次），等待 120 秒後重試... | id=2719
2026-05-26 08:48:27,309 [WARNING]   ⏳ API 頻率上限（第4次），等待 120 秒後重試... | id=2719
2026-05-26 08:50:27,623 [WARNING]   ⏳ API 頻率上限（第5次），等待 120 秒後重試... | id=2719
2026-05-26 08:52:27,746 [ERROR]   ❌ 達到最大重試次數，放棄 | dataset=TaiwanStockMarginPurchaseShortSale id=2719
2026-05-26 08:52:28,714 [WARNING]   ⏳ API 頻率上限（第1次），等待 65 秒後重試... | id=2720
2026-05-26 08:53:33,939 [WARNING]   ⏳ API 頻率上限（第2次），等待 120 秒後重試... | id=2720
2026-05-26 08:55:34,204 [WARNING]   ⏳ API 頻率上限（第3次），等待 120 秒後重試... | id=2720
2026-05-26 08:57:34,507 [WARNING]   ⏳ API 頻率上限（第4次），等待 120 秒後重試... | id=2720
2026-05-26 08:59:34,793 [WARNING]   ⏳ API 頻率上限（第5次），等待 120 秒後重試... | id=2720
2026-05-26 09:01:34,933 [ERROR]   ❌ 達到最大重試次數，放棄 | dataset=TaiwanStockMarginPurchaseShortSale id=2720
2026-05-26 09:01:35,875 [WARNING]   ⏳ API 頻率上限（第1次），等待 65 秒後重試... | id=2723
2026-05-26 09:02:41,059 [WARNING]   ⏳ API 頻率上限（第2次），等待 120 秒後重試... | id=2723
2026-05-26 09:04:41,375 [WARNING]   ⏳ API 頻率上限（第3次），等待 120 秒後重試... | id=2723
2026-05-26 09:06:41,676 [WARNING]   ⏳ API 頻率上限（第4次），等待 120 秒後重試... | id=2723
2026-05-26 09:08:41,948 [WARNING]   ⏳ API 頻率上限（第5次），等待 120 秒後重試... | id=2723
2026-05-26 09:10:42,092 [ERROR]   ❌ 達到最大重試次數，放棄 | dataset=TaiwanStockMarginPurchaseShortSale id=2723
2026-05-26 09:10:43,063 [WARNING]   ⏳ API 頻率上限（第1次），等待 65 秒後重試... | id=2726
2026-05-26 09:11:48,262 [WARNING]   ⏳ API 頻率上限（第2次），等待 120 秒後重試... | id=2726
2026-05-26 09:13:48,540 [WARNING]   ⏳ API 頻率上限（第3次），等待 120 秒後重試... | id=2726
2026-05-26 09:15:48,841 [WARNING]   ⏳ API 頻率上限（第4次），等待 120 秒後重試... | id=2726
2026-05-26 09:17:49,101 [WARNING]   ⏳ API 頻率上限（第5次），等待 120 秒後重試... | id=2726
2026-05-26 09:19:49,250 [ERROR]   ❌ 達到最大重試次數，放棄 | dataset=TaiwanStockMarginPurchaseShortSale id=2726
2026-05-26 09:19:50,196 [WARNING]   ⏳ API 頻率上限（第1次），等待 65 秒後重試... | id=2801
2026-05-26 09:20:55,421 [WARNING]   ⏳ API 頻率上限（第2次），等待 120 秒後重試... | id=2801
2026-05-26 09:22:55,682 [WARNING]   ⏳ API 頻率上限（第3次），等待 120 秒後重試... | id=2801
2026-05-26 09:24:55,952 [WARNING]   ⏳ API 頻率上限（第4次），等待 120 秒後重試... | id=2801
2026-05-26 09:26:56,226 [WARNING]   ⏳ API 頻率上限（第5次），等待 120 秒後重試... | id=2801
2026-05-26 09:28:56,342 [ERROR]   ❌ 達到最大重試次數，放棄 | dataset=TaiwanStockMarginPurchaseShortSale id=2801
2026-05-26 09:29:32,360 [WARNING]   ⏳ API 頻率上限（第1次），等待 65 秒後重試... | id=2908
2026-05-26 09:31:56,518 [INFO]   💾 已存：data\margin.csv（10908 筆）
2026-05-26 09:31:56,521 [INFO]   ✅ 第2批完成，存入 margin.csv
2026-05-26 09:31:56,521 [INFO]   ⏸  批次間暫停 70 秒...
2026-05-26 09:33:06,552 [INFO]   ── 第 3/3 批（3661～8210）
2026-05-26 09:34:57,287 [INFO]   💾 已存：data\margin.csv（14769 筆）
2026-05-26 09:34:57,293 [INFO]   ✅ 第3批完成，存入 margin.csv
2026-05-26 09:34:57,296 [INFO]   ✅ 全部完成，共 14508 筆 margin 資料
2026-05-26 09:34:57,476 [INFO]   💾 已存：data\margin.csv（14769 筆）
2026-05-26 09:34:57,480 [INFO] 📈 抓取財務報表（407 檔）...
2026-05-26 09:34:57,481 [INFO]   共 407 檔，分 3 批（每批 150 檔）
2026-05-26 09:34:57,481 [INFO]   ── 第 1/3 批（1101～2409）
2026-05-26 09:36:40,880 [WARNING]   ⏳ API 頻率上限（第1次），等待 65 秒後重試... | id=2010
2026-05-26 09:38:39,637 [INFO]   💾 已存：data\financials.csv（2254 筆）
2026-05-26 09:38:39,637 [INFO]   ✅ 第1批完成，存入 financials.csv
2026-05-26 09:38:39,637 [INFO]   ⏸  批次間暫停 70 秒...
2026-05-26 09:39:49,662 [INFO]   ── 第 2/3 批（2412～3653）
2026-05-26 09:42:23,965 [INFO]   💾 已存：data\financials.csv（2232 筆）
2026-05-26 09:42:23,965 [INFO]   ✅ 第2批完成，存入 financials.csv
2026-05-26 09:42:23,965 [INFO]   ⏸  批次間暫停 70 秒...
2026-05-26 09:43:33,988 [INFO]   ── 第 3/3 批（3661～8210）
2026-05-26 09:45:11,524 [WARNING]   ⏳ API 頻率上限（第1次），等待 65 秒後重試... | id=6547
2026-05-26 09:46:16,732 [WARNING]   ⏳ API 頻率上限（第2次），等待 120 秒後重試... | id=6547
2026-05-26 09:48:17,011 [WARNING]   ⏳ API 頻率上限（第3次），等待 120 秒後重試... | id=6547
2026-05-26 09:50:17,340 [WARNING]   ⏳ API 頻率上限（第4次），等待 120 秒後重試... | id=6547
2026-05-26 09:52:17,584 [WARNING]   ⏳ API 頻率上限（第5次），等待 120 秒後重試... | id=6547
2026-05-26 09:54:17,701 [ERROR]   ❌ 達到最大重試次數，放棄 | dataset=TaiwanStockFinancialStatements id=6547
2026-05-26 09:54:18,652 [WARNING]   ⏳ API 頻率上限（第1次），等待 65 秒後重試... | id=6643
2026-05-26 09:55:23,922 [WARNING]   ⏳ API 頻率上限（第2次），等待 120 秒後重試... | id=6643
2026-05-26 09:57:24,193 [WARNING]   ⏳ API 頻率上限（第3次），等待 120 秒後重試... | id=6643
2026-05-26 09:59:24,496 [WARNING]   ⏳ API 頻率上限（第4次），等待 120 秒後重試... | id=6643
2026-05-26 10:01:24,830 [WARNING]   ⏳ API 頻率上限（第5次），等待 120 秒後重試... | id=6643
2026-05-26 10:03:25,003 [ERROR]   ❌ 達到最大重試次數，放棄 | dataset=TaiwanStockFinancialStatements id=6643
2026-05-26 10:03:25,955 [WARNING]   ⏳ API 頻率上限（第1次），等待 65 秒後重試... | id=6669
2026-05-26 10:04:31,190 [WARNING]   ⏳ API 頻率上限（第2次），等待 120 秒後重試... | id=6669
2026-05-26 10:06:31,453 [WARNING]   ⏳ API 頻率上限（第3次），等待 120 秒後重試... | id=6669
2026-05-26 10:08:31,729 [WARNING]   ⏳ API 頻率上限（第4次），等待 120 秒後重試... | id=6669
2026-05-26 10:10:32,053 [WARNING]   ⏳ API 頻率上限（第5次），等待 120 秒後重試... | id=6669
2026-05-26 10:12:32,164 [ERROR]   ❌ 達到最大重試次數，放棄 | dataset=TaiwanStockFinancialStatements id=6669
2026-05-26 10:12:33,125 [WARNING]   ⏳ API 頻率上限（第1次），等待 65 秒後重試... | id=6770
2026-05-26 10:13:38,352 [WARNING]   ⏳ API 頻率上限（第2次），等待 120 秒後重試... | id=6770
2026-05-26 10:15:38,711 [WARNING]   ⏳ API 頻率上限（第3次），等待 120 秒後重試... | id=6770
2026-05-26 10:17:39,066 [WARNING]   ⏳ API 頻率上限（第4次），等待 120 秒後重試... | id=6770
2026-05-26 10:19:39,474 [WARNING]   ⏳ API 頻率上限（第5次），等待 120 秒後重試... | id=6770
2026-05-26 10:21:39,637 [ERROR]   ❌ 達到最大重試次數，放棄 | dataset=TaiwanStockFinancialStatements id=6770
2026-05-26 10:21:40,591 [WARNING]   ⏳ API 頻率上限（第1次），等待 65 秒後重試... | id=6789
2026-05-26 10:22:45,825 [WARNING]   ⏳ API 頻率上限（第2次），等待 120 秒後重試... | id=6789
2026-05-26 10:24:46,115 [WARNING]   ⏳ API 頻率上限（第3次），等待 120 秒後重試... | id=6789
2026-05-26 10:26:46,389 [WARNING]   ⏳ API 頻率上限（第4次），等待 120 秒後重試... | id=6789
2026-05-26 10:28:46,691 [WARNING]   ⏳ API 頻率上限（第5次），等待 120 秒後重試... | id=6789
2026-05-26 10:30:46,777 [ERROR]   ❌ 達到最大重試次數，放棄 | dataset=TaiwanStockFinancialStatements id=6789
2026-05-26 10:30:52,100 [INFO]   💾 已存：data\financials.csv（2998 筆）
2026-05-26 10:30:52,100 [INFO]   ✅ 第3批完成，存入 financials.csv
2026-05-26 10:30:52,100 [INFO]   ✅ 全部完成，共 5797 筆 financials 資料
2026-05-26 10:30:52,134 [INFO]   💾 已存：data\financials.csv（2998 筆）
2026-05-26 10:30:52,134 [INFO] 🔮 抓取期貨法人未平倉...
2026-05-26 10:30:52,275 [INFO]   ✅ TX：90 筆
2026-05-26 10:30:53,233 [INFO]   ✅ MTX：90 筆
2026-05-26 10:30:54,246 [INFO]   ✅ MTX每日：690 筆
2026-05-26 10:30:55,062 [INFO]   💾 已存：data\futures_TX.csv（90 筆）
2026-05-26 10:30:55,068 [INFO]   💾 已存：data\futures_MTX.csv（90 筆）
2026-05-26 10:30:55,075 [INFO]   💾 已存：data\futures_MTX_daily.csv（690 筆）
2026-05-26 10:30:55,075 [INFO] 💹 用 yfinance 補充基本財務（407 檔）...
2026-05-26 10:31:01,651 [ERROR] HTTP Error 404: 
2026-05-26 10:31:02,393 [ERROR] HTTP Error 404: 
2026-05-26 10:31:09,811 [ERROR] HTTP Error 404: 
2026-05-26 10:31:10,570 [ERROR] HTTP Error 404: 
2026-05-26 10:31:17,723 [ERROR] HTTP Error 404: 
2026-05-26 10:31:24,858 [ERROR] HTTP Error 404: 
2026-05-26 10:31:26,991 [ERROR] HTTP Error 404: 
2026-05-26 10:31:28,480 [ERROR] HTTP Error 404: 
2026-05-26 10:31:29,709 [ERROR] HTTP Error 404: 
2026-05-26 10:31:32,011 [ERROR] HTTP Error 404: 
2026-05-26 10:31:35,742 [ERROR] HTTP Error 404: 
2026-05-26 10:31:36,588 [ERROR] HTTP Error 404: 
2026-05-26 10:31:37,159 [ERROR] HTTP Error 404: 
2026-05-26 10:31:43,894 [ERROR] HTTP Error 404: 
2026-05-26 10:31:45,164 [ERROR] HTTP Error 404: 
2026-05-26 10:31:46,645 [ERROR] HTTP Error 404: 
2026-05-26 10:31:48,247 [ERROR] HTTP Error 404: 
2026-05-26 10:31:48,779 [ERROR] HTTP Error 404: 
2026-05-26 10:31:54,528 [ERROR] HTTP Error 404: 
2026-05-26 10:31:55,860 [ERROR] HTTP Error 404: 
2026-05-26 10:31:57,042 [ERROR] HTTP Error 404: 
2026-05-26 10:31:57,958 [ERROR] HTTP Error 404: 
2026-05-26 10:32:13,093 [ERROR] HTTP Error 404: 
2026-05-26 10:32:26,555 [ERROR] HTTP Error 404: 
2026-05-26 10:32:28,097 [ERROR] HTTP Error 404: 
2026-05-26 10:32:28,924 [ERROR] HTTP Error 404: 
2026-05-26 10:32:33,994 [ERROR] HTTP Error 404: 
2026-05-26 10:32:40,780 [ERROR] HTTP Error 404: 
2026-05-26 10:32:41,708 [ERROR] HTTP Error 404: 
2026-05-26 10:32:42,562 [ERROR] HTTP Error 404: 
2026-05-26 10:32:43,527 [ERROR] HTTP Error 404: 
2026-05-26 10:32:44,467 [ERROR] HTTP Error 404: 
2026-05-26 10:32:46,027 [ERROR] HTTP Error 404: 
2026-05-26 10:32:47,292 [ERROR] HTTP Error 404: 
2026-05-26 10:32:48,026 [ERROR] HTTP Error 404: 
2026-05-26 10:32:50,672 [ERROR] HTTP Error 404: 
2026-05-26 10:32:51,671 [ERROR] HTTP Error 404: 
2026-05-26 10:32:52,193 [ERROR] HTTP Error 404: 
2026-05-26 10:32:53,041 [ERROR] HTTP Error 404: 
2026-05-26 10:32:57,759 [ERROR] HTTP Error 404: 
2026-05-26 10:32:58,678 [ERROR] HTTP Error 404: 
2026-05-26 10:33:03,232 [ERROR] HTTP Error 404: 
2026-05-26 10:33:03,804 [ERROR] HTTP Error 404: 
2026-05-26 10:33:08,874 [ERROR] HTTP Error 404: 
2026-05-26 10:33:09,746 [ERROR] HTTP Error 404: 
2026-05-26 10:33:26,740 [ERROR] HTTP Error 404: 
2026-05-26 10:33:28,250 [ERROR] HTTP Error 404: 
2026-05-26 10:33:29,443 [ERROR] HTTP Error 404: 
2026-05-26 10:33:30,919 [ERROR] HTTP Error 404: 
2026-05-26 10:33:32,157 [ERROR] HTTP Error 404: 
2026-05-26 10:33:33,707 [ERROR] HTTP Error 404: 
2026-05-26 10:33:35,000 [ERROR] HTTP Error 404: 
2026-05-26 10:33:39,529 [ERROR] HTTP Error 404: 
2026-05-26 10:33:42,309 [ERROR] HTTP Error 404: 
2026-05-26 10:33:44,386 [ERROR] HTTP Error 404: 
2026-05-26 10:33:45,983 [ERROR] HTTP Error 404: 
2026-05-26 10:33:48,569 [ERROR] HTTP Error 404: 
2026-05-26 10:33:49,515 [ERROR] HTTP Error 404: 
2026-05-26 10:33:50,562 [ERROR] HTTP Error 404: 
2026-05-26 10:33:51,976 [ERROR] HTTP Error 404: 
2026-05-26 10:33:52,927 [ERROR] HTTP Error 404: 
2026-05-26 10:33:53,895 [ERROR] HTTP Error 404: 
2026-05-26 10:33:55,175 [ERROR] HTTP Error 404: 
2026-05-26 10:33:56,170 [ERROR] HTTP Error 404: 
2026-05-26 10:33:58,075 [ERROR] HTTP Error 404: 
2026-05-26 10:33:59,352 [ERROR] HTTP Error 404: 
2026-05-26 10:34:00,375 [ERROR] HTTP Error 404: 
2026-05-26 10:34:01,857 [ERROR] HTTP Error 404: 
2026-05-26 10:34:02,916 [ERROR] HTTP Error 404: 
2026-05-26 10:34:03,761 [ERROR] HTTP Error 404: 
2026-05-26 10:34:04,726 [ERROR] HTTP Error 404: 
2026-05-26 10:34:05,577 [ERROR] HTTP Error 404: 
2026-05-26 10:34:06,561 [ERROR] HTTP Error 404: 
2026-05-26 10:34:07,613 [ERROR] HTTP Error 404: 
2026-05-26 10:34:08,676 [ERROR] HTTP Error 404: 
2026-05-26 10:34:09,758 [ERROR] HTTP Error 404: 
2026-05-26 10:34:10,382 [ERROR] HTTP Error 404: 
2026-05-26 10:34:11,036 [ERROR] HTTP Error 404: 
2026-05-26 10:34:14,858 [ERROR] HTTP Error 404: 
2026-05-26 10:34:16,109 [ERROR] HTTP Error 404: 
2026-05-26 10:34:17,440 [ERROR] HTTP Error 404: 
2026-05-26 10:34:18,287 [ERROR] HTTP Error 404: 
2026-05-26 10:34:19,166 [ERROR] HTTP Error 404: 
2026-05-26 10:34:19,890 [ERROR] HTTP Error 404: 
2026-05-26 10:34:20,646 [ERROR] HTTP Error 404: 
2026-05-26 10:34:21,494 [ERROR] HTTP Error 404: 
2026-05-26 10:34:22,614 [ERROR] HTTP Error 404: 
2026-05-26 10:34:25,201 [ERROR] HTTP Error 404: 
2026-05-26 10:34:27,659 [ERROR] HTTP Error 404: 
2026-05-26 10:34:30,284 [ERROR] HTTP Error 404: 
2026-05-26 10:34:31,861 [ERROR] HTTP Error 404: 
2026-05-26 10:34:32,960 [ERROR] HTTP Error 404: 
2026-05-26 10:34:34,460 [ERROR] HTTP Error 404: 
2026-05-26 10:34:35,420 [ERROR] HTTP Error 404: 
2026-05-26 10:34:36,841 [ERROR] HTTP Error 404: 
2026-05-26 10:34:38,344 [ERROR] HTTP Error 404: 
2026-05-26 10:34:40,013 [ERROR] HTTP Error 404: 
2026-05-26 10:34:41,208 [ERROR] HTTP Error 404: 
2026-05-26 10:34:42,730 [ERROR] HTTP Error 404: 
2026-05-26 10:34:44,332 [ERROR] HTTP Error 404: 
2026-05-26 10:34:48,918 [ERROR] HTTP Error 404: 
2026-05-26 10:34:49,829 [ERROR] HTTP Error 404: 
2026-05-26 10:34:51,577 [ERROR] HTTP Error 404: 
2026-05-26 10:34:52,837 [ERROR] HTTP Error 404: 
2026-05-26 10:34:54,160 [ERROR] HTTP Error 404: 
2026-05-26 10:34:55,478 [ERROR] HTTP Error 404: 
2026-05-26 10:34:57,703 [ERROR] HTTP Error 404: 
2026-05-26 10:34:59,013 [ERROR] HTTP Error 404: 
2026-05-26 10:35:00,101 [INFO]   ✅ 共 379 檔基本財務
2026-05-26 10:35:00,114 [INFO]   💾 已存：data\price_basic.csv（379 筆）
2026-05-26 10:35:00,114 [INFO]   💾 已存：data\last_update.csv（1 筆）
2026-05-26 10:35:00,114 [INFO] =======================================================
2026-05-26 10:35:00,114 [INFO] ✅ 完成！成功模組：6/6
2026-05-26 10:35:00,114 [INFO] 📁 資料已存至：C:\Users\REX\Documents\taiwan-stock-dashboard\data
2026-05-26 10:35:00,114 [INFO] ℹ️ 跳過 GitHub 推送（--no-push）
2026-05-26 10:35:00,114 [INFO] =======================================================
2026-05-26 16:50:06,166 [INFO] ============================================================
2026-05-26 16:50:06,166 [INFO] 台股量化資料爬蟲 v3 ── 2026-05-26
2026-05-26 16:50:06,166 [INFO] Token: 未設定（免費版）
2026-05-26 16:50:06,166 [INFO] 模式: 每日更新
2026-05-26 16:50:06,166 [INFO] ============================================================
2026-05-26 16:50:06,166 [INFO] 股票清單: 408 檔
2026-05-26 16:50:06,199 [INFO] 個股K線: 5天（智慧增量更新）
2026-05-26 16:50:07,015 [INFO] 📉 個股日線K線（408檔，5天）...
2026-05-26 16:50:16,486 [ERROR] HTTP Error 404: 
2026-05-26 16:50:16,631 [ERROR] 
1 Failed download:
2026-05-26 16:50:16,631 [ERROR] ['1230.TW']: YFTzMissingError('possibly delisted; no timezone found')
2026-05-26 16:50:17,802 [ERROR] HTTP Error 404: 
2026-05-26 16:50:17,943 [ERROR] 
1 Failed download:
2026-05-26 16:50:17,943 [ERROR] ['1230.TWO']: YFTzMissingError('possibly delisted; no timezone found')
2026-05-26 16:50:30,083 [ERROR] 
1 Failed download:
2026-05-26 16:50:30,083 [ERROR] ['1317.TW']: YFTzMissingError('possibly delisted; no timezone found')
2026-05-26 16:50:30,615 [ERROR] 
1 Failed download:
2026-05-26 16:50:30,615 [ERROR] ['1317.TWO']: YFTzMissingError('possibly delisted; no timezone found')
2026-05-26 16:50:38,943 [ERROR] 
1 Failed download:
2026-05-26 16:50:38,943 [ERROR] ['1520.TW']: YFPricesMissingError('possibly delisted; no price data found  (1d 2026-05-21 -> 2026-05-26)')
2026-05-26 16:50:39,584 [ERROR] 
1 Failed download:
2026-05-26 16:50:39,584 [ERROR] ['1520.TWO']: YFTzMissingError('possibly delisted; no timezone found')
2026-05-26 16:50:51,393 [ERROR] 
1 Failed download:
2026-05-26 16:50:51,393 [ERROR] ['1580.TW']: YFTzMissingError('possibly delisted; no timezone found')
2026-05-26 16:50:54,016 [ERROR] 
1 Failed download:
2026-05-26 16:50:54,016 [ERROR] ['1584.TW']: YFTzMissingError('possibly delisted; no timezone found')
2026-05-26 16:50:55,516 [ERROR] 
1 Failed download:
2026-05-26 16:50:55,517 [ERROR] ['1585.TW']: YFTzMissingError('possibly delisted; no timezone found')
2026-05-26 16:50:56,293 [ERROR] 
1 Failed download:
2026-05-26 16:50:56,293 [ERROR] ['1585.TWO']: YFTzMissingError('possibly delisted; no timezone found')
2026-05-26 16:50:57,193 [ERROR] 
1 Failed download:
2026-05-26 16:50:57,193 [ERROR] ['1586.TW']: YFTzMissingError('possibly delisted; no timezone found')
2026-05-26 16:50:59,776 [ERROR] 
1 Failed download:
2026-05-26 16:50:59,776 [ERROR] ['1591.TW']: YFTzMissingError('possibly delisted; no timezone found')
2026-05-26 16:51:04,482 [ERROR] 
1 Failed download:
2026-05-26 16:51:04,482 [ERROR] ['1701.TW']: YFTzMissingError('possibly delisted; no timezone found')
2026-05-26 16:51:05,061 [ERROR] 
1 Failed download:
2026-05-26 16:51:05,067 [ERROR] ['1701.TWO']: YFTzMissingError('possibly delisted; no timezone found')
2026-05-26 16:51:06,009 [ERROR] 
1 Failed download:
2026-05-26 16:51:06,009 [ERROR] ['1703.TW']: YFTzMissingError('possibly delisted; no timezone found')
2026-05-26 16:51:06,993 [ERROR] 
1 Failed download:
2026-05-26 16:51:06,993 [ERROR] ['1703.TWO']: YFTzMissingError('possibly delisted; no timezone found')
2026-05-26 16:51:16,111 [ERROR] 
1 Failed download:
2026-05-26 16:51:16,111 [ERROR] ['1777.TW']: YFTzMissingError('possibly delisted; no timezone found')
2026-05-26 16:51:17,183 [ERROR] 
1 Failed download:
2026-05-26 16:51:17,183 [ERROR] ['1784.TW']: YFTzMissingError('possibly delisted; no timezone found')
2026-05-26 16:51:19,332 [ERROR] 
1 Failed download:
2026-05-26 16:51:19,332 [ERROR] ['1788.TW']: YFTzMissingError('possibly delisted; no timezone found')
2026-05-26 16:51:21,082 [ERROR] 
1 Failed download:
2026-05-26 16:51:21,082 [ERROR] ['1790.TW']: YFTzMissingError('possibly delisted; no timezone found')
2026-05-26 16:51:21,943 [ERROR] 
1 Failed download:
2026-05-26 16:51:21,943 [ERROR] ['1790.TWO']: YFTzMissingError('possibly delisted; no timezone found')
2026-05-26 16:51:22,784 [INFO] ============================================================
2026-05-26 16:51:22,784 [INFO] 台股量化資料爬蟲 v3 ── 2026-05-26
2026-05-26 16:51:22,784 [INFO] Token: 未設定（免費版）
2026-05-26 16:51:22,784 [INFO] 模式: 每日更新
2026-05-26 16:51:22,784 [INFO] ============================================================
2026-05-26 16:51:22,784 [INFO] 股票清單: 408 檔
2026-05-26 16:51:22,827 [INFO] 大戶持股起始: 2026-04-26
2026-05-26 16:51:22,827 [INFO] 🏦 大戶持股結構（408檔）...
2026-05-26 16:51:22,860 [INFO]   共 408 檔，分 1 批（每批 999 檔）
2026-05-26 16:51:22,860 [INFO]   ── 第 1/1 批（1101～8210）
2026-05-26 16:51:23,034 [WARNING]   API異常：Your level is free. Please update your user level. Detail information:https://finmindtrade.com/analysis/#/Sponsor/sponsor | TaiwanStockHoldingSharesPer id=1101
2026-05-26 16:51:23,984 [WARNING]   API異常：Your level is free. Please update your user level. Detail information:https://finmindtrade.com/analysis/#/Sponsor/sponsor | TaiwanStockHoldingSharesPer id=1102
2026-05-26 16:51:24,926 [WARNING]   API異常：Your level is free. Please update your user level. Detail information:https://finmindtrade.com/analysis/#/Sponsor/sponsor | TaiwanStockHoldingSharesPer id=1210
2026-05-26 16:51:25,878 [WARNING]   API異常：Your level is free. Please update your user level. Detail information:https://finmindtrade.com/analysis/#/Sponsor/sponsor | TaiwanStockHoldingSharesPer id=1215
2026-05-26 16:51:26,800 [WARNING]   API異常：Your level is free. Please update your user level. Detail information:https://finmindtrade.com/analysis/#/Sponsor/sponsor | TaiwanStockHoldingSharesPer id=1216
2026-05-26 16:51:27,748 [WARNING]   API異常：Your level is free. Please update your user level. Detail information:https://finmindtrade.com/analysis/#/Sponsor/sponsor | TaiwanStockHoldingSharesPer id=1217
2026-05-26 16:51:28,687 [WARNING]   API異常：Your level is free. Please update your user level. Detail information:https://finmindtrade.com/analysis/#/Sponsor/sponsor | TaiwanStockHoldingSharesPer id=1218
2026-05-26 16:51:29,629 [WARNING]   API異常：Your level is free. Please update your user level. Detail information:https://finmindtrade.com/analysis/#/Sponsor/sponsor | TaiwanStockHoldingSharesPer id=1219
2026-05-26 16:51:30,573 [WARNING]   API異常：Your level is free. Please update your user level. Detail information:https://finmindtrade.com/analysis/#/Sponsor/sponsor | TaiwanStockHoldingSharesPer id=1225
2026-05-26 16:51:30,613 [ERROR] 
1 Failed download:
2026-05-26 16:51:30,613 [ERROR] ['2061.TW']: YFTzMissingError('possibly delisted; no timezone found')
2026-05-26 16:51:31,517 [WARNING]   API異常：Your level is free. Please update your user level. Detail information:https://finmindtrade.com/analysis/#/Sponsor/sponsor | TaiwanStockHoldingSharesPer id=1227
2026-05-26 16:51:32,426 [ERROR] 
1 Failed download:
2026-05-26 16:51:32,434 [ERROR] ['2063.TW']: YFTzMissingError('possibly delisted; no timezone found')
2026-05-26 16:51:32,479 [WARNING]   API異常：Your level is free. Please update your user level. Detail information:https://finmindtrade.com/analysis/#/Sponsor/sponsor | TaiwanStockHoldingSharesPer id=1229
2026-05-26 16:51:33,434 [WARNING]   API異常：Your level is free. Please update your user level. Detail information:https://finmindtrade.com/analysis/#/Sponsor/sponsor | TaiwanStockHoldingSharesPer id=1230
2026-05-26 16:51:33,984 [ERROR] 
1 Failed download:
2026-05-26 16:51:33,989 [ERROR] ['2064.TW']: YFTzMissingError('possibly delisted; no timezone found')
2026-05-26 16:51:34,383 [WARNING]   API異常：Your level is free. Please update your user level. Detail information:https://finmindtrade.com/analysis/#/Sponsor/sponsor | TaiwanStockHoldingSharesPer id=1232
2026-05-26 16:51:35,176 [ERROR] 
1 Failed download:
2026-05-26 16:51:35,176 [ERROR] ['2065.TW']: YFTzMissingError('possibly delisted; no timezone found')
2026-05-26 16:51:35,318 [WARNING]   API異常：Your level is free. Please update your user level. Detail information:https://finmindtrade.com/analysis/#/Sponsor/sponsor | TaiwanStockHoldingSharesPer id=1233
2026-05-26 16:51:36,290 [WARNING]   API異常：Your level is free. Please update your user level. Detail information:https://finmindtrade.com/analysis/#/Sponsor/sponsor | TaiwanStockHoldingSharesPer id=1234
2026-05-26 16:51:37,250 [WARNING]   API異常：Your level is free. Please update your user level. Detail information:https://finmindtrade.com/analysis/#/Sponsor/sponsor | TaiwanStockHoldingSharesPer id=1236
2026-05-26 16:51:38,210 [WARNING]   API異常：Your level is free. Please update your user level. Detail information:https://finmindtrade.com/analysis/#/Sponsor/sponsor | TaiwanStockHoldingSharesPer id=1256
2026-05-26 16:51:39,160 [WARNING]   API異常：Your level is free. Please update your user level. Detail information:https://finmindtrade.com/analysis/#/Sponsor/sponsor | TaiwanStockHoldingSharesPer id=1301
2026-05-26 16:51:40,110 [WARNING]   API異常：Your level is free. Please update your user level. Detail information:https://finmindtrade.com/analysis/#/Sponsor/sponsor | TaiwanStockHoldingSharesPer id=1303
2026-05-26 16:51:41,077 [WARNING]   API異常：Your level is free. Please update your user level. Detail information:https://finmindtrade.com/analysis/#/Sponsor/sponsor | TaiwanStockHoldingSharesPer id=1304
2026-05-26 16:51:42,026 [WARNING]   API異常：Your level is free. Please update your user level. Detail information:https://finmindtrade.com/analysis/#/Sponsor/sponsor | TaiwanStockHoldingSharesPer id=1305
2026-05-26 16:51:42,894 [ERROR] 
1 Failed download:
2026-05-26 16:51:42,894 [ERROR] ['2325.TW']: YFPricesMissingError('possibly delisted; no price data found  (1d 2026-05-21 -> 2026-05-26)')
2026-05-26 16:51:42,978 [WARNING]   API異常：Your level is free. Please update your user level. Detail information:https://finmindtrade.com/analysis/#/Sponsor/sponsor | TaiwanStockHoldingSharesPer id=1307
2026-05-26 16:51:43,493 [ERROR] 
1 Failed download:
2026-05-26 16:51:43,494 [ERROR] ['2325.TWO']: YFTzMissingError('possibly delisted; no timezone found')
2026-05-26 16:51:43,943 [WARNING]   API異常：Your level is free. Please update your user level. Detail information:https://finmindtrade.com/analysis/#/Sponsor/sponsor | TaiwanStockHoldingSharesPer id=1308
2026-05-26 16:51:44,883 [WARNING]   API異常：Your level is free. Please update your user level. Detail information:https://finmindtrade.com/analysis/#/Sponsor/sponsor | TaiwanStockHoldingSharesPer id=1309
2026-05-26 16:51:45,859 [WARNING]   API異常：Your level is free. Please update your user level. Detail information:https://finmindtrade.com/analysis/#/Sponsor/sponsor | TaiwanStockHoldingSharesPer id=1310
2026-05-26 16:51:46,802 [WARNING]   API異常：Your level is free. Please update your user level. Detail information:https://finmindtrade.com/analysis/#/Sponsor/sponsor | TaiwanStockHoldingSharesPer id=1312
2026-05-26 16:51:47,757 [WARNING]   API異常：Your level is free. Please update your user level. Detail information:https://finmindtrade.com/analysis/#/Sponsor/sponsor | TaiwanStockHoldingSharesPer id=1313
2026-05-26 16:51:48,712 [WARNING]   API異常：Your level is free. Please update your user level. Detail information:https://finmindtrade.com/analysis/#/Sponsor/sponsor | TaiwanStockHoldingSharesPer id=1314
2026-05-26 16:51:49,644 [WARNING]   API異常：Your level is free. Please update your user level. Detail information:https://finmindtrade.com/analysis/#/Sponsor/sponsor | TaiwanStockHoldingSharesPer id=1317
2026-05-26 16:51:50,589 [WARNING]   API異常：Your level is free. Please update your user level. Detail information:https://finmindtrade.com/analysis/#/Sponsor/sponsor | TaiwanStockHoldingSharesPer id=1319
2026-05-26 16:51:51,529 [WARNING]   API異常：Your level is free. Please update your user level. Detail information:https://finmindtrade.com/analysis/#/Sponsor/sponsor | TaiwanStockHoldingSharesPer id=1321
2026-05-26 16:51:52,477 [WARNING]   API異常：Your level is free. Please update your user level. Detail information:https://finmindtrade.com/analysis/#/Sponsor/sponsor | TaiwanStockHoldingSharesPer id=1326
2026-05-26 16:51:53,435 [WARNING]   API異常：Your level is free. Please update your user level. Detail information:https://finmindtrade.com/analysis/#/Sponsor/sponsor | TaiwanStockHoldingSharesPer id=1402
2026-05-26 16:51:54,384 [WARNING]   API異常：Your level is free. Please update your user level. Detail information:https://finmindtrade.com/analysis/#/Sponsor/sponsor | TaiwanStockHoldingSharesPer id=1466
2026-05-26 16:51:55,334 [WARNING]   API異常：Your level is free. Please update your user level. Detail information:https://finmindtrade.com/analysis/#/Sponsor/sponsor | TaiwanStockHoldingSharesPer id=1477
2026-05-26 16:51:56,300 [WARNING]   API異常：Your level is free. Please update your user level. Detail information:https://finmindtrade.com/analysis/#/Sponsor/sponsor | TaiwanStockHoldingSharesPer id=1504
2026-05-26 16:51:57,247 [WARNING]   API異常：Your level is free. Please update your user level. Detail information:https://finmindtrade.com/analysis/#/Sponsor/sponsor | TaiwanStockHoldingSharesPer id=1513
2026-05-26 16:51:58,109 [ERROR] 
1 Failed download:
2026-05-26 16:51:58,109 [ERROR] ['2384.TW']: YFPricesMissingError('possibly delisted; no price data found  (1d 2026-05-21 -> 2026-05-26)')
2026-05-26 16:51:58,183 [WARNING]   API異常：Your level is free. Please update your user level. Detail information:https://finmindtrade.com/analysis/#/Sponsor/sponsor | TaiwanStockHoldingSharesPer id=1514
2026-05-26 16:51:58,727 [ERROR] 
1 Failed download:
2026-05-26 16:51:58,727 [ERROR] ['2384.TWO']: YFTzMissingError('possibly delisted; no timezone found')
2026-05-26 16:51:59,133 [WARNING]   API異常：Your level is free. Please update your user level. Detail information:https://finmindtrade.com/analysis/#/Sponsor/sponsor | TaiwanStockHoldingSharesPer id=1515
2026-05-26 16:52:00,066 [WARNING]   API異常：Your level is free. Please update your user level. Detail information:https://finmindtrade.com/analysis/#/Sponsor/sponsor | TaiwanStockHoldingSharesPer id=1516
2026-05-26 16:52:01,000 [WARNING]   API異常：Your level is free. Please update your user level. Detail information:https://finmindtrade.com/analysis/#/Sponsor/sponsor | TaiwanStockHoldingSharesPer id=1519
2026-05-26 16:52:01,943 [WARNING]   API異常：Your level is free. Please update your user level. Detail information:https://finmindtrade.com/analysis/#/Sponsor/sponsor | TaiwanStockHoldingSharesPer id=1520
2026-05-26 16:52:02,893 [WARNING]   API異常：Your level is free. Please update your user level. Detail information:https://finmindtrade.com/analysis/#/Sponsor/sponsor | TaiwanStockHoldingSharesPer id=1521
2026-05-26 16:52:03,826 [WARNING]   API異常：Your level is free. Please update your user level. Detail information:https://finmindtrade.com/analysis/#/Sponsor/sponsor | TaiwanStockHoldingSharesPer id=1522
2026-05-26 16:52:04,796 [WARNING]   API異常：Your level is free. Please update your user level. Detail information:https://finmindtrade.com/analysis/#/Sponsor/sponsor | TaiwanStockHoldingSharesPer id=1524
2026-05-26 16:52:05,747 [WARNING]   API異常：Your level is free. Please update your user level. Detail information:https://finmindtrade.com/analysis/#/Sponsor/sponsor | TaiwanStockHoldingSharesPer id=1525
2026-05-26 16:52:06,699 [WARNING]   API異常：Your level is free. Please update your user level. Detail information:https://finmindtrade.com/analysis/#/Sponsor/sponsor | TaiwanStockHoldingSharesPer id=1526
2026-05-26 16:52:07,662 [WARNING]   API異常：Your level is free. Please update your user level. Detail information:https://finmindtrade.com/analysis/#/Sponsor/sponsor | TaiwanStockHoldingSharesPer id=1527
2026-05-26 16:52:08,635 [WARNING]   API異常：Your level is free. Please update your user level. Detail information:https://finmindtrade.com/analysis/#/Sponsor/sponsor | TaiwanStockHoldingSharesPer id=1528
2026-05-26 16:52:09,577 [WARNING]   API異常：Your level is free. Please update your user level. Detail information:https://finmindtrade.com/analysis/#/Sponsor/sponsor | TaiwanStockHoldingSharesPer id=1529
2026-05-26 16:52:10,510 [WARNING]   API異常：Your level is free. Please update your user level. Detail information:https://finmindtrade.com/analysis/#/Sponsor/sponsor | TaiwanStockHoldingSharesPer id=1530
2026-05-26 16:52:11,459 [WARNING]   API異常：Your level is free. Please update your user level. Detail information:https://finmindtrade.com/analysis/#/Sponsor/sponsor | TaiwanStockHoldingSharesPer id=1531
2026-05-26 16:52:12,408 [WARNING]   API異常：Your level is free. Please update your user level. Detail information:https://finmindtrade.com/analysis/#/Sponsor/sponsor | TaiwanStockHoldingSharesPer id=1532
2026-05-26 16:52:13,347 [WARNING]   API異常：Your level is free. Please update your user level. Detail information:https://finmindtrade.com/analysis/#/Sponsor/sponsor | TaiwanStockHoldingSharesPer id=1533
2026-05-26 16:52:14,093 [ERROR] 
1 Failed download:
2026-05-26 16:52:14,093 [ERROR] ['2475.TW']: YFTzMissingError('possibly delisted; no timezone found')
2026-05-26 16:52:14,285 [WARNING]   API異常：Your level is free. Please update your user level. Detail information:https://finmindtrade.com/analysis/#/Sponsor/sponsor | TaiwanStockHoldingSharesPer id=1535
2026-05-26 16:52:14,533 [ERROR] 
1 Failed download:
2026-05-26 16:52:14,533 [ERROR] ['2475.TWO']: YFTzMissingError('possibly delisted; no timezone found')
2026-05-26 16:52:15,234 [WARNING]   API異常：Your level is free. Please update your user level. Detail information:https://finmindtrade.com/analysis/#/Sponsor/sponsor | TaiwanStockHoldingSharesPer id=1536
2026-05-26 16:52:16,176 [WARNING]   API異常：Your level is free. Please update your user level. Detail information:https://finmindtrade.com/analysis/#/Sponsor/sponsor | TaiwanStockHoldingSharesPer id=1537
2026-05-26 16:52:16,693 [ERROR] 
1 Failed download:
2026-05-26 16:52:16,693 [ERROR] ['2502.TW']: YFTzMissingError('possibly delisted; no timezone found')
2026-05-26 16:52:17,122 [WARNING]   API異常：Your level is free. Please update your user level. Detail information:https://finmindtrade.com/analysis/#/Sponsor/sponsor | TaiwanStockHoldingSharesPer id=1560
2026-05-26 16:52:17,284 [ERROR] 
1 Failed download:
2026-05-26 16:52:17,284 [ERROR] ['2502.TWO']: YFTzMissingError('possibly delisted; no timezone found')
2026-05-26 16:52:18,067 [WARNING]   API異常：Your level is free. Please update your user level. Detail information:https://finmindtrade.com/analysis/#/Sponsor/sponsor | TaiwanStockHoldingSharesPer id=1580
2026-05-26 16:52:19,015 [WARNING]   API異常：Your level is free. Please update your user level. Detail information:https://finmindtrade.com/analysis/#/Sponsor/sponsor | TaiwanStockHoldingSharesPer id=1582
2026-05-26 16:52:19,967 [WARNING]   API異常：Your level is free. Please update your user level. Detail information:https://finmindtrade.com/analysis/#/Sponsor/sponsor | TaiwanStockHoldingSharesPer id=1583
2026-05-26 16:52:20,898 [WARNING]   API異常：Your level is free. Please update your user level. Detail information:https://finmindtrade.com/analysis/#/Sponsor/sponsor | TaiwanStockHoldingSharesPer id=1584
2026-05-26 16:52:21,838 [WARNING]   API異常：Your level is free. Please update your user level. Detail information:https://finmindtrade.com/analysis/#/Sponsor/sponsor | TaiwanStockHoldingSharesPer id=1585
2026-05-26 16:52:22,795 [WARNING]   API異常：Your level is free. Please update your user level. Detail information:https://finmindtrade.com/analysis/#/Sponsor/sponsor | TaiwanStockHoldingSharesPer id=1586
2026-05-26 16:52:23,761 [WARNING]   API異常：Your level is free. Please update your user level. Detail information:https://finmindtrade.com/analysis/#/Sponsor/sponsor | TaiwanStockHoldingSharesPer id=1589
2026-05-26 16:52:24,293 [ERROR] 
1 Failed download:
2026-05-26 16:52:24,293 [ERROR] ['2525.TW']: YFPricesMissingError('possibly delisted; no price data found  (1d 2026-05-21 -> 2026-05-26)')
2026-05-26 16:52:24,711 [WARNING]   API異常：Your level is free. Please update your user level. Detail information:https://finmindtrade.com/analysis/#/Sponsor/sponsor | TaiwanStockHoldingSharesPer id=1590
2026-05-26 16:52:24,879 [ERROR] 
1 Failed download:
2026-05-26 16:52:24,879 [ERROR] ['2525.TWO']: YFTzMissingError('possibly delisted; no timezone found')
2026-05-26 16:52:25,671 [WARNING]   API異常：Your level is free. Please update your user level. Detail information:https://finmindtrade.com/analysis/#/Sponsor/sponsor | TaiwanStockHoldingSharesPer id=1591
2026-05-26 16:52:26,609 [WARNING]   API異常：Your level is free. Please update your user level. Detail information:https://finmindtrade.com/analysis/#/Sponsor/sponsor | TaiwanStockHoldingSharesPer id=1603
2026-05-26 16:52:27,559 [WARNING]   API異常：Your level is free. Please update your user level. Detail information:https://finmindtrade.com/analysis/#/Sponsor/sponsor | TaiwanStockHoldingSharesPer id=1605
2026-05-26 16:52:28,494 [WARNING]   API異常：Your level is free. Please update your user level. Detail information:https://finmindtrade.com/analysis/#/Sponsor/sponsor | TaiwanStockHoldingSharesPer id=1608
2026-05-26 16:52:29,474 [WARNING]   API異常：Your level is free. Please update your user level. Detail information:https://finmindtrade.com/analysis/#/Sponsor/sponsor | TaiwanStockHoldingSharesPer id=1609
2026-05-26 16:52:30,416 [WARNING]   API異常：Your level is free. Please update your user level. Detail information:https://finmindtrade.com/analysis/#/Sponsor/sponsor | TaiwanStockHoldingSharesPer id=1612
2026-05-26 16:52:31,345 [WARNING]   API異常：Your level is free. Please update your user level. Detail information:https://finmindtrade.com/analysis/#/Sponsor/sponsor | TaiwanStockHoldingSharesPer id=1701
2026-05-26 16:52:32,277 [WARNING]   API異常：Your level is free. Please update your user level. Detail information:https://finmindtrade.com/analysis/#/Sponsor/sponsor | TaiwanStockHoldingSharesPer id=1703
2026-05-26 16:52:33,219 [WARNING]   API異常：Your level is free. Please update your user level. Detail information:https://finmindtrade.com/analysis/#/Sponsor/sponsor | TaiwanStockHoldingSharesPer id=1710
2026-05-26 16:52:34,167 [WARNING]   API異常：Your level is free. Please update your user level. Detail information:https://finmindtrade.com/analysis/#/Sponsor/sponsor | TaiwanStockHoldingSharesPer id=1711
2026-05-26 16:52:35,127 [WARNING]   API異常：Your level is free. Please update your user level. Detail information:https://finmindtrade.com/analysis/#/Sponsor/sponsor | TaiwanStockHoldingSharesPer id=1712
2026-05-26 16:52:35,734 [ERROR] 
1 Failed download:
2026-05-26 16:52:35,734 [ERROR] ['2717.TW']: YFTzMissingError('possibly delisted; no timezone found')
2026-05-26 16:52:36,068 [WARNING]   API異常：Your level is free. Please update your user level. Detail information:https://finmindtrade.com/analysis/#/Sponsor/sponsor | TaiwanStockHoldingSharesPer id=1713
2026-05-26 16:52:36,327 [ERROR] 
1 Failed download:
2026-05-26 16:52:36,327 [ERROR] ['2717.TWO']: YFTzMissingError('possibly delisted; no timezone found')
2026-05-26 16:52:37,013 [WARNING]   API異常：Your level is free. Please update your user level. Detail information:https://finmindtrade.com/analysis/#/Sponsor/sponsor | TaiwanStockHoldingSharesPer id=1717
2026-05-26 16:52:37,251 [ERROR] 
1 Failed download:
2026-05-26 16:52:37,251 [ERROR] ['2718.TW']: YFTzMissingError('possibly delisted; no timezone found')
2026-05-26 16:52:37,951 [WARNING]   API異常：Your level is free. Please update your user level. Detail information:https://finmindtrade.com/analysis/#/Sponsor/sponsor | TaiwanStockHoldingSharesPer id=1718
2026-05-26 16:52:38,310 [ERROR] 
1 Failed download:
2026-05-26 16:52:38,316 [ERROR] ['2719.TW']: YFTzMissingError('possibly delisted; no timezone found')
2026-05-26 16:52:38,907 [WARNING]   API異常：Your level is free. Please update your user level. Detail information:https://finmindtrade.com/analysis/#/Sponsor/sponsor | TaiwanStockHoldingSharesPer id=1722
2026-05-26 16:52:39,594 [ERROR] 
1 Failed download:
2026-05-26 16:52:39,594 [ERROR] ['2720.TW']: YFTzMissingError('possibly delisted; no timezone found')
2026-05-26 16:52:39,867 [WARNING]   API異常：Your level is free. Please update your user level. Detail information:https://finmindtrade.com/analysis/#/Sponsor/sponsor | TaiwanStockHoldingSharesPer id=1723
2026-05-26 16:52:40,027 [ERROR] 
1 Failed download:
2026-05-26 16:52:40,027 [ERROR] ['2720.TWO']: YFTzMissingError('possibly delisted; no timezone found')
2026-05-26 16:52:40,812 [WARNING]   API異常：Your level is free. Please update your user level. Detail information:https://finmindtrade.com/analysis/#/Sponsor/sponsor | TaiwanStockHoldingSharesPer id=1725
2026-05-26 16:52:41,514 [ERROR] 
1 Failed download:
2026-05-26 16:52:41,520 [ERROR] ['2726.TW']: YFTzMissingError('possibly delisted; no timezone found')
2026-05-26 16:52:41,743 [WARNING]   API異常：Your level is free. Please update your user level. Detail information:https://finmindtrade.com/analysis/#/Sponsor/sponsor | TaiwanStockHoldingSharesPer id=1726
2026-05-26 16:52:42,702 [WARNING]   API異常：Your level is free. Please update your user level. Detail information:https://finmindtrade.com/analysis/#/Sponsor/sponsor | TaiwanStockHoldingSharesPer id=1733
2026-05-26 16:52:43,127 [ERROR] 
1 Failed download:
2026-05-26 16:52:43,133 [ERROR] ['2809.TW']: YFTzMissingError('possibly delisted; no timezone found')
2026-05-26 16:52:43,635 [WARNING]   API異常：Your level is free. Please update your user level. Detail information:https://finmindtrade.com/analysis/#/Sponsor/sponsor | TaiwanStockHoldingSharesPer id=1760
2026-05-26 16:52:43,751 [ERROR] 
1 Failed download:
2026-05-26 16:52:43,761 [ERROR] ['2809.TWO']: YFTzMissingError('possibly delisted; no timezone found')
2026-05-26 16:52:44,575 [WARNING]   API異常：Your level is free. Please update your user level. Detail information:https://finmindtrade.com/analysis/#/Sponsor/sponsor | TaiwanStockHoldingSharesPer id=1762
2026-05-26 16:52:45,523 [WARNING]   API異常：Your level is free. Please update your user level. Detail information:https://finmindtrade.com/analysis/#/Sponsor/sponsor | TaiwanStockHoldingSharesPer id=1777
2026-05-26 16:52:46,400 [ERROR] 
1 Failed download:
2026-05-26 16:52:46,400 [ERROR] ['2823.TW']: YFTzMissingError('possibly delisted; no timezone found')
2026-05-26 16:52:46,473 [WARNING]   API異常：Your level is free. Please update your user level. Detail information:https://finmindtrade.com/analysis/#/Sponsor/sponsor | TaiwanStockHoldingSharesPer id=1784
2026-05-26 16:52:46,876 [ERROR] 
1 Failed download:
2026-05-26 16:52:46,876 [ERROR] ['2823.TWO']: YFTzMissingError('possibly delisted; no timezone found')
2026-05-26 16:52:47,417 [WARNING]   API異常：Your level is free. Please update your user level. Detail information:https://finmindtrade.com/analysis/#/Sponsor/sponsor | TaiwanStockHoldingSharesPer id=1786
2026-05-26 16:52:47,767 [ERROR] 
1 Failed download:
2026-05-26 16:52:47,767 [ERROR] ['2824.TW']: YFTzMissingError('possibly delisted; no timezone found')
2026-05-26 16:52:48,217 [ERROR] 
1 Failed download:
2026-05-26 16:52:48,217 [ERROR] ['2824.TWO']: YFTzMissingError('possibly delisted; no timezone found')
2026-05-26 16:52:48,360 [WARNING]   API異常：Your level is free. Please update your user level. Detail information:https://finmindtrade.com/analysis/#/Sponsor/sponsor | TaiwanStockHoldingSharesPer id=1788
2026-05-26 16:52:48,877 [ERROR] 
1 Failed download:
2026-05-26 16:52:48,877 [ERROR] ['2826.TW']: YFPricesMissingError('possibly delisted; no price data found  (1d 2026-05-21 -> 2026-05-26)')
2026-05-26 16:52:49,301 [WARNING]   API異常：Your level is free. Please update your user level. Detail information:https://finmindtrade.com/analysis/#/Sponsor/sponsor | TaiwanStockHoldingSharesPer id=1789
2026-05-26 16:52:49,329 [ERROR] 
1 Failed download:
2026-05-26 16:52:49,329 [ERROR] ['2826.TWO']: YFTzMissingError('possibly delisted; no timezone found')
2026-05-26 16:52:50,251 [WARNING]   API異常：Your level is free. Please update your user level. Detail information:https://finmindtrade.com/analysis/#/Sponsor/sponsor | TaiwanStockHoldingSharesPer id=1790
2026-05-26 16:52:51,198 [WARNING]   API異常：Your level is free. Please update your user level. Detail information:https://finmindtrade.com/analysis/#/Sponsor/sponsor | TaiwanStockHoldingSharesPer id=2002
2026-05-26 16:52:52,145 [WARNING]   API異常：Your level is free. Please update your user level. Detail information:https://finmindtrade.com/analysis/#/Sponsor/sponsor | TaiwanStockHoldingSharesPer id=2006
2026-05-26 16:52:53,096 [WARNING]   API異常：Your level is free. Please update your user level. Detail information:https://finmindtrade.com/analysis/#/Sponsor/sponsor | TaiwanStockHoldingSharesPer id=2007
2026-05-26 16:52:54,038 [WARNING]   API異常：Your level is free. Please update your user level. Detail information:https://finmindtrade.com/analysis/#/Sponsor/sponsor | TaiwanStockHoldingSharesPer id=2008
2026-05-26 16:52:54,750 [ERROR] 
1 Failed download:
2026-05-26 16:52:54,750 [ERROR] ['2856.TW']: YFPricesMissingError('possibly delisted; no price data found  (1d 2026-05-21 -> 2026-05-26)')
2026-05-26 16:52:54,967 [WARNING]   API異常：Your level is free. Please update your user level. Detail information:https://finmindtrade.com/analysis/#/Sponsor/sponsor | TaiwanStockHoldingSharesPer id=2009
2026-05-26 16:52:55,229 [ERROR] 
1 Failed download:
2026-05-26 16:52:55,229 [ERROR] ['2856.TWO']: YFTzMissingError('possibly delisted; no timezone found')
2026-05-26 16:52:55,894 [WARNING]   API異常：Your level is free. Please update your user level. Detail information:https://finmindtrade.com/analysis/#/Sponsor/sponsor | TaiwanStockHoldingSharesPer id=2010
2026-05-26 16:52:56,278 [ERROR] 
1 Failed download:
2026-05-26 16:52:56,278 [ERROR] ['2860.TW']: YFTzMissingError('possibly delisted; no timezone found')
2026-05-26 16:52:56,836 [WARNING]   API異常：Your level is free. Please update your user level. Detail information:https://finmindtrade.com/analysis/#/Sponsor/sponsor | TaiwanStockHoldingSharesPer id=2012
2026-05-26 16:52:56,877 [ERROR] 
1 Failed download:
2026-05-26 16:52:56,877 [ERROR] ['2860.TWO']: YFTzMissingError('possibly delisted; no timezone found')
2026-05-26 16:52:57,797 [WARNING]   API異常：Your level is free. Please update your user level. Detail information:https://finmindtrade.com/analysis/#/Sponsor/sponsor | TaiwanStockHoldingSharesPer id=2013
2026-05-26 16:52:58,733 [WARNING]   API異常：Your level is free. Please update your user level. Detail information:https://finmindtrade.com/analysis/#/Sponsor/sponsor | TaiwanStockHoldingSharesPer id=2014
2026-05-26 16:52:59,673 [WARNING]   API異常：Your level is free. Please update your user level. Detail information:https://finmindtrade.com/analysis/#/Sponsor/sponsor | TaiwanStockHoldingSharesPer id=2015
2026-05-26 16:53:00,606 [WARNING]   API異常：Your level is free. Please update your user level. Detail information:https://finmindtrade.com/analysis/#/Sponsor/sponsor | TaiwanStockHoldingSharesPer id=2049
2026-05-26 16:53:01,549 [WARNING]   API異常：Your level is free. Please update your user level. Detail information:https://finmindtrade.com/analysis/#/Sponsor/sponsor | TaiwanStockHoldingSharesPer id=2059
2026-05-26 16:53:02,483 [WARNING]   API異常：Your level is free. Please update your user level. Detail information:https://finmindtrade.com/analysis/#/Sponsor/sponsor | TaiwanStockHoldingSharesPer id=2061
2026-05-26 16:53:03,435 [WARNING]   API異常：Your level is free. Please update your user level. Detail information:https://finmindtrade.com/analysis/#/Sponsor/sponsor | TaiwanStockHoldingSharesPer id=2062
2026-05-26 16:53:03,564 [ERROR] 
1 Failed download:
2026-05-26 16:53:03,564 [ERROR] ['2888.TW']: YFTzMissingError('possibly delisted; no timezone found')
2026-05-26 16:53:04,010 [ERROR] 
1 Failed download:
2026-05-26 16:53:04,010 [ERROR] ['2888.TWO']: YFTzMissingError('possibly delisted; no timezone found')
2026-05-26 16:53:04,384 [WARNING]   API異常：Your level is free. Please update your user level. Detail information:https://finmindtrade.com/analysis/#/Sponsor/sponsor | TaiwanStockHoldingSharesPer id=2063
2026-05-26 16:53:05,317 [WARNING]   API異常：Your level is free. Please update your user level. Detail information:https://finmindtrade.com/analysis/#/Sponsor/sponsor | TaiwanStockHoldingSharesPer id=2064
2026-05-26 16:53:06,255 [WARNING]   API異常：Your level is free. Please update your user level. Detail information:https://finmindtrade.com/analysis/#/Sponsor/sponsor | TaiwanStockHoldingSharesPer id=2065
2026-05-26 16:53:07,217 [WARNING]   API異常：Your level is free. Please update your user level. Detail information:https://finmindtrade.com/analysis/#/Sponsor/sponsor | TaiwanStockHoldingSharesPer id=2103
2026-05-26 16:53:08,151 [WARNING]   API異常：Your level is free. Please update your user level. Detail information:https://finmindtrade.com/analysis/#/Sponsor/sponsor | TaiwanStockHoldingSharesPer id=2201
2026-05-26 16:53:09,094 [WARNING]   API異常：Your level is free. Please update your user level. Detail information:https://finmindtrade.com/analysis/#/Sponsor/sponsor | TaiwanStockHoldingSharesPer id=2204
2026-05-26 16:53:10,050 [WARNING]   API異常：Your level is free. Please update your user level. Detail information:https://finmindtrade.com/analysis/#/Sponsor/sponsor | TaiwanStockHoldingSharesPer id=2207
2026-05-26 16:53:11,000 [WARNING]   API異常：Your level is free. Please update your user level. Detail information:https://finmindtrade.com/analysis/#/Sponsor/sponsor | TaiwanStockHoldingSharesPer id=2208
2026-05-26 16:53:11,587 [ERROR] 
1 Failed download:
2026-05-26 16:53:11,587 [ERROR] ['2914.TW']: YFTzMissingError('possibly delisted; no timezone found')
2026-05-26 16:53:11,945 [WARNING]   API異常：Your level is free. Please update your user level. Detail information:https://finmindtrade.com/analysis/#/Sponsor/sponsor | TaiwanStockHoldingSharesPer id=2301
2026-05-26 16:53:12,067 [ERROR] 
1 Failed download:
2026-05-26 16:53:12,067 [ERROR] ['2914.TWO']: YFTzMissingError('possibly delisted; no timezone found')
2026-05-26 16:53:12,883 [WARNING]   API異常：Your level is free. Please update your user level. Detail information:https://finmindtrade.com/analysis/#/Sponsor/sponsor | TaiwanStockHoldingSharesPer id=2303
2026-05-26 16:53:13,836 [WARNING]   API異常：Your level is free. Please update your user level. Detail information:https://finmindtrade.com/analysis/#/Sponsor/sponsor | TaiwanStockHoldingSharesPer id=2308
2026-05-26 16:53:14,784 [WARNING]   API異常：Your level is free. Please update your user level. Detail information:https://finmindtrade.com/analysis/#/Sponsor/sponsor | TaiwanStockHoldingSharesPer id=2317
2026-05-26 16:53:15,721 [WARNING]   API異常：Your level is free. Please update your user level. Detail information:https://finmindtrade.com/analysis/#/Sponsor/sponsor | TaiwanStockHoldingSharesPer id=2324
2026-05-26 16:53:16,653 [WARNING]   API異常：Your level is free. Please update your user level. Detail information:https://finmindtrade.com/analysis/#/Sponsor/sponsor | TaiwanStockHoldingSharesPer id=2325
2026-05-26 16:53:17,595 [WARNING]   API異常：Your level is free. Please update your user level. Detail information:https://finmindtrade.com/analysis/#/Sponsor/sponsor | TaiwanStockHoldingSharesPer id=2327
2026-05-26 16:53:18,548 [WARNING]   API異常：Your level is free. Please update your user level. Detail information:https://finmindtrade.com/analysis/#/Sponsor/sponsor | TaiwanStockHoldingSharesPer id=2329
2026-05-26 16:53:19,486 [WARNING]   API異常：Your level is free. Please update your user level. Detail information:https://finmindtrade.com/analysis/#/Sponsor/sponsor | TaiwanStockHoldingSharesPer id=2330
2026-05-26 16:53:20,434 [WARNING]   API異常：Your level is free. Please update your user level. Detail information:https://finmindtrade.com/analysis/#/Sponsor/sponsor | TaiwanStockHoldingSharesPer id=2332
2026-05-26 16:53:21,390 [WARNING]   API異常：Your level is free. Please update your user level. Detail information:https://finmindtrade.com/analysis/#/Sponsor/sponsor | TaiwanStockHoldingSharesPer id=2337
2026-05-26 16:53:22,335 [WARNING]   API異常：Your level is free. Please update your user level. Detail information:https://finmindtrade.com/analysis/#/Sponsor/sponsor | TaiwanStockHoldingSharesPer id=2340
2026-05-26 16:53:23,298 [WARNING]   API異常：Your level is free. Please update your user level. Detail information:https://finmindtrade.com/analysis/#/Sponsor/sponsor | TaiwanStockHoldingSharesPer id=2344
2026-05-26 16:53:24,236 [WARNING]   API異常：Your level is free. Please update your user level. Detail information:https://finmindtrade.com/analysis/#/Sponsor/sponsor | TaiwanStockHoldingSharesPer id=2345
2026-05-26 16:53:25,179 [WARNING]   API異常：Your level is free. Please update your user level. Detail information:https://finmindtrade.com/analysis/#/Sponsor/sponsor | TaiwanStockHoldingSharesPer id=2348
2026-05-26 16:53:26,130 [WARNING]   API異常：Your level is free. Please update your user level. Detail information:https://finmindtrade.com/analysis/#/Sponsor/sponsor | TaiwanStockHoldingSharesPer id=2351
2026-05-26 16:53:27,067 [WARNING]   API異常：Your level is free. Please update your user level. Detail information:https://finmindtrade.com/analysis/#/Sponsor/sponsor | TaiwanStockHoldingSharesPer id=2353
2026-05-26 16:53:28,011 [WARNING]   API異常：Your level is free. Please update your user level. Detail information:https://finmindtrade.com/analysis/#/Sponsor/sponsor | TaiwanStockHoldingSharesPer id=2354
2026-05-26 16:53:28,946 [WARNING]   API異常：Your level is free. Please update your user level. Detail information:https://finmindtrade.com/analysis/#/Sponsor/sponsor | TaiwanStockHoldingSharesPer id=2356
2026-05-26 16:53:29,893 [WARNING]   API異常：Your level is free. Please update your user level. Detail information:https://finmindtrade.com/analysis/#/Sponsor/sponsor | TaiwanStockHoldingSharesPer id=2357
2026-05-26 16:53:30,834 [WARNING]   API異常：Your level is free. Please update your user level. Detail information:https://finmindtrade.com/analysis/#/Sponsor/sponsor | TaiwanStockHoldingSharesPer id=2363
2026-05-26 16:53:31,798 [WARNING]   API異常：Your level is free. Please update your user level. Detail information:https://finmindtrade.com/analysis/#/Sponsor/sponsor | TaiwanStockHoldingSharesPer id=2364
2026-05-26 16:53:32,752 [WARNING]   API異常：Your level is free. Please update your user level. Detail information:https://finmindtrade.com/analysis/#/Sponsor/sponsor | TaiwanStockHoldingSharesPer id=2365
2026-05-26 16:53:33,717 [WARNING]   API異常：Your level is free. Please update your user level. Detail information:https://finmindtrade.com/analysis/#/Sponsor/sponsor | TaiwanStockHoldingSharesPer id=2368
2026-05-26 16:53:34,668 [WARNING]   API異常：Your level is free. Please update your user level. Detail information:https://finmindtrade.com/analysis/#/Sponsor/sponsor | TaiwanStockHoldingSharesPer id=2379
2026-05-26 16:53:35,624 [WARNING]   API異常：Your level is free. Please update your user level. Detail information:https://finmindtrade.com/analysis/#/Sponsor/sponsor | TaiwanStockHoldingSharesPer id=2382
2026-05-26 16:53:35,678 [ERROR] 
1 Failed download:
2026-05-26 16:53:35,678 [ERROR] ['3085.TW']: YFTzMissingError('possibly delisted; no timezone found')
2026-05-26 16:53:36,565 [WARNING]   API異常：Your level is free. Please update your user level. Detail information:https://finmindtrade.com/analysis/#/Sponsor/sponsor | TaiwanStockHoldingSharesPer id=2383
2026-05-26 16:53:36,713 [ERROR] 
1 Failed download:
2026-05-26 16:53:36,713 [ERROR] ['3105.TW']: YFTzMissingError('possibly delisted; no timezone found')
2026-05-26 16:53:37,508 [WARNING]   API異常：Your level is free. Please update your user level. Detail information:https://finmindtrade.com/analysis/#/Sponsor/sponsor | TaiwanStockHoldingSharesPer id=2384
2026-05-26 16:53:37,705 [ERROR] 
1 Failed download:
2026-05-26 16:53:37,705 [ERROR] ['3141.TW']: YFTzMissingError('possibly delisted; no timezone found')
2026-05-26 16:53:38,454 [WARNING]   API異常：Your level is free. Please update your user level. Detail information:https://finmindtrade.com/analysis/#/Sponsor/sponsor | TaiwanStockHoldingSharesPer id=2388
2026-05-26 16:53:39,399 [WARNING]   API異常：Your level is free. Please update your user level. Detail information:https://finmindtrade.com/analysis/#/Sponsor/sponsor | TaiwanStockHoldingSharesPer id=2393
2026-05-26 16:53:40,351 [WARNING]   API異常：Your level is free. Please update your user level. Detail information:https://finmindtrade.com/analysis/#/Sponsor/sponsor | TaiwanStockHoldingSharesPer id=2397
2026-05-26 16:53:40,564 [ERROR] 
1 Failed download:
2026-05-26 16:53:40,567 [ERROR] ['3211.TW']: YFTzMissingError('possibly delisted; no timezone found')
2026-05-26 16:53:41,304 [WARNING]   API異常：Your level is free. Please update your user level. Detail information:https://finmindtrade.com/analysis/#/Sponsor/sponsor | TaiwanStockHoldingSharesPer id=2399
2026-05-26 16:53:41,594 [ERROR] 
1 Failed download:
2026-05-26 16:53:41,594 [ERROR] ['3228.TW']: YFTzMissingError('possibly delisted; no timezone found')
2026-05-26 16:53:42,253 [WARNING]   API異常：Your level is free. Please update your user level. Detail information:https://finmindtrade.com/analysis/#/Sponsor/sponsor | TaiwanStockHoldingSharesPer id=2406
2026-05-26 16:53:42,950 [ERROR] 
1 Failed download:
2026-05-26 16:53:42,950 [ERROR] ['3230.TW']: YFTzMissingError('possibly delisted; no timezone found')
2026-05-26 16:53:43,188 [WARNING]   API異常：Your level is free. Please update your user level. Detail information:https://finmindtrade.com/analysis/#/Sponsor/sponsor | TaiwanStockHoldingSharesPer id=2408
2026-05-26 16:53:44,134 [WARNING]   API異常：Your level is free. Please update your user level. Detail information:https://finmindtrade.com/analysis/#/Sponsor/sponsor | TaiwanStockHoldingSharesPer id=2409
2026-05-26 16:53:44,494 [ERROR] 
1 Failed download:
2026-05-26 16:53:44,494 [ERROR] ['3260.TW']: YFTzMissingError('possibly delisted; no timezone found')
2026-05-26 16:53:45,079 [WARNING]   API異常：Your level is free. Please update your user level. Detail information:https://finmindtrade.com/analysis/#/Sponsor/sponsor | TaiwanStockHoldingSharesPer id=2412
2026-05-26 16:53:46,027 [WARNING]   API異常：Your level is free. Please update your user level. Detail information:https://finmindtrade.com/analysis/#/Sponsor/sponsor | TaiwanStockHoldingSharesPer id=2421
2026-05-26 16:53:46,968 [WARNING]   API異常：Your level is free. Please update your user level. Detail information:https://finmindtrade.com/analysis/#/Sponsor/sponsor | TaiwanStockHoldingSharesPer id=2429
2026-05-26 16:53:47,900 [WARNING]   API異常：Your level is free. Please update your user level. Detail information:https://finmindtrade.com/analysis/#/Sponsor/sponsor | TaiwanStockHoldingSharesPer id=2436
2026-05-26 16:53:48,834 [WARNING]   API異常：Your level is free. Please update your user level. Detail information:https://finmindtrade.com/analysis/#/Sponsor/sponsor | TaiwanStockHoldingSharesPer id=2439
2026-05-26 16:53:49,779 [WARNING]   API異常：Your level is free. Please update your user level. Detail information:https://finmindtrade.com/analysis/#/Sponsor/sponsor | TaiwanStockHoldingSharesPer id=2441
2026-05-26 16:53:50,734 [WARNING]   API異常：Your level is free. Please update your user level. Detail information:https://finmindtrade.com/analysis/#/Sponsor/sponsor | TaiwanStockHoldingSharesPer id=2449
2026-05-26 16:53:51,678 [WARNING]   API異常：Your level is free. Please update your user level. Detail information:https://finmindtrade.com/analysis/#/Sponsor/sponsor | TaiwanStockHoldingSharesPer id=2454
2026-05-26 16:53:52,367 [ERROR] 
1 Failed download:
2026-05-26 16:53:52,367 [ERROR] ['3548.TW']: YFTzMissingError('possibly delisted; no timezone found')
2026-05-26 16:53:52,627 [WARNING]   API異常：Your level is free. Please update your user level. Detail information:https://finmindtrade.com/analysis/#/Sponsor/sponsor | TaiwanStockHoldingSharesPer id=2455
2026-05-26 16:53:53,563 [WARNING]   API異常：Your level is free. Please update your user level. Detail information:https://finmindtrade.com/analysis/#/Sponsor/sponsor | TaiwanStockHoldingSharesPer id=2460
2026-05-26 16:53:54,503 [WARNING]   API異常：Your level is free. Please update your user level. Detail information:https://finmindtrade.com/analysis/#/Sponsor/sponsor | TaiwanStockHoldingSharesPer id=2461
2026-05-26 16:53:55,447 [WARNING]   API異常：Your level is free. Please update your user level. Detail information:https://finmindtrade.com/analysis/#/Sponsor/sponsor | TaiwanStockHoldingSharesPer id=2462
2026-05-26 16:53:56,405 [WARNING]   API異常：Your level is free. Please update your user level. Detail information:https://finmindtrade.com/analysis/#/Sponsor/sponsor | TaiwanStockHoldingSharesPer id=2471
2026-05-26 16:53:56,921 [ERROR] 
1 Failed download:
2026-05-26 16:53:56,927 [ERROR] ['3597.TW']: YFTzMissingError('possibly delisted; no timezone found')
2026-05-26 16:53:57,345 [WARNING]   API異常：Your level is free. Please update your user level. Detail information:https://finmindtrade.com/analysis/#/Sponsor/sponsor | TaiwanStockHoldingSharesPer id=2474
2026-05-26 16:53:58,280 [WARNING]   API異常：Your level is free. Please update your user level. Detail information:https://finmindtrade.com/analysis/#/Sponsor/sponsor | TaiwanStockHoldingSharesPer id=2475
2026-05-26 16:53:59,234 [WARNING]   API異常：Your level is free. Please update your user level. Detail information:https://finmindtrade.com/analysis/#/Sponsor/sponsor | TaiwanStockHoldingSharesPer id=2498
2026-05-26 16:53:59,851 [ERROR] 
1 Failed download:
2026-05-26 16:53:59,851 [ERROR] ['3691.TW']: YFTzMissingError('possibly delisted; no timezone found')
2026-05-26 16:54:00,187 [WARNING]   API異常：Your level is free. Please update your user level. Detail information:https://finmindtrade.com/analysis/#/Sponsor/sponsor | TaiwanStockHoldingSharesPer id=2501
2026-05-26 16:54:01,136 [WARNING]   API異常：Your level is free. Please update your user level. Detail information:https://finmindtrade.com/analysis/#/Sponsor/sponsor | TaiwanStockHoldingSharesPer id=2502
2026-05-26 16:54:02,084 [WARNING]   API異常：Your level is free. Please update your user level. Detail information:https://finmindtrade.com/analysis/#/Sponsor/sponsor | TaiwanStockHoldingSharesPer id=2504
2026-05-26 16:54:02,100 [ERROR] 
1 Failed download:
2026-05-26 16:54:02,101 [ERROR] ['3707.TW']: YFTzMissingError('possibly delisted; no timezone found')
2026-05-26 16:54:03,044 [WARNING]   API異常：Your level is free. Please update your user level. Detail information:https://finmindtrade.com/analysis/#/Sponsor/sponsor | TaiwanStockHoldingSharesPer id=2505
2026-05-26 16:54:04,001 [WARNING]   API異常：Your level is free. Please update your user level. Detail information:https://finmindtrade.com/analysis/#/Sponsor/sponsor | TaiwanStockHoldingSharesPer id=2506
2026-05-26 16:54:04,947 [WARNING]   API異常：Your level is free. Please update your user level. Detail information:https://finmindtrade.com/analysis/#/Sponsor/sponsor | TaiwanStockHoldingSharesPer id=2509
2026-05-26 16:54:05,486 [ERROR] 
1 Failed download:
2026-05-26 16:54:05,486 [ERROR] ['4116.TW']: YFTzMissingError('possibly delisted; no timezone found')
2026-05-26 16:54:05,901 [WARNING]   API異常：Your level is free. Please update your user level. Detail information:https://finmindtrade.com/analysis/#/Sponsor/sponsor | TaiwanStockHoldingSharesPer id=2511
2026-05-26 16:54:06,744 [ERROR] 
1 Failed download:
2026-05-26 16:54:06,744 [ERROR] ['4117.TW']: YFTzMissingError('possibly delisted; no timezone found')
2026-05-26 16:54:06,851 [WARNING]   API異常：Your level is free. Please update your user level. Detail information:https://finmindtrade.com/analysis/#/Sponsor/sponsor | TaiwanStockHoldingSharesPer id=2514
2026-05-26 16:54:07,795 [WARNING]   API異常：Your level is free. Please update your user level. Detail information:https://finmindtrade.com/analysis/#/Sponsor/sponsor | TaiwanStockHoldingSharesPer id=2515
2026-05-26 16:54:07,910 [ERROR] 
1 Failed download:
2026-05-26 16:54:07,910 [ERROR] ['4118.TW']: YFTzMissingError('possibly delisted; no timezone found')
2026-05-26 16:54:08,260 [ERROR] 
1 Failed download:
2026-05-26 16:54:08,260 [ERROR] ['4118.TWO']: YFPricesMissingError('possibly delisted; no price data found  (1d 2026-05-21 -> 2026-05-26)')
2026-05-26 16:54:08,744 [WARNING]   API異常：Your level is free. Please update your user level. Detail information:https://finmindtrade.com/analysis/#/Sponsor/sponsor | TaiwanStockHoldingSharesPer id=2516
2026-05-26 16:54:09,691 [WARNING]   API異常：Your level is free. Please update your user level. Detail information:https://finmindtrade.com/analysis/#/Sponsor/sponsor | TaiwanStockHoldingSharesPer id=2520
2026-05-26 16:54:09,734 [ERROR] 
1 Failed download:
2026-05-26 16:54:09,739 [ERROR] ['4121.TW']: YFTzMissingError('possibly delisted; no timezone found')
2026-05-26 16:54:10,652 [WARNING]   API異常：Your level is free. Please update your user level. Detail information:https://finmindtrade.com/analysis/#/Sponsor/sponsor | TaiwanStockHoldingSharesPer id=2524
2026-05-26 16:54:10,801 [ERROR] 
1 Failed download:
2026-05-26 16:54:10,817 [ERROR] ['4123.TW']: YFTzMissingError('possibly delisted; no timezone found')
2026-05-26 16:54:11,631 [WARNING]   API異常：Your level is free. Please update your user level. Detail information:https://finmindtrade.com/analysis/#/Sponsor/sponsor | TaiwanStockHoldingSharesPer id=2525
2026-05-26 16:54:12,044 [ERROR] 
1 Failed download:
2026-05-26 16:54:12,044 [ERROR] ['4126.TW']: YFTzMissingError('possibly delisted; no timezone found')
2026-05-26 16:54:12,573 [WARNING]   API異常：Your level is free. Please update your user level. Detail information:https://finmindtrade.com/analysis/#/Sponsor/sponsor | TaiwanStockHoldingSharesPer id=2528
2026-05-26 16:54:13,194 [ERROR] 
1 Failed download:
2026-05-26 16:54:13,200 [ERROR] ['4128.TW']: YFTzMissingError('possibly delisted; no timezone found')
2026-05-26 16:54:13,524 [WARNING]   API異常：Your level is free. Please update your user level. Detail information:https://finmindtrade.com/analysis/#/Sponsor/sponsor | TaiwanStockHoldingSharesPer id=2534
2026-05-26 16:54:14,471 [WARNING]   API異常：Your level is free. Please update your user level. Detail information:https://finmindtrade.com/analysis/#/Sponsor/sponsor | TaiwanStockHoldingSharesPer id=2535
2026-05-26 16:54:14,714 [ERROR] 
1 Failed download:
2026-05-26 16:54:14,716 [ERROR] ['4130.TW']: YFTzMissingError('possibly delisted; no timezone found')
2026-05-26 16:54:15,415 [WARNING]   API異常：Your level is free. Please update your user level. Detail information:https://finmindtrade.com/analysis/#/Sponsor/sponsor | TaiwanStockHoldingSharesPer id=2536
2026-05-26 16:54:16,355 [WARNING]   API異常：Your level is free. Please update your user level. Detail information:https://finmindtrade.com/analysis/#/Sponsor/sponsor | TaiwanStockHoldingSharesPer id=2537
2026-05-26 16:54:16,384 [ERROR] 
1 Failed download:
2026-05-26 16:54:16,384 [ERROR] ['4141.TW']: YFTzMissingError('possibly delisted; no timezone found')
2026-05-26 16:54:16,817 [ERROR] 
1 Failed download:
2026-05-26 16:54:16,818 [ERROR] ['4141.TWO']: YFTzMissingError('possibly delisted; no timezone found')
2026-05-26 16:54:17,298 [WARNING]   API異常：Your level is free. Please update your user level. Detail information:https://finmindtrade.com/analysis/#/Sponsor/sponsor | TaiwanStockHoldingSharesPer id=2538
2026-05-26 16:54:18,268 [WARNING]   API異常：Your level is free. Please update your user level. Detail information:https://finmindtrade.com/analysis/#/Sponsor/sponsor | TaiwanStockHoldingSharesPer id=2540
2026-05-26 16:54:18,301 [ERROR] 
1 Failed download:
2026-05-26 16:54:18,301 [ERROR] ['4144.TW']: YFTzMissingError('possibly delisted; no timezone found')
2026-05-26 16:54:18,763 [ERROR] 
1 Failed download:
2026-05-26 16:54:18,763 [ERROR] ['4144.TWO']: YFTzMissingError('possibly delisted; no timezone found')
2026-05-26 16:54:19,229 [WARNING]   API異常：Your level is free. Please update your user level. Detail information:https://finmindtrade.com/analysis/#/Sponsor/sponsor | TaiwanStockHoldingSharesPer id=2542
2026-05-26 16:54:19,538 [ERROR] 
1 Failed download:
2026-05-26 16:54:19,548 [ERROR] ['4147.TW']: YFTzMissingError('possibly delisted; no timezone found')
2026-05-26 16:54:20,163 [WARNING]   API異常：Your level is free. Please update your user level. Detail information:https://finmindtrade.com/analysis/#/Sponsor/sponsor | TaiwanStockHoldingSharesPer id=2543
2026-05-26 16:54:21,101 [WARNING]   API異常：Your level is free. Please update your user level. Detail information:https://finmindtrade.com/analysis/#/Sponsor/sponsor | TaiwanStockHoldingSharesPer id=2545
2026-05-26 16:54:21,178 [ERROR] 
1 Failed download:
2026-05-26 16:54:21,181 [ERROR] ['4152.TW']: YFTzMissingError('possibly delisted; no timezone found')
2026-05-26 16:54:21,633 [ERROR] 
1 Failed download:
2026-05-26 16:54:21,633 [ERROR] ['4152.TWO']: YFTzMissingError('possibly delisted; no timezone found')
2026-05-26 16:54:22,062 [WARNING]   API異常：Your level is free. Please update your user level. Detail information:https://finmindtrade.com/analysis/#/Sponsor/sponsor | TaiwanStockHoldingSharesPer id=2546
2026-05-26 16:54:22,371 [ERROR] 
1 Failed download:
2026-05-26 16:54:22,371 [ERROR] ['4160.TW']: YFTzMissingError('possibly delisted; no timezone found')
2026-05-26 16:54:23,003 [WARNING]   API異常：Your level is free. Please update your user level. Detail information:https://finmindtrade.com/analysis/#/Sponsor/sponsor | TaiwanStockHoldingSharesPer id=2547
2026-05-26 16:54:23,381 [ERROR] 
1 Failed download:
2026-05-26 16:54:23,381 [ERROR] ['4162.TW']: YFTzMissingError('possibly delisted; no timezone found')
2026-05-26 16:54:23,959 [WARNING]   API異常：Your level is free. Please update your user level. Detail information:https://finmindtrade.com/analysis/#/Sponsor/sponsor | TaiwanStockHoldingSharesPer id=2548
2026-05-26 16:54:24,457 [ERROR] 
1 Failed download:
2026-05-26 16:54:24,457 [ERROR] ['4163.TW']: YFTzMissingError('possibly delisted; no timezone found')
2026-05-26 16:54:24,903 [WARNING]   API異常：Your level is free. Please update your user level. Detail information:https://finmindtrade.com/analysis/#/Sponsor/sponsor | TaiwanStockHoldingSharesPer id=2597
2026-05-26 16:54:25,481 [ERROR] 
1 Failed download:
2026-05-26 16:54:25,481 [ERROR] ['4168.TW']: YFTzMissingError('possibly delisted; no timezone found')
2026-05-26 16:54:25,855 [WARNING]   API異常：Your level is free. Please update your user level. Detail information:https://finmindtrade.com/analysis/#/Sponsor/sponsor | TaiwanStockHoldingSharesPer id=2712
2026-05-26 16:54:26,460 [ERROR] 
1 Failed download:
2026-05-26 16:54:26,460 [ERROR] ['4171.TW']: YFTzMissingError('possibly delisted; no timezone found')
2026-05-26 16:54:26,807 [WARNING]   API異常：Your level is free. Please update your user level. Detail information:https://finmindtrade.com/analysis/#/Sponsor/sponsor | TaiwanStockHoldingSharesPer id=2717
2026-05-26 16:54:27,586 [ERROR] 
1 Failed download:
2026-05-26 16:54:27,586 [ERROR] ['4174.TW']: YFTzMissingError('possibly delisted; no timezone found')
2026-05-26 16:54:27,745 [WARNING]   API異常：Your level is free. Please update your user level. Detail information:https://finmindtrade.com/analysis/#/Sponsor/sponsor | TaiwanStockHoldingSharesPer id=2718
2026-05-26 16:54:28,671 [WARNING]   API異常：Your level is free. Please update your user level. Detail information:https://finmindtrade.com/analysis/#/Sponsor/sponsor | TaiwanStockHoldingSharesPer id=2719
2026-05-26 16:54:28,950 [ERROR] 
1 Failed download:
2026-05-26 16:54:28,956 [ERROR] ['4175.TW']: YFTzMissingError('possibly delisted; no timezone found')
2026-05-26 16:54:29,628 [WARNING]   API異常：Your level is free. Please update your user level. Detail information:https://finmindtrade.com/analysis/#/Sponsor/sponsor | TaiwanStockHoldingSharesPer id=2720
2026-05-26 16:54:30,054 [ERROR] 
1 Failed download:
2026-05-26 16:54:30,054 [ERROR] ['4209.TW']: YFTzMissingError('possibly delisted; no timezone found')
2026-05-26 16:54:30,578 [WARNING]   API異常：Your level is free. Please update your user level. Detail information:https://finmindtrade.com/analysis/#/Sponsor/sponsor | TaiwanStockHoldingSharesPer id=2723
2026-05-26 16:54:30,624 [ERROR] 
1 Failed download:
2026-05-26 16:54:30,624 [ERROR] ['4209.TWO']: YFTzMissingError('possibly delisted; no timezone found')
2026-05-26 16:54:31,530 [WARNING]   API異常：Your level is free. Please update your user level. Detail information:https://finmindtrade.com/analysis/#/Sponsor/sponsor | TaiwanStockHoldingSharesPer id=2726
2026-05-26 16:54:31,767 [ERROR] 
1 Failed download:
2026-05-26 16:54:31,767 [ERROR] ['4743.TW']: YFTzMissingError('possibly delisted; no timezone found')
2026-05-26 16:54:32,477 [WARNING]   API異常：Your level is free. Please update your user level. Detail information:https://finmindtrade.com/analysis/#/Sponsor/sponsor | TaiwanStockHoldingSharesPer id=2801
2026-05-26 16:54:33,443 [WARNING]   API異常：Your level is free. Please update your user level. Detail information:https://finmindtrade.com/analysis/#/Sponsor/sponsor | TaiwanStockHoldingSharesPer id=2809
2026-05-26 16:54:34,401 [WARNING]   API異常：Your level is free. Please update your user level. Detail information:https://finmindtrade.com/analysis/#/Sponsor/sponsor | TaiwanStockHoldingSharesPer id=2812
2026-05-26 16:54:35,345 [WARNING]   API異常：Your level is free. Please update your user level. Detail information:https://finmindtrade.com/analysis/#/Sponsor/sponsor | TaiwanStockHoldingSharesPer id=2816
2026-05-26 16:54:36,303 [WARNING]   API異常：Your level is free. Please update your user level. Detail information:https://finmindtrade.com/analysis/#/Sponsor/sponsor | TaiwanStockHoldingSharesPer id=2820
2026-05-26 16:54:36,985 [ERROR] 
1 Failed download:
2026-05-26 16:54:36,996 [ERROR] ['4966.TW']: YFTzMissingError('possibly delisted; no timezone found')
2026-05-26 16:54:37,261 [WARNING]   API異常：Your level is free. Please update your user level. Detail information:https://finmindtrade.com/analysis/#/Sponsor/sponsor | TaiwanStockHoldingSharesPer id=2823
2026-05-26 16:54:38,220 [WARNING]   API異常：Your level is free. Please update your user level. Detail information:https://finmindtrade.com/analysis/#/Sponsor/sponsor | TaiwanStockHoldingSharesPer id=2824
2026-05-26 16:54:38,623 [ERROR] 
1 Failed download:
2026-05-26 16:54:38,628 [ERROR] ['5009.TW']: YFTzMissingError('possibly delisted; no timezone found')
2026-05-26 16:54:39,174 [WARNING]   API異常：Your level is free. Please update your user level. Detail information:https://finmindtrade.com/analysis/#/Sponsor/sponsor | TaiwanStockHoldingSharesPer id=2826
2026-05-26 16:54:40,123 [WARNING]   API異常：Your level is free. Please update your user level. Detail information:https://finmindtrade.com/analysis/#/Sponsor/sponsor | TaiwanStockHoldingSharesPer id=2834
2026-05-26 16:54:40,608 [ERROR] 
1 Failed download:
2026-05-26 16:54:40,609 [ERROR] ['5274.TW']: YFTzMissingError('possibly delisted; no timezone found')
2026-05-26 16:54:41,071 [WARNING]   API異常：Your level is free. Please update your user level. Detail information:https://finmindtrade.com/analysis/#/Sponsor/sponsor | TaiwanStockHoldingSharesPer id=2838
2026-05-26 16:54:41,835 [ERROR] 
1 Failed download:
2026-05-26 16:54:41,835 [ERROR] ['5347.TW']: YFTzMissingError('possibly delisted; no timezone found')
2026-05-26 16:54:42,011 [WARNING]   API異常：Your level is free. Please update your user level. Detail information:https://finmindtrade.com/analysis/#/Sponsor/sponsor | TaiwanStockHoldingSharesPer id=2849
2026-05-26 16:54:42,960 [WARNING]   API異常：Your level is free. Please update your user level. Detail information:https://finmindtrade.com/analysis/#/Sponsor/sponsor | TaiwanStockHoldingSharesPer id=2850
2026-05-26 16:54:43,276 [ERROR] 
1 Failed download:
2026-05-26 16:54:43,276 [ERROR] ['5354.TW']: YFTzMissingError('possibly delisted; no timezone found')
2026-05-26 16:54:43,908 [WARNING]   API異常：Your level is free. Please update your user level. Detail information:https://finmindtrade.com/analysis/#/Sponsor/sponsor | TaiwanStockHoldingSharesPer id=2851
2026-05-26 16:54:44,067 [ERROR] 
1 Failed download:
2026-05-26 16:54:44,067 [ERROR] ['5354.TWO']: YFTzMissingError('possibly delisted; no timezone found')
2026-05-26 16:54:44,856 [WARNING]   API異常：Your level is free. Please update your user level. Detail information:https://finmindtrade.com/analysis/#/Sponsor/sponsor | TaiwanStockHoldingSharesPer id=2852
2026-05-26 16:54:45,205 [ERROR] 
1 Failed download:
2026-05-26 16:54:45,205 [ERROR] ['5371.TW']: YFTzMissingError('possibly delisted; no timezone found')
2026-05-26 16:54:45,838 [WARNING]   API異常：Your level is free. Please update your user level. Detail information:https://finmindtrade.com/analysis/#/Sponsor/sponsor | TaiwanStockHoldingSharesPer id=2855
2026-05-26 16:54:46,629 [ERROR] 
1 Failed download:
2026-05-26 16:54:46,629 [ERROR] ['5483.TW']: YFTzMissingError('possibly delisted; no timezone found')
2026-05-26 16:54:46,788 [WARNING]   API異常：Your level is free. Please update your user level. Detail information:https://finmindtrade.com/analysis/#/Sponsor/sponsor | TaiwanStockHoldingSharesPer id=2856
2026-05-26 16:54:47,731 [WARNING]   API異常：Your level is free. Please update your user level. Detail information:https://finmindtrade.com/analysis/#/Sponsor/sponsor | TaiwanStockHoldingSharesPer id=2860
2026-05-26 16:54:48,176 [ERROR] 
1 Failed download:
2026-05-26 16:54:48,176 [ERROR] ['5512.TW']: YFTzMissingError('possibly delisted; no timezone found')
2026-05-26 16:54:48,668 [WARNING]   API異常：Your level is free. Please update your user level. Detail information:https://finmindtrade.com/analysis/#/Sponsor/sponsor | TaiwanStockHoldingSharesPer id=2867
2026-05-26 16:54:49,668 [WARNING]   API異常：Your level is free. Please update your user level. Detail information:https://finmindtrade.com/analysis/#/Sponsor/sponsor | TaiwanStockHoldingSharesPer id=2880
2026-05-26 16:54:50,619 [WARNING]   API異常：Your level is free. Please update your user level. Detail information:https://finmindtrade.com/analysis/#/Sponsor/sponsor | TaiwanStockHoldingSharesPer id=2881
2026-05-26 16:54:51,554 [WARNING]   API異常：Your level is free. Please update your user level. Detail information:https://finmindtrade.com/analysis/#/Sponsor/sponsor | TaiwanStockHoldingSharesPer id=2882
2026-05-26 16:54:52,239 [ERROR] 
1 Failed download:
2026-05-26 16:54:52,239 [ERROR] ['5523.TW']: YFTzMissingError('possibly delisted; no timezone found')
2026-05-26 16:54:52,522 [WARNING]   API異常：Your level is free. Please update your user level. Detail information:https://finmindtrade.com/analysis/#/Sponsor/sponsor | TaiwanStockHoldingSharesPer id=2883
2026-05-26 16:54:53,471 [WARNING]   API異常：Your level is free. Please update your user level. Detail information:https://finmindtrade.com/analysis/#/Sponsor/sponsor | TaiwanStockHoldingSharesPer id=2884
2026-05-26 16:54:54,412 [WARNING]   API異常：Your level is free. Please update your user level. Detail information:https://finmindtrade.com/analysis/#/Sponsor/sponsor | TaiwanStockHoldingSharesPer id=2885
2026-05-26 16:54:55,363 [WARNING]   API異常：Your level is free. Please update your user level. Detail information:https://finmindtrade.com/analysis/#/Sponsor/sponsor | TaiwanStockHoldingSharesPer id=2886
2026-05-26 16:54:56,320 [WARNING]   API異常：Your level is free. Please update your user level. Detail information:https://finmindtrade.com/analysis/#/Sponsor/sponsor | TaiwanStockHoldingSharesPer id=2887
2026-05-26 16:54:56,609 [ERROR] 
1 Failed download:
2026-05-26 16:54:56,610 [ERROR] ['5536.TW']: YFTzMissingError('possibly delisted; no timezone found')
2026-05-26 16:54:57,271 [WARNING]   API異常：Your level is free. Please update your user level. Detail information:https://finmindtrade.com/analysis/#/Sponsor/sponsor | TaiwanStockHoldingSharesPer id=2888
2026-05-26 16:54:58,228 [WARNING]   API異常：Your level is free. Please update your user level. Detail information:https://finmindtrade.com/analysis/#/Sponsor/sponsor | TaiwanStockHoldingSharesPer id=2889
2026-05-26 16:54:59,192 [WARNING]   API異常：Your level is free. Please update your user level. Detail information:https://finmindtrade.com/analysis/#/Sponsor/sponsor | TaiwanStockHoldingSharesPer id=2890
2026-05-26 16:54:59,380 [ERROR] 
1 Failed download:
2026-05-26 16:54:59,381 [ERROR] ['5878.TW']: YFTzMissingError('possibly delisted; no timezone found')
2026-05-26 16:55:00,141 [WARNING]   API異常：Your level is free. Please update your user level. Detail information:https://finmindtrade.com/analysis/#/Sponsor/sponsor | TaiwanStockHoldingSharesPer id=2891
2026-05-26 16:55:01,112 [WARNING]   API異常：Your level is free. Please update your user level. Detail information:https://finmindtrade.com/analysis/#/Sponsor/sponsor | TaiwanStockHoldingSharesPer id=2892
2026-05-26 16:55:01,855 [ERROR] 
1 Failed download:
2026-05-26 16:55:01,856 [ERROR] ['5903.TW']: YFTzMissingError('possibly delisted; no timezone found')
2026-05-26 16:55:02,048 [WARNING]   API異常：Your level is free. Please update your user level. Detail information:https://finmindtrade.com/analysis/#/Sponsor/sponsor | TaiwanStockHoldingSharesPer id=2903
2026-05-26 16:55:02,957 [ERROR] 
1 Failed download:
2026-05-26 16:55:02,959 [ERROR] ['5904.TW']: YFTzMissingError('possibly delisted; no timezone found')
2026-05-26 16:55:03,071 [WARNING]   API異常：Your level is free. Please update your user level. Detail information:https://finmindtrade.com/analysis/#/Sponsor/sponsor | TaiwanStockHoldingSharesPer id=2905
2026-05-26 16:55:04,021 [WARNING]   API異常：Your level is free. Please update your user level. Detail information:https://finmindtrade.com/analysis/#/Sponsor/sponsor | TaiwanStockHoldingSharesPer id=2908
2026-05-26 16:55:04,990 [WARNING]   API異常：Your level is free. Please update your user level. Detail information:https://finmindtrade.com/analysis/#/Sponsor/sponsor | TaiwanStockHoldingSharesPer id=2910
2026-05-26 16:55:05,525 [ERROR] 
1 Failed download:
2026-05-26 16:55:05,525 [ERROR] ['6146.TW']: YFTzMissingError('possibly delisted; no timezone found')
2026-05-26 16:55:05,939 [WARNING]   API異常：Your level is free. Please update your user level. Detail information:https://finmindtrade.com/analysis/#/Sponsor/sponsor | TaiwanStockHoldingSharesPer id=2911
2026-05-26 16:55:06,906 [WARNING]   API異常：Your level is free. Please update your user level. Detail information:https://finmindtrade.com/analysis/#/Sponsor/sponsor | TaiwanStockHoldingSharesPer id=2912
2026-05-26 16:55:06,966 [ERROR] 
1 Failed download:
2026-05-26 16:55:06,966 [ERROR] ['6147.TW']: YFTzMissingError('possibly delisted; no timezone found')
2026-05-26 16:55:07,856 [WARNING]   API異常：Your level is free. Please update your user level. Detail information:https://finmindtrade.com/analysis/#/Sponsor/sponsor | TaiwanStockHoldingSharesPer id=2914
2026-05-26 16:55:08,272 [ERROR] 
1 Failed download:
2026-05-26 16:55:08,277 [ERROR] ['6194.TW']: YFTzMissingError('possibly delisted; no timezone found')
2026-05-26 16:55:08,820 [WARNING]   API異常：Your level is free. Please update your user level. Detail information:https://finmindtrade.com/analysis/#/Sponsor/sponsor | TaiwanStockHoldingSharesPer id=2915
2026-05-26 16:55:09,792 [WARNING]   API異常：Your level is free. Please update your user level. Detail information:https://finmindtrade.com/analysis/#/Sponsor/sponsor | TaiwanStockHoldingSharesPer id=2923
2026-05-26 16:55:10,058 [ERROR] 
1 Failed download:
2026-05-26 16:55:10,058 [ERROR] ['6227.TW']: YFTzMissingError('possibly delisted; no timezone found')
2026-05-26 16:55:10,758 [WARNING]   API異常：Your level is free. Please update your user level. Detail information:https://finmindtrade.com/analysis/#/Sponsor/sponsor | TaiwanStockHoldingSharesPer id=3003
2026-05-26 16:55:11,695 [WARNING]   API異常：Your level is free. Please update your user level. Detail information:https://finmindtrade.com/analysis/#/Sponsor/sponsor | TaiwanStockHoldingSharesPer id=3008
2026-05-26 16:55:12,568 [ERROR] 
1 Failed download:
2026-05-26 16:55:12,568 [ERROR] ['6244.TW']: YFTzMissingError('possibly delisted; no timezone found')
2026-05-26 16:55:12,662 [WARNING]   API異常：Your level is free. Please update your user level. Detail information:https://finmindtrade.com/analysis/#/Sponsor/sponsor | TaiwanStockHoldingSharesPer id=3013
2026-05-26 16:55:13,630 [WARNING]   API異常：Your level is free. Please update your user level. Detail information:https://finmindtrade.com/analysis/#/Sponsor/sponsor | TaiwanStockHoldingSharesPer id=3014
2026-05-26 16:55:13,713 [ERROR] 
1 Failed download:
2026-05-26 16:55:13,714 [ERROR] ['6245.TW']: YFTzMissingError('possibly delisted; no timezone found')
2026-05-26 16:55:14,610 [WARNING]   API異常：Your level is free. Please update your user level. Detail information:https://finmindtrade.com/analysis/#/Sponsor/sponsor | TaiwanStockHoldingSharesPer id=3016
2026-05-26 16:55:15,382 [ERROR] 
1 Failed download:
2026-05-26 16:55:15,382 [ERROR] ['6263.TW']: YFTzMissingError('possibly delisted; no timezone found')
2026-05-26 16:55:15,578 [WARNING]   API異常：Your level is free. Please update your user level. Detail information:https://finmindtrade.com/analysis/#/Sponsor/sponsor | TaiwanStockHoldingSharesPer id=3017
2026-05-26 16:55:16,529 [WARNING]   API異常：Your level is free. Please update your user level. Detail information:https://finmindtrade.com/analysis/#/Sponsor/sponsor | TaiwanStockHoldingSharesPer id=3023
2026-05-26 16:55:17,494 [WARNING]   API異常：Your level is free. Please update your user level. Detail information:https://finmindtrade.com/analysis/#/Sponsor/sponsor | TaiwanStockHoldingSharesPer id=3028
2026-05-26 16:55:17,878 [ERROR] 
1 Failed download:
2026-05-26 16:55:17,879 [ERROR] ['6274.TW']: YFTzMissingError('possibly delisted; no timezone found')
2026-05-26 16:55:18,457 [WARNING]   API異常：Your level is free. Please update your user level. Detail information:https://finmindtrade.com/analysis/#/Sponsor/sponsor | TaiwanStockHoldingSharesPer id=3030
2026-05-26 16:55:19,405 [WARNING]   API異常：Your level is free. Please update your user level. Detail information:https://finmindtrade.com/analysis/#/Sponsor/sponsor | TaiwanStockHoldingSharesPer id=3031
2026-05-26 16:55:20,354 [WARNING]   API異常：Your level is free. Please update your user level. Detail information:https://finmindtrade.com/analysis/#/Sponsor/sponsor | TaiwanStockHoldingSharesPer id=3032
2026-05-26 16:55:21,306 [WARNING]   API異常：Your level is free. Please update your user level. Detail information:https://finmindtrade.com/analysis/#/Sponsor/sponsor | TaiwanStockHoldingSharesPer id=3033
2026-05-26 16:55:22,252 [WARNING]   API異常：Your level is free. Please update your user level. Detail information:https://finmindtrade.com/analysis/#/Sponsor/sponsor | TaiwanStockHoldingSharesPer id=3034
2026-05-26 16:55:23,205 [WARNING]   API異常：Your level is free. Please update your user level. Detail information:https://finmindtrade.com/analysis/#/Sponsor/sponsor | TaiwanStockHoldingSharesPer id=3035
2026-05-26 16:55:24,159 [WARNING]   API異常：Your level is free. Please update your user level. Detail information:https://finmindtrade.com/analysis/#/Sponsor/sponsor | TaiwanStockHoldingSharesPer id=3036
2026-05-26 16:55:24,662 [ERROR] 
1 Failed download:
2026-05-26 16:55:24,662 [ERROR] ['6461.TW']: YFTzMissingError('possibly delisted; no timezone found')
2026-05-26 16:55:25,114 [WARNING]   API異常：Your level is free. Please update your user level. Detail information:https://finmindtrade.com/analysis/#/Sponsor/sponsor | TaiwanStockHoldingSharesPer id=3037
2026-05-26 16:55:25,918 [ERROR] 
1 Failed download:
2026-05-26 16:55:25,918 [ERROR] ['6488.TW']: YFTzMissingError('possibly delisted; no timezone found')
2026-05-26 16:55:26,084 [WARNING]   API異常：Your level is free. Please update your user level. Detail information:https://finmindtrade.com/analysis/#/Sponsor/sponsor | TaiwanStockHoldingSharesPer id=3038
2026-05-26 16:55:27,051 [WARNING]   API異常：Your level is free. Please update your user level. Detail information:https://finmindtrade.com/analysis/#/Sponsor/sponsor | TaiwanStockHoldingSharesPer id=3040
2026-05-26 16:55:27,778 [ERROR] 
1 Failed download:
2026-05-26 16:55:27,787 [ERROR] ['6510.TW']: YFTzMissingError('possibly delisted; no timezone found')
2026-05-26 16:55:28,012 [WARNING]   API異常：Your level is free. Please update your user level. Detail information:https://finmindtrade.com/analysis/#/Sponsor/sponsor | TaiwanStockHoldingSharesPer id=3041
2026-05-26 16:55:28,949 [WARNING]   API異常：Your level is free. Please update your user level. Detail information:https://finmindtrade.com/analysis/#/Sponsor/sponsor | TaiwanStockHoldingSharesPer id=3042
2026-05-26 16:55:29,329 [ERROR] 
1 Failed download:
2026-05-26 16:55:29,329 [ERROR] ['6523.TW']: YFTzMissingError('possibly delisted; no timezone found')
2026-05-26 16:55:29,894 [WARNING]   API異常：Your level is free. Please update your user level. Detail information:https://finmindtrade.com/analysis/#/Sponsor/sponsor | TaiwanStockHoldingSharesPer id=3043
2026-05-26 16:55:30,841 [WARNING]   API異常：Your level is free. Please update your user level. Detail information:https://finmindtrade.com/analysis/#/Sponsor/sponsor | TaiwanStockHoldingSharesPer id=3044
2026-05-26 16:55:31,331 [ERROR] 
1 Failed download:
2026-05-26 16:55:31,331 [ERROR] ['6547.TW']: YFTzMissingError('possibly delisted; no timezone found')
2026-05-26 16:55:31,793 [WARNING]   API異常：Your level is free. Please update your user level. Detail information:https://finmindtrade.com/analysis/#/Sponsor/sponsor | TaiwanStockHoldingSharesPer id=3045
2026-05-26 16:55:32,631 [ERROR] 
1 Failed download:
2026-05-26 16:55:32,632 [ERROR] ['6643.TW']: YFTzMissingError('possibly delisted; no timezone found')
2026-05-26 16:55:32,747 [WARNING]   API異常：Your level is free. Please update your user level. Detail information:https://finmindtrade.com/analysis/#/Sponsor/sponsor | TaiwanStockHoldingSharesPer id=3046
2026-05-26 16:55:33,706 [WARNING]   API異常：Your level is free. Please update your user level. Detail information:https://finmindtrade.com/analysis/#/Sponsor/sponsor | TaiwanStockHoldingSharesPer id=3047
2026-05-26 16:55:34,672 [WARNING]   API異常：Your level is free. Please update your user level. Detail information:https://finmindtrade.com/analysis/#/Sponsor/sponsor | TaiwanStockHoldingSharesPer id=3048
2026-05-26 16:55:35,617 [WARNING]   API異常：Your level is free. Please update your user level. Detail information:https://finmindtrade.com/analysis/#/Sponsor/sponsor | TaiwanStockHoldingSharesPer id=3049
2026-05-26 16:55:35,949 [ERROR] 
1 Failed download:
2026-05-26 16:55:35,960 [ERROR] ['6803.TW']: YFTzMissingError('possibly delisted; no timezone found')
2026-05-26 16:55:36,568 [WARNING]   API異常：Your level is free. Please update your user level. Detail information:https://finmindtrade.com/analysis/#/Sponsor/sponsor | TaiwanStockHoldingSharesPer id=3050
2026-05-26 16:55:37,104 [ERROR] 
1 Failed download:
2026-05-26 16:55:37,104 [ERROR] ['8044.TW']: YFTzMissingError('possibly delisted; no timezone found')
2026-05-26 16:55:37,529 [WARNING]   API異常：Your level is free. Please update your user level. Detail information:https://finmindtrade.com/analysis/#/Sponsor/sponsor | TaiwanStockHoldingSharesPer id=3051
2026-05-26 16:55:38,474 [WARNING]   API異常：Your level is free. Please update your user level. Detail information:https://finmindtrade.com/analysis/#/Sponsor/sponsor | TaiwanStockHoldingSharesPer id=3052
2026-05-26 16:55:39,277 [INFO]   ✅ K線：成功 380 / 跳過 0 / 失敗 28 檔
2026-05-26 16:55:39,299 [INFO]   💾 last_update.csv（2 筆）
2026-05-26 16:55:39,299 [INFO] ============================================================
2026-05-26 16:55:39,299 [INFO] ✅ 完成！
2026-05-26 16:55:39,299 [INFO] 🚀 推送到 GitHub...
2026-05-26 16:55:39,425 [WARNING]   API異常：Your level is free. Please update your user level. Detail information:https://finmindtrade.com/analysis/#/Sponsor/sponsor | TaiwanStockHoldingSharesPer id=3057
2026-05-26 16:55:40,397 [WARNING]   API異常：Your level is free. Please update your user level. Detail information:https://finmindtrade.com/analysis/#/Sponsor/sponsor | TaiwanStockHoldingSharesPer id=3059
2026-05-26 16:55:41,335 [WARNING]   API異常：Your level is free. Please update your user level. Detail information:https://finmindtrade.com/analysis/#/Sponsor/sponsor | TaiwanStockHoldingSharesPer id=3062
2026-05-26 16:55:42,273 [WARNING]   API異常：Your level is free. Please update your user level. Detail information:https://finmindtrade.com/analysis/#/Sponsor/sponsor | TaiwanStockHoldingSharesPer id=3085
2026-05-26 16:55:43,216 [WARNING]   API異常：Your level is free. Please update your user level. Detail information:https://finmindtrade.com/analysis/#/Sponsor/sponsor | TaiwanStockHoldingSharesPer id=3105
2026-05-26 16:55:44,174 [WARNING]   API異常：Your level is free. Please update your user level. Detail information:https://finmindtrade.com/analysis/#/Sponsor/sponsor | TaiwanStockHoldingSharesPer id=3141
2026-05-26 16:55:45,118 [WARNING]   API異常：Your level is free. Please update your user level. Detail information:https://finmindtrade.com/analysis/#/Sponsor/sponsor | TaiwanStockHoldingSharesPer id=3189
2026-05-26 16:55:46,061 [WARNING]   API異常：Your level is free. Please update your user level. Detail information:https://finmindtrade.com/analysis/#/Sponsor/sponsor | TaiwanStockHoldingSharesPer id=3209
2026-05-26 16:55:47,021 [WARNING]   API異常：Your level is free. Please update your user level. Detail information:https://finmindtrade.com/analysis/#/Sponsor/sponsor | TaiwanStockHoldingSharesPer id=3211
2026-05-26 16:55:47,966 [WARNING]   API異常：Your level is free. Please update your user level. Detail information:https://finmindtrade.com/analysis/#/Sponsor/sponsor | TaiwanStockHoldingSharesPer id=3228
2026-05-26 16:55:48,907 [WARNING]   API異常：Your level is free. Please update your user level. Detail information:https://finmindtrade.com/analysis/#/Sponsor/sponsor | TaiwanStockHoldingSharesPer id=3230
2026-05-26 16:55:49,762 [INFO]   ✅ 推送成功
2026-05-26 16:55:49,763 [INFO] ============================================================
2026-05-26 16:55:49,867 [WARNING]   API異常：Your level is free. Please update your user level. Detail information:https://finmindtrade.com/analysis/#/Sponsor/sponsor | TaiwanStockHoldingSharesPer id=3231
2026-05-26 16:55:50,815 [WARNING]   API異常：Your level is free. Please update your user level. Detail information:https://finmindtrade.com/analysis/#/Sponsor/sponsor | TaiwanStockHoldingSharesPer id=3260
2026-05-26 16:55:51,780 [WARNING]   API異常：Your level is free. Please update your user level. Detail information:https://finmindtrade.com/analysis/#/Sponsor/sponsor | TaiwanStockHoldingSharesPer id=3376
2026-05-26 16:55:52,736 [WARNING]   API異常：Your level is free. Please update your user level. Detail information:https://finmindtrade.com/analysis/#/Sponsor/sponsor | TaiwanStockHoldingSharesPer id=3406
2026-05-26 16:55:53,712 [WARNING]   API異常：Your level is free. Please update your user level. Detail information:https://finmindtrade.com/analysis/#/Sponsor/sponsor | TaiwanStockHoldingSharesPer id=3443
2026-05-26 16:55:54,657 [WARNING]   API異常：Your level is free. Please update your user level. Detail information:https://finmindtrade.com/analysis/#/Sponsor/sponsor | TaiwanStockHoldingSharesPer id=3481
2026-05-26 16:55:55,606 [WARNING]   API異常：Your level is free. Please update your user level. Detail information:https://finmindtrade.com/analysis/#/Sponsor/sponsor | TaiwanStockHoldingSharesPer id=3494
2026-05-26 16:55:56,569 [WARNING]   API異常：Your level is free. Please update your user level. Detail information:https://finmindtrade.com/analysis/#/Sponsor/sponsor | TaiwanStockHoldingSharesPer id=3515
2026-05-26 16:55:57,538 [WARNING]   API異常：Your level is free. Please update your user level. Detail information:https://finmindtrade.com/analysis/#/Sponsor/sponsor | TaiwanStockHoldingSharesPer id=3518
2026-05-26 16:55:58,485 [WARNING]   API異常：Your level is free. Please update your user level. Detail information:https://finmindtrade.com/analysis/#/Sponsor/sponsor | TaiwanStockHoldingSharesPer id=3530
2026-05-26 16:55:59,431 [WARNING]   API異常：Your level is free. Please update your user level. Detail information:https://finmindtrade.com/analysis/#/Sponsor/sponsor | TaiwanStockHoldingSharesPer id=3532
2026-05-26 16:56:00,376 [WARNING]   API異常：Your level is free. Please update your user level. Detail information:https://finmindtrade.com/analysis/#/Sponsor/sponsor | TaiwanStockHoldingSharesPer id=3533
2026-05-26 16:56:01,330 [WARNING]   API異常：Your level is free. Please update your user level. Detail information:https://finmindtrade.com/analysis/#/Sponsor/sponsor | TaiwanStockHoldingSharesPer id=3548
2026-05-26 16:56:02,266 [WARNING]   API異常：Your level is free. Please update your user level. Detail information:https://finmindtrade.com/analysis/#/Sponsor/sponsor | TaiwanStockHoldingSharesPer id=3550
2026-05-26 16:56:03,233 [WARNING]   API異常：Your level is free. Please update your user level. Detail information:https://finmindtrade.com/analysis/#/Sponsor/sponsor | TaiwanStockHoldingSharesPer id=3576
2026-05-26 16:56:04,188 [WARNING]   API異常：Your level is free. Please update your user level. Detail information:https://finmindtrade.com/analysis/#/Sponsor/sponsor | TaiwanStockHoldingSharesPer id=3583
2026-05-26 16:56:05,129 [WARNING]   API異常：Your level is free. Please update your user level. Detail information:https://finmindtrade.com/analysis/#/Sponsor/sponsor | TaiwanStockHoldingSharesPer id=3593
2026-05-26 16:56:06,077 [WARNING]   API異常：Your level is free. Please update your user level. Detail information:https://finmindtrade.com/analysis/#/Sponsor/sponsor | TaiwanStockHoldingSharesPer id=3596
2026-05-26 16:56:07,026 [WARNING]   API異常：Your level is free. Please update your user level. Detail information:https://finmindtrade.com/analysis/#/Sponsor/sponsor | TaiwanStockHoldingSharesPer id=3597
2026-05-26 16:56:07,976 [WARNING]   API異常：Your level is free. Please update your user level. Detail information:https://finmindtrade.com/analysis/#/Sponsor/sponsor | TaiwanStockHoldingSharesPer id=3653
2026-05-26 16:56:08,924 [WARNING]   API異常：Your level is free. Please update your user level. Detail information:https://finmindtrade.com/analysis/#/Sponsor/sponsor | TaiwanStockHoldingSharesPer id=3661
2026-05-26 16:56:09,892 [WARNING]   API異常：Your level is free. Please update your user level. Detail information:https://finmindtrade.com/analysis/#/Sponsor/sponsor | TaiwanStockHoldingSharesPer id=3686
2026-05-26 16:56:10,850 [WARNING]   API異常：Your level is free. Please update your user level. Detail information:https://finmindtrade.com/analysis/#/Sponsor/sponsor | TaiwanStockHoldingSharesPer id=3691
2026-05-26 16:56:11,805 [WARNING]   API異常：Your level is free. Please update your user level. Detail information:https://finmindtrade.com/analysis/#/Sponsor/sponsor | TaiwanStockHoldingSharesPer id=3706
2026-05-26 16:56:12,775 [WARNING]   API異常：Your level is free. Please update your user level. Detail information:https://finmindtrade.com/analysis/#/Sponsor/sponsor | TaiwanStockHoldingSharesPer id=3707
2026-05-26 16:56:13,743 [WARNING]   API異常：Your level is free. Please update your user level. Detail information:https://finmindtrade.com/analysis/#/Sponsor/sponsor | TaiwanStockHoldingSharesPer id=3711
2026-05-26 16:56:14,702 [WARNING]   API異常：Your level is free. Please update your user level. Detail information:https://finmindtrade.com/analysis/#/Sponsor/sponsor | TaiwanStockHoldingSharesPer id=4106
2026-05-26 16:56:15,649 [WARNING]   API異常：Your level is free. Please update your user level. Detail information:https://finmindtrade.com/analysis/#/Sponsor/sponsor | TaiwanStockHoldingSharesPer id=4108
2026-05-26 16:56:16,598 [WARNING]   API異常：Your level is free. Please update your user level. Detail information:https://finmindtrade.com/analysis/#/Sponsor/sponsor | TaiwanStockHoldingSharesPer id=4116
2026-05-26 16:56:17,553 [WARNING]   API異常：Your level is free. Please update your user level. Detail information:https://finmindtrade.com/analysis/#/Sponsor/sponsor | TaiwanStockHoldingSharesPer id=4117
2026-05-26 16:56:18,519 [WARNING]   API異常：Your level is free. Please update your user level. Detail information:https://finmindtrade.com/analysis/#/Sponsor/sponsor | TaiwanStockHoldingSharesPer id=4118
2026-05-26 16:56:19,466 [WARNING]   API異常：Your level is free. Please update your user level. Detail information:https://finmindtrade.com/analysis/#/Sponsor/sponsor | TaiwanStockHoldingSharesPer id=4119
2026-05-26 16:56:20,434 [WARNING]   API異常：Your level is free. Please update your user level. Detail information:https://finmindtrade.com/analysis/#/Sponsor/sponsor | TaiwanStockHoldingSharesPer id=4121
2026-05-26 16:56:21,376 [WARNING]   API異常：Your level is free. Please update your user level. Detail information:https://finmindtrade.com/analysis/#/Sponsor/sponsor | TaiwanStockHoldingSharesPer id=4123
2026-05-26 16:56:22,319 [WARNING]   API異常：Your level is free. Please update your user level. Detail information:https://finmindtrade.com/analysis/#/Sponsor/sponsor | TaiwanStockHoldingSharesPer id=4126
2026-05-26 16:56:23,284 [WARNING]   API異常：Your level is free. Please update your user level. Detail information:https://finmindtrade.com/analysis/#/Sponsor/sponsor | TaiwanStockHoldingSharesPer id=4128
2026-05-26 16:56:24,237 [WARNING]   API異常：Your level is free. Please update your user level. Detail information:https://finmindtrade.com/analysis/#/Sponsor/sponsor | TaiwanStockHoldingSharesPer id=4130
2026-05-26 16:56:25,201 [WARNING]   API異常：Your level is free. Please update your user level. Detail information:https://finmindtrade.com/analysis/#/Sponsor/sponsor | TaiwanStockHoldingSharesPer id=4133
2026-05-26 16:56:26,160 [WARNING]   API異常：Your level is free. Please update your user level. Detail information:https://finmindtrade.com/analysis/#/Sponsor/sponsor | TaiwanStockHoldingSharesPer id=4141
2026-05-26 16:56:27,104 [WARNING]   API異常：Your level is free. Please update your user level. Detail information:https://finmindtrade.com/analysis/#/Sponsor/sponsor | TaiwanStockHoldingSharesPer id=4142
2026-05-26 16:56:28,061 [WARNING]   API異常：Your level is free. Please update your user level. Detail information:https://finmindtrade.com/analysis/#/Sponsor/sponsor | TaiwanStockHoldingSharesPer id=4144
2026-05-26 16:56:29,030 [WARNING]   API異常：Your level is free. Please update your user level. Detail information:https://finmindtrade.com/analysis/#/Sponsor/sponsor | TaiwanStockHoldingSharesPer id=4147
2026-05-26 16:56:29,978 [WARNING]   API異常：Your level is free. Please update your user level. Detail information:https://finmindtrade.com/analysis/#/Sponsor/sponsor | TaiwanStockHoldingSharesPer id=4148
2026-05-26 16:56:30,920 [WARNING]   API異常：Your level is free. Please update your user level. Detail information:https://finmindtrade.com/analysis/#/Sponsor/sponsor | TaiwanStockHoldingSharesPer id=4152
2026-05-26 16:56:31,885 [WARNING]   API異常：Your level is free. Please update your user level. Detail information:https://finmindtrade.com/analysis/#/Sponsor/sponsor | TaiwanStockHoldingSharesPer id=4160
2026-05-26 16:56:32,835 [WARNING]   API異常：Your level is free. Please update your user level. Detail information:https://finmindtrade.com/analysis/#/Sponsor/sponsor | TaiwanStockHoldingSharesPer id=4162
2026-05-26 16:56:33,780 [WARNING]   API異常：Your level is free. Please update your user level. Detail information:https://finmindtrade.com/analysis/#/Sponsor/sponsor | TaiwanStockHoldingSharesPer id=4163
2026-05-26 16:56:34,725 [WARNING]   API異常：Your level is free. Please update your user level. Detail information:https://finmindtrade.com/analysis/#/Sponsor/sponsor | TaiwanStockHoldingSharesPer id=4168
2026-05-26 16:56:35,696 [WARNING]   API異常：Your level is free. Please update your user level. Detail information:https://finmindtrade.com/analysis/#/Sponsor/sponsor | TaiwanStockHoldingSharesPer id=4171
2026-05-26 16:56:36,661 [WARNING]   API異常：Your level is free. Please update your user level. Detail information:https://finmindtrade.com/analysis/#/Sponsor/sponsor | TaiwanStockHoldingSharesPer id=4174
2026-05-26 16:56:37,608 [WARNING]   API異常：Your level is free. Please update your user level. Detail information:https://finmindtrade.com/analysis/#/Sponsor/sponsor | TaiwanStockHoldingSharesPer id=4175
2026-05-26 16:56:38,564 [WARNING]   API異常：Your level is free. Please update your user level. Detail information:https://finmindtrade.com/analysis/#/Sponsor/sponsor | TaiwanStockHoldingSharesPer id=4209
2026-05-26 16:56:39,517 [WARNING]   API異常：Your level is free. Please update your user level. Detail information:https://finmindtrade.com/analysis/#/Sponsor/sponsor | TaiwanStockHoldingSharesPer id=4743
2026-05-26 16:56:40,465 [WARNING]   API異常：Your level is free. Please update your user level. Detail information:https://finmindtrade.com/analysis/#/Sponsor/sponsor | TaiwanStockHoldingSharesPer id=4904
2026-05-26 16:56:41,427 [WARNING]   API異常：Your level is free. Please update your user level. Detail information:https://finmindtrade.com/analysis/#/Sponsor/sponsor | TaiwanStockHoldingSharesPer id=4906
2026-05-26 16:56:42,383 [WARNING]   API異常：Your level is free. Please update your user level. Detail information:https://finmindtrade.com/analysis/#/Sponsor/sponsor | TaiwanStockHoldingSharesPer id=4919
2026-05-26 16:56:43,331 [WARNING]   API異常：Your level is free. Please update your user level. Detail information:https://finmindtrade.com/analysis/#/Sponsor/sponsor | TaiwanStockHoldingSharesPer id=4938
2026-05-26 16:56:44,274 [WARNING]   API異常：Your level is free. Please update your user level. Detail information:https://finmindtrade.com/analysis/#/Sponsor/sponsor | TaiwanStockHoldingSharesPer id=4958
2026-05-26 16:56:45,245 [WARNING]   API異常：Your level is free. Please update your user level. Detail information:https://finmindtrade.com/analysis/#/Sponsor/sponsor | TaiwanStockHoldingSharesPer id=4960
2026-05-26 16:56:46,188 [WARNING]   API異常：Your level is free. Please update your user level. Detail information:https://finmindtrade.com/analysis/#/Sponsor/sponsor | TaiwanStockHoldingSharesPer id=4961
2026-05-26 16:56:47,132 [WARNING]   API異常：Your level is free. Please update your user level. Detail information:https://finmindtrade.com/analysis/#/Sponsor/sponsor | TaiwanStockHoldingSharesPer id=4966
2026-05-26 16:56:48,082 [WARNING]   API異常：Your level is free. Please update your user level. Detail information:https://finmindtrade.com/analysis/#/Sponsor/sponsor | TaiwanStockHoldingSharesPer id=4968
2026-05-26 16:56:49,030 [WARNING]   API異常：Your level is free. Please update your user level. Detail information:https://finmindtrade.com/analysis/#/Sponsor/sponsor | TaiwanStockHoldingSharesPer id=5009
2026-05-26 16:56:49,977 [WARNING]   API異常：Your level is free. Please update your user level. Detail information:https://finmindtrade.com/analysis/#/Sponsor/sponsor | TaiwanStockHoldingSharesPer id=5269
2026-05-26 16:56:50,934 [WARNING]   API異常：Your level is free. Please update your user level. Detail information:https://finmindtrade.com/analysis/#/Sponsor/sponsor | TaiwanStockHoldingSharesPer id=5274
2026-05-26 16:56:51,885 [WARNING]   API異常：Your level is free. Please update your user level. Detail information:https://finmindtrade.com/analysis/#/Sponsor/sponsor | TaiwanStockHoldingSharesPer id=5347
2026-05-26 16:56:52,835 [WARNING]   API異常：Your level is free. Please update your user level. Detail information:https://finmindtrade.com/analysis/#/Sponsor/sponsor | TaiwanStockHoldingSharesPer id=5354
2026-05-26 16:56:53,777 [WARNING]   API異常：Your level is free. Please update your user level. Detail information:https://finmindtrade.com/analysis/#/Sponsor/sponsor | TaiwanStockHoldingSharesPer id=5371
2026-05-26 16:56:54,739 [WARNING]   API異常：Your level is free. Please update your user level. Detail information:https://finmindtrade.com/analysis/#/Sponsor/sponsor | TaiwanStockHoldingSharesPer id=5483
2026-05-26 16:56:55,678 [WARNING]   API異常：Your level is free. Please update your user level. Detail information:https://finmindtrade.com/analysis/#/Sponsor/sponsor | TaiwanStockHoldingSharesPer id=5512
2026-05-26 16:56:56,629 [WARNING]   API異常：Your level is free. Please update your user level. Detail information:https://finmindtrade.com/analysis/#/Sponsor/sponsor | TaiwanStockHoldingSharesPer id=5515
2026-05-26 16:56:57,574 [WARNING]   API異常：Your level is free. Please update your user level. Detail information:https://finmindtrade.com/analysis/#/Sponsor/sponsor | TaiwanStockHoldingSharesPer id=5519
2026-05-26 16:56:58,552 [WARNING]   API異常：Your level is free. Please update your user level. Detail information:https://finmindtrade.com/analysis/#/Sponsor/sponsor | TaiwanStockHoldingSharesPer id=5521
2026-05-26 16:56:59,500 [WARNING]   API異常：Your level is free. Please update your user level. Detail information:https://finmindtrade.com/analysis/#/Sponsor/sponsor | TaiwanStockHoldingSharesPer id=5522
2026-05-26 16:57:00,441 [WARNING]   API異常：Your level is free. Please update your user level. Detail information:https://finmindtrade.com/analysis/#/Sponsor/sponsor | TaiwanStockHoldingSharesPer id=5523
2026-05-26 16:57:01,396 [WARNING]   API異常：Your level is free. Please update your user level. Detail information:https://finmindtrade.com/analysis/#/Sponsor/sponsor | TaiwanStockHoldingSharesPer id=5525
2026-05-26 16:57:02,352 [WARNING]   API異常：Your level is free. Please update your user level. Detail information:https://finmindtrade.com/analysis/#/Sponsor/sponsor | TaiwanStockHoldingSharesPer id=5531
2026-05-26 16:57:03,319 [WARNING]   API異常：Your level is free. Please update your user level. Detail information:https://finmindtrade.com/analysis/#/Sponsor/sponsor | TaiwanStockHoldingSharesPer id=5533
2026-05-26 16:57:04,280 [WARNING]   API異常：Your level is free. Please update your user level. Detail information:https://finmindtrade.com/analysis/#/Sponsor/sponsor | TaiwanStockHoldingSharesPer id=5534
2026-05-26 16:57:05,244 [WARNING]   API異常：Your level is free. Please update your user level. Detail information:https://finmindtrade.com/analysis/#/Sponsor/sponsor | TaiwanStockHoldingSharesPer id=5536
2026-05-26 16:57:06,195 [WARNING]   API異常：Your level is free. Please update your user level. Detail information:https://finmindtrade.com/analysis/#/Sponsor/sponsor | TaiwanStockHoldingSharesPer id=5538
2026-05-26 16:57:07,139 [WARNING]   API異常：Your level is free. Please update your user level. Detail information:https://finmindtrade.com/analysis/#/Sponsor/sponsor | TaiwanStockHoldingSharesPer id=5546
2026-05-26 16:57:08,102 [WARNING]   API異常：Your level is free. Please update your user level. Detail information:https://finmindtrade.com/analysis/#/Sponsor/sponsor | TaiwanStockHoldingSharesPer id=5876
2026-05-26 16:57:09,056 [WARNING]   API異常：Your level is free. Please update your user level. Detail information:https://finmindtrade.com/analysis/#/Sponsor/sponsor | TaiwanStockHoldingSharesPer id=5878
2026-05-26 16:57:10,008 [WARNING]   API異常：Your level is free. Please update your user level. Detail information:https://finmindtrade.com/analysis/#/Sponsor/sponsor | TaiwanStockHoldingSharesPer id=5880
2026-05-26 16:57:10,968 [WARNING]   API異常：Your level is free. Please update your user level. Detail information:https://finmindtrade.com/analysis/#/Sponsor/sponsor | TaiwanStockHoldingSharesPer id=5903
2026-05-26 16:57:11,929 [WARNING]   API異常：Your level is free. Please update your user level. Detail information:https://finmindtrade.com/analysis/#/Sponsor/sponsor | TaiwanStockHoldingSharesPer id=5904
2026-05-26 16:57:12,876 [WARNING]   API異常：Your level is free. Please update your user level. Detail information:https://finmindtrade.com/analysis/#/Sponsor/sponsor | TaiwanStockHoldingSharesPer id=6005
2026-05-26 16:57:13,812 [WARNING]   API異常：Your level is free. Please update your user level. Detail information:https://finmindtrade.com/analysis/#/Sponsor/sponsor | TaiwanStockHoldingSharesPer id=6120
2026-05-26 16:57:14,787 [WARNING]   API異常：Your level is free. Please update your user level. Detail information:https://finmindtrade.com/analysis/#/Sponsor/sponsor | TaiwanStockHoldingSharesPer id=6146
2026-05-26 16:57:15,742 [WARNING]   API異常：Your level is free. Please update your user level. Detail information:https://finmindtrade.com/analysis/#/Sponsor/sponsor | TaiwanStockHoldingSharesPer id=6147
2026-05-26 16:57:16,687 [WARNING]   API異常：Your level is free. Please update your user level. Detail information:https://finmindtrade.com/analysis/#/Sponsor/sponsor | TaiwanStockHoldingSharesPer id=6194
2026-05-26 16:57:17,662 [WARNING]   API異常：Your level is free. Please update your user level. Detail information:https://finmindtrade.com/analysis/#/Sponsor/sponsor | TaiwanStockHoldingSharesPer id=6214
2026-05-26 16:57:18,647 [WARNING]   API異常：Your level is free. Please update your user level. Detail information:https://finmindtrade.com/analysis/#/Sponsor/sponsor | TaiwanStockHoldingSharesPer id=6227
2026-05-26 16:57:19,610 [WARNING]   API異常：Your level is free. Please update your user level. Detail information:https://finmindtrade.com/analysis/#/Sponsor/sponsor | TaiwanStockHoldingSharesPer id=6230
2026-05-26 16:57:20,557 [WARNING]   API異常：Your level is free. Please update your user level. Detail information:https://finmindtrade.com/analysis/#/Sponsor/sponsor | TaiwanStockHoldingSharesPer id=6239
2026-05-26 16:57:21,514 [WARNING]   API異常：Your level is free. Please update your user level. Detail information:https://finmindtrade.com/analysis/#/Sponsor/sponsor | TaiwanStockHoldingSharesPer id=6244
2026-05-26 16:57:22,466 [WARNING]   API異常：Your level is free. Please update your user level. Detail information:https://finmindtrade.com/analysis/#/Sponsor/sponsor | TaiwanStockHoldingSharesPer id=6245
2026-05-26 16:57:23,437 [WARNING]   API異常：Your level is free. Please update your user level. Detail information:https://finmindtrade.com/analysis/#/Sponsor/sponsor | TaiwanStockHoldingSharesPer id=6257
2026-05-26 16:57:24,393 [WARNING]   API異常：Your level is free. Please update your user level. Detail information:https://finmindtrade.com/analysis/#/Sponsor/sponsor | TaiwanStockHoldingSharesPer id=6263
2026-05-26 16:57:25,342 [WARNING]   API異常：Your level is free. Please update your user level. Detail information:https://finmindtrade.com/analysis/#/Sponsor/sponsor | TaiwanStockHoldingSharesPer id=6269
2026-05-26 16:57:26,280 [WARNING]   API異常：Your level is free. Please update your user level. Detail information:https://finmindtrade.com/analysis/#/Sponsor/sponsor | TaiwanStockHoldingSharesPer id=6271
2026-05-26 16:57:27,243 [WARNING]   API異常：Your level is free. Please update your user level. Detail information:https://finmindtrade.com/analysis/#/Sponsor/sponsor | TaiwanStockHoldingSharesPer id=6274
2026-05-26 16:57:28,196 [WARNING]   API異常：Your level is free. Please update your user level. Detail information:https://finmindtrade.com/analysis/#/Sponsor/sponsor | TaiwanStockHoldingSharesPer id=6277
2026-05-26 16:57:29,135 [WARNING]   API異常：Your level is free. Please update your user level. Detail information:https://finmindtrade.com/analysis/#/Sponsor/sponsor | TaiwanStockHoldingSharesPer id=6278
2026-05-26 16:57:30,078 [WARNING]   API異常：Your level is free. Please update your user level. Detail information:https://finmindtrade.com/analysis/#/Sponsor/sponsor | TaiwanStockHoldingSharesPer id=6285
2026-05-26 16:57:31,043 [WARNING]   API異常：Your level is free. Please update your user level. Detail information:https://finmindtrade.com/analysis/#/Sponsor/sponsor | TaiwanStockHoldingSharesPer id=6409
2026-05-26 16:57:32,012 [WARNING]   API異常：Your level is free. Please update your user level. Detail information:https://finmindtrade.com/analysis/#/Sponsor/sponsor | TaiwanStockHoldingSharesPer id=6414
2026-05-26 16:57:32,971 [WARNING]   API異常：Your level is free. Please update your user level. Detail information:https://finmindtrade.com/analysis/#/Sponsor/sponsor | TaiwanStockHoldingSharesPer id=6415
2026-05-26 16:57:33,923 [WARNING]   API異常：Your level is free. Please update your user level. Detail information:https://finmindtrade.com/analysis/#/Sponsor/sponsor | TaiwanStockHoldingSharesPer id=6442
2026-05-26 16:57:34,896 [WARNING]   API異常：Your level is free. Please update your user level. Detail information:https://finmindtrade.com/analysis/#/Sponsor/sponsor | TaiwanStockHoldingSharesPer id=6446
2026-05-26 16:57:36,376 [WARNING]   API異常：Your level is free. Please update your user level. Detail information:https://finmindtrade.com/analysis/#/Sponsor/sponsor | TaiwanStockHoldingSharesPer id=6456
2026-05-26 16:57:37,326 [WARNING]   API異常：Your level is free. Please update your user level. Detail information:https://finmindtrade.com/analysis/#/Sponsor/sponsor | TaiwanStockHoldingSharesPer id=6461
2026-05-26 16:57:38,265 [WARNING]   API異常：Your level is free. Please update your user level. Detail information:https://finmindtrade.com/analysis/#/Sponsor/sponsor | TaiwanStockHoldingSharesPer id=6488
2026-05-26 16:57:39,218 [WARNING]   API異常：Your level is free. Please update your user level. Detail information:https://finmindtrade.com/analysis/#/Sponsor/sponsor | TaiwanStockHoldingSharesPer id=6505
2026-05-26 16:57:40,174 [WARNING]   API異常：Your level is free. Please update your user level. Detail information:https://finmindtrade.com/analysis/#/Sponsor/sponsor | TaiwanStockHoldingSharesPer id=6510
2026-05-26 16:57:41,120 [WARNING]   API異常：Your level is free. Please update your user level. Detail information:https://finmindtrade.com/analysis/#/Sponsor/sponsor | TaiwanStockHoldingSharesPer id=6523
2026-05-26 16:57:42,065 [WARNING]   API異常：Your level is free. Please update your user level. Detail information:https://finmindtrade.com/analysis/#/Sponsor/sponsor | TaiwanStockHoldingSharesPer id=6533
2026-05-26 16:57:43,036 [WARNING]   API異常：Your level is free. Please update your user level. Detail information:https://finmindtrade.com/analysis/#/Sponsor/sponsor | TaiwanStockHoldingSharesPer id=6547
2026-05-26 16:57:44,005 [WARNING]   API異常：Your level is free. Please update your user level. Detail information:https://finmindtrade.com/analysis/#/Sponsor/sponsor | TaiwanStockHoldingSharesPer id=6643
2026-05-26 16:57:44,973 [WARNING]   API異常：Your level is free. Please update your user level. Detail information:https://finmindtrade.com/analysis/#/Sponsor/sponsor | TaiwanStockHoldingSharesPer id=6669
2026-05-26 16:57:45,916 [WARNING]   API異常：Your level is free. Please update your user level. Detail information:https://finmindtrade.com/analysis/#/Sponsor/sponsor | TaiwanStockHoldingSharesPer id=6770
2026-05-26 16:57:46,884 [WARNING]   API異常：Your level is free. Please update your user level. Detail information:https://finmindtrade.com/analysis/#/Sponsor/sponsor | TaiwanStockHoldingSharesPer id=6789
2026-05-26 16:57:47,832 [WARNING]   API異常：Your level is free. Please update your user level. Detail information:https://finmindtrade.com/analysis/#/Sponsor/sponsor | TaiwanStockHoldingSharesPer id=6803
2026-05-26 16:57:48,779 [WARNING]   API異常：Your level is free. Please update your user level. Detail information:https://finmindtrade.com/analysis/#/Sponsor/sponsor | TaiwanStockHoldingSharesPer id=8044
2026-05-26 16:57:49,722 [WARNING]   API異常：Your level is free. Please update your user level. Detail information:https://finmindtrade.com/analysis/#/Sponsor/sponsor | TaiwanStockHoldingSharesPer id=8081
2026-05-26 16:57:50,666 [WARNING]   API異常：Your level is free. Please update your user level. Detail information:https://finmindtrade.com/analysis/#/Sponsor/sponsor | TaiwanStockHoldingSharesPer id=8210
2026-05-26 16:57:51,496 [INFO]   💾 last_update.csv（3 筆）
2026-05-26 16:57:51,496 [INFO] ============================================================
2026-05-26 16:57:51,497 [INFO] ✅ 完成！
2026-05-26 16:57:51,497 [INFO] 🚀 推送到 GitHub...
2026-05-26 16:57:54,247 [INFO]   ✅ 推送成功
2026-05-26 16:57:54,248 [INFO] ============================================================
