date,stock_id,name,net,source
2026-06-23,2344,Foreign_Investor,-25099509.0,twse
2026-06-23,2344,Investment_Trust,0.0,twse
2026-06-23,2344,Dealer_Hedging,39776473.0,twse
2026-06-23,2327,Foreign_Investor,4376875.0,twse
2026-06-23,2327,Investment_Trust,0.0,twse
2026-06-23,2327,Dealer_Hedging,1243051.0,twse
2026-06-23,2359,Foreign_Investor,336204.0,twse
2026-06-23,2359,Investment_Trust,0.0,twse
2026-06-23,2359,Dealer_Hedging,0.0,twse
2026-06-23,2383,Foreign_Investor,468718.0,twse
2026-06-23,2383,Investment_Trust,0.0,twse
2026-06-23,2383,Dealer_Hedging,-73886.0,twse
2026-06-23,2454,Foreign_Investor,1374951.0,twse
2026-06-23,2454,Investment_Trust,0.0,twse
2026-06-23,2454,Dealer_Hedging,-1129266.0,twse
2026-06-23,3665,Foreign_Investor,164916.0,twse
2026-06-23,3665,Investment_Trust,0.0,twse
2026-06-23,3665,Dealer_Hedging,-51928.0,twse
2026-06-23,3017,Foreign_Investor,37175.0,twse
2026-06-23,3017,Investment_Trust,0.0,twse
2026-06-23,3017,Dealer_Hedging,57906.0,twse
2026-06-23,2059,Foreign_Investor,-29287.0,twse
2026-06-23,2059,Investment_Trust,0.0,twse
2026-06-23,2059,Dealer_Hedging,44023.0,twse
2026-06-23,2404,Foreign_Investor,45895.0,twse
2026-06-23,2404,Investment_Trust,0.0,twse
2026-06-23,2404,Dealer_Hedging,-11000.0,twse
2026-06-23,7769,Foreign_Investor,108454.0,twse
2026-06-23,7769,Investment_Trust,0.0,twse
2026-06-23,7769,Dealer_Hedging,-114978.0,twse
2026-06-23,3008,Foreign_Investor,-70796.0,twse
2026-06-23,3008,Investment_Trust,0.0,twse
2026-06-23,3008,Dealer_Hedging,-4963.0,twse
2026-06-23,1519,Foreign_Investor,-227115.0,twse
2026-06-23,1519,Investment_Trust,0.0,twse
2026-06-23,1519,Dealer_Hedging,0.0,twse
2026-06-23,3037,Foreign_Investor,79418.0,twse
2026-06-23,3037,Investment_Trust,0.0,twse
2026-06-23,3037,Dealer_Hedging,-547486.0,twse
2026-06-23,8210,Foreign_Investor,-251942.0,twse
2026-06-23,8210,Investment_Trust,0.0,twse
2026-06-23,8210,Dealer_Hedging,-322000.0,twse
2026-06-23,6451,Foreign_Investor,-644734.0,twse
2026-06-23,6451,Investment_Trust,0.0,twse
2026-06-23,6451,Dealer_Hedging,1000.0,twse
2026-06-23,2345,Foreign_Investor,-504153.0,twse
2026-06-23,2345,Investment_Trust,0.0,twse
2026-06-23,2345,Dealer_Hedging,-151807.0,twse
2026-06-23,3044,Foreign_Investor,-888602.0,twse
2026-06-23,3044,Investment_Trust,0.0,twse
2026-06-23,3044,Dealer_Hedging,83008.0,twse
2026-06-23,2357,Foreign_Investor,-1059518.0,twse
2026-06-23,2357,Investment_Trust,0.0,twse
2026-06-23,2357,Dealer_Hedging,-9575.0,twse
2026-06-23,6285,Foreign_Investor,-945036.0,twse
2026-06-23,6285,Investment_Trust,0.0,twse
2026-06-23,6285,Dealer_Hedging,-99000.0,twse
2026-06-23,2330,Foreign_Investor,-2726298.0,twse
2026-06-23,2330,Investment_Trust,0.0,twse
2026-06-23,2330,Dealer_Hedging,165097.0,twse
2026-06-23,2379,Foreign_Investor,-1721515.0,twse
2026-06-23,2379,Investment_Trust,0.0,twse
2026-06-23,2379,Dealer_Hedging,-8489.0,twse
2026-06-23,2308,Foreign_Investor,-1809419.0,twse
2026-06-23,2308,Investment_Trust,0.0,twse
2026-06-23,2308,Dealer_Hedging,-958904.0,twse
2026-06-23,2368,Foreign_Investor,-2312935.0,twse
2026-06-23,2368,Investment_Trust,0.0,twse
2026-06-23,2368,Dealer_Hedging,-1213360.0,twse
2026-06-23,2301,Foreign_Investor,1670639.0,twse
2026-06-23,2301,Investment_Trust,0.0,twse
2026-06-23,2301,Dealer_Hedging,-4959579.0,twse
2026-06-23,6239,Foreign_Investor,-4733874.0,twse
2026-06-23,6239,Investment_Trust,0.0,twse
2026-06-23,6239,Dealer_Hedging,-158477.0,twse
2026-06-23,2313,Foreign_Investor,-12900492.0,twse
2026-06-23,2313,Investment_Trust,0.0,twse
2026-06-23,2313,Dealer_Hedging,-1196000.0,twse
2026-06-23,3481,Foreign_Investor,-24432170.0,twse
2026-06-23,3481,Investment_Trust,0.0,twse
2026-06-23,3481,Dealer_Hedging,638889.0,twse
2026-06-23,2317,Foreign_Investor,-32411798.0,twse
2026-06-23,2317,Investment_Trust,0.0,twse
2026-06-23,2317,Dealer_Hedging,151383.0,twse
2026-06-23,3131,Foreign_Investor,-59379.0,otc
2026-06-23,3131,Investment_Trust,0.0,otc
2026-06-23,3131,Dealer_Hedging,-59379.0,otc
2026-06-23,3455,Foreign_Investor,-509261.0,otc
2026-06-23,3455,Investment_Trust,0.0,otc
2026-06-23,3455,Dealer_Hedging,-509261.0,otc
2026-06-23,3491,Foreign_Investor,23729.0,otc
2026-06-23,3491,Investment_Trust,0.0,otc
2026-06-23,3491,Dealer_Hedging,23729.0,otc
2026-06-23,5289,Foreign_Investor,-425423.0,otc
2026-06-23,5289,Investment_Trust,0.0,otc
2026-06-23,5289,Dealer_Hedging,-425423.0,otc
2026-06-23,6187,Foreign_Investor,-140930.0,otc
2026-06-23,6187,Investment_Trust,0.0,otc
2026-06-23,6187,Dealer_Hedging,-140930.0,otc
2026-06-23,6274,Foreign_Investor,-1202842.0,otc
2026-06-23,6274,Investment_Trust,0.0,otc
2026-06-23,6274,Dealer_Hedging,-1202842.0,otc
2026-06-23,6510,Foreign_Investor,297084.0,otc
2026-06-23,6510,Investment_Trust,0.0,otc
2026-06-23,6510,Dealer_Hedging,297084.0,otc
2026-06-23,8299,Foreign_Investor,-247456.0,otc
2026-06-23,8299,Investment_Trust,0.0,otc
2026-06-23,8299,Dealer_Hedging,-247456.0,otc
2026-06-23,8358,Foreign_Investor,-1441771.0,otc
2026-06-23,8358,Investment_Trust,0.0,otc
2026-06-23,8358,Dealer_Hedging,-1441771.0,otc
2026-06-24,3665,Foreign_Investor,864690.0,twse
2026-06-24,3665,Investment_Trust,0.0,twse
2026-06-24,3665,Dealer_Hedging,8000.0,twse
2026-06-24,3017,Foreign_Investor,862102.0,twse
2026-06-24,3017,Investment_Trust,0.0,twse
2026-06-24,3017,Dealer_Hedging,-105000.0,twse
2026-06-24,6239,Foreign_Investor,2192092.0,twse
2026-06-24,6239,Investment_Trust,0.0,twse
2026-06-24,6239,Dealer_Hedging,-146000.0,twse
2026-06-24,2059,Foreign_Investor,73338.0,twse
2026-06-24,2059,Investment_Trust,0.0,twse
2026-06-24,2059,Dealer_Hedging,42000.0,twse
2026-06-24,3008,Foreign_Investor,128348.0,twse
2026-06-24,3008,Investment_Trust,0.0,twse
2026-06-24,3008,Dealer_Hedging,10000.0,twse
2026-06-24,6451,Foreign_Investor,41842.0,twse
2026-06-24,6451,Investment_Trust,0.0,twse
2026-06-24,6451,Dealer_Hedging,-2000.0,twse
2026-06-24,6285,Foreign_Investor,983899.0,twse
2026-06-24,6285,Investment_Trust,0.0,twse
2026-06-24,6285,Dealer_Hedging,-880000.0,twse
2026-06-24,7769,Foreign_Investor,49751.0,twse
2026-06-24,7769,Investment_Trust,0.0,twse
2026-06-24,7769,Dealer_Hedging,-97000.0,twse
2026-06-24,2404,Foreign_Investor,-18897.0,twse
2026-06-24,2404,Investment_Trust,0.0,twse
2026-06-24,2404,Dealer_Hedging,-65000.0,twse
2026-06-24,2345,Foreign_Investor,-221513.0,twse
2026-06-24,2345,Investment_Trust,0.0,twse
2026-06-24,2345,Dealer_Hedging,67000.0,twse
2026-06-24,2383,Foreign_Investor,-164376.0,twse
2026-06-24,2383,Investment_Trust,0.0,twse
2026-06-24,2383,Dealer_Hedging,20000.0,twse
2026-06-24,8210,Foreign_Investor,13526.0,twse
2026-06-24,8210,Investment_Trust,0.0,twse
2026-06-24,8210,Dealer_Hedging,-217000.0,twse
2026-06-24,2359,Foreign_Investor,-363903.0,twse
2026-06-24,2359,Investment_Trust,0.0,twse
2026-06-24,2359,Dealer_Hedging,0.0,twse
2026-06-24,1519,Foreign_Investor,-699921.0,twse
2026-06-24,1519,Investment_Trust,0.0,twse
2026-06-24,1519,Dealer_Hedging,0.0,twse
2026-06-24,2368,Foreign_Investor,1082720.0,twse
2026-06-24,2368,Investment_Trust,0.0,twse
2026-06-24,2368,Dealer_Hedging,-1951000.0,twse
2026-06-24,2357,Foreign_Investor,-1225018.0,twse
2026-06-24,2357,Investment_Trust,0.0,twse
2026-06-24,2357,Dealer_Hedging,203179.0,twse
2026-06-24,3044,Foreign_Investor,-1053860.0,twse
2026-06-24,3044,Investment_Trust,0.0,twse
2026-06-24,3044,Dealer_Hedging,110000.0,twse
2026-06-24,2379,Foreign_Investor,-1406432.0,twse
2026-06-24,2379,Investment_Trust,0.0,twse
2026-06-24,2379,Dealer_Hedging,91000.0,twse
2026-06-24,2327,Foreign_Investor,-3279828.0,twse
2026-06-24,2327,Investment_Trust,0.0,twse
2026-06-24,2327,Dealer_Hedging,1539000.0,twse
2026-06-24,2454,Foreign_Investor,-2640933.0,twse
2026-06-24,2454,Investment_Trust,0.0,twse
2026-06-24,2454,Dealer_Hedging,-1469300.0,twse
2026-06-24,2301,Foreign_Investor,-2154909.0,twse
2026-06-24,2301,Investment_Trust,0.0,twse
2026-06-24,2301,Dealer_Hedging,-3701000.0,twse
2026-06-24,2313,Foreign_Investor,-6181095.0,twse
2026-06-24,2313,Investment_Trust,0.0,twse
2026-06-24,2313,Dealer_Hedging,-104000.0,twse
2026-06-24,2308,Foreign_Investor,-2998145.0,twse
2026-06-24,2308,Investment_Trust,0.0,twse
2026-06-24,2308,Dealer_Hedging,-2667000.0,twse
2026-06-24,3037,Foreign_Investor,-7647902.0,twse
2026-06-24,3037,Investment_Trust,0.0,twse
2026-06-24,3037,Dealer_Hedging,-25000.0,twse
2026-06-24,2317,Foreign_Investor,-11991005.0,twse
2026-06-24,2317,Investment_Trust,0.0,twse
2026-06-24,2317,Dealer_Hedging,149000.0,twse
2026-06-24,2344,Foreign_Investor,-51790233.0,twse
2026-06-24,2344,Investment_Trust,0.0,twse
2026-06-24,2344,Dealer_Hedging,33677000.0,twse
2026-06-24,3481,Foreign_Investor,-25214333.0,twse
2026-06-24,3481,Investment_Trust,0.0,twse
2026-06-24,3481,Dealer_Hedging,608000.0,twse
2026-06-24,2330,Foreign_Investor,-38450174.0,twse
2026-06-24,2330,Investment_Trust,0.0,twse
2026-06-24,2330,Dealer_Hedging,685170.0,twse
2026-06-24,3131,Foreign_Investor,53215.0,otc
2026-06-24,3131,Investment_Trust,0.0,otc
2026-06-24,3131,Dealer_Hedging,53215.0,otc
2026-06-24,3455,Foreign_Investor,-259930.0,otc
2026-06-24,3455,Investment_Trust,0.0,otc
2026-06-24,3455,Dealer_Hedging,-259930.0,otc
2026-06-24,3491,Foreign_Investor,-172952.0,otc
2026-06-24,3491,Investment_Trust,0.0,otc
2026-06-24,3491,Dealer_Hedging,-172952.0,otc
2026-06-24,5289,Foreign_Investor,-812430.0,otc
2026-06-24,5289,Investment_Trust,0.0,otc
2026-06-24,5289,Dealer_Hedging,-812430.0,otc
2026-06-24,6187,Foreign_Investor,-710180.0,otc
2026-06-24,6187,Investment_Trust,0.0,otc
2026-06-24,6187,Dealer_Hedging,-710180.0,otc
2026-06-24,6274,Foreign_Investor,-351267.0,otc
2026-06-24,6274,Investment_Trust,0.0,otc
2026-06-24,6274,Dealer_Hedging,-351267.0,otc
2026-06-24,6510,Foreign_Investor,-4482.0,otc
2026-06-24,6510,Investment_Trust,0.0,otc
2026-06-24,6510,Dealer_Hedging,-4482.0,otc
2026-06-24,8299,Foreign_Investor,528028.0,otc
2026-06-24,8299,Investment_Trust,0.0,otc
2026-06-24,8299,Dealer_Hedging,528028.0,otc
2026-06-24,8358,Foreign_Investor,-1340687.0,otc
2026-06-24,8358,Investment_Trust,0.0,otc
2026-06-24,8358,Dealer_Hedging,-1340687.0,otc
2026-06-25,2344,Foreign_Investor,-16919451.0,twse
2026-06-25,2344,Investment_Trust,0.0,twse
2026-06-25,2344,Dealer_Hedging,36974644.0,twse
2026-06-25,3481,Foreign_Investor,10243611.0,twse
2026-06-25,3481,Investment_Trust,0.0,twse
2026-06-25,3481,Dealer_Hedging,185000.0,twse
2026-06-25,3037,Foreign_Investor,6227587.0,twse
2026-06-25,3037,Investment_Trust,0.0,twse
2026-06-25,3037,Dealer_Hedging,2754000.0,twse
2026-06-25,2404,Foreign_Investor,776515.0,twse
2026-06-25,2404,Investment_Trust,0.0,twse
2026-06-25,2404,Dealer_Hedging,1125000.0,twse
2026-06-25,2368,Foreign_Investor,1598045.0,twse
2026-06-25,2368,Investment_Trust,0.0,twse
2026-06-25,2368,Dealer_Hedging,-701000.0,twse
2026-06-25,2327,Foreign_Investor,-2709079.0,twse
2026-06-25,2327,Investment_Trust,0.0,twse
2026-06-25,2327,Dealer_Hedging,3350000.0,twse
2026-06-25,2383,Foreign_Investor,354447.0,twse
2026-06-25,2383,Investment_Trust,0.0,twse
2026-06-25,2383,Dealer_Hedging,14075.0,twse
2026-06-25,2059,Foreign_Investor,126657.0,twse
2026-06-25,2059,Investment_Trust,0.0,twse
2026-06-25,2059,Dealer_Hedging,-50650.0,twse
2026-06-25,7769,Foreign_Investor,40975.0,twse
2026-06-25,7769,Investment_Trust,0.0,twse
2026-06-25,7769,Dealer_Hedging,-49000.0,twse
2026-06-25,6285,Foreign_Investor,880830.0,twse
2026-06-25,6285,Investment_Trust,0.0,twse
2026-06-25,6285,Dealer_Hedging,-833000.0,twse
2026-06-25,3044,Foreign_Investor,99609.0,twse
2026-06-25,3044,Investment_Trust,0.0,twse
2026-06-25,3044,Dealer_Hedging,-181000.0,twse
2026-06-25,3017,Foreign_Investor,-344789.0,twse
2026-06-25,3017,Investment_Trust,0.0,twse
2026-06-25,3017,Dealer_Hedging,159200.0,twse
2026-06-25,2359,Foreign_Investor,-221491.0,twse
2026-06-25,2359,Investment_Trust,0.0,twse
2026-06-25,2359,Dealer_Hedging,0.0,twse
2026-06-25,3665,Foreign_Investor,-124926.0,twse
2026-06-25,3665,Investment_Trust,0.0,twse
2026-06-25,3665,Dealer_Hedging,-241038.0,twse
2026-06-25,2454,Foreign_Investor,1362548.0,twse
2026-06-25,2454,Investment_Trust,0.0,twse
2026-06-25,2454,Dealer_Hedging,-1758409.0,twse
2026-06-25,1519,Foreign_Investor,-365145.0,twse
2026-06-25,1519,Investment_Trust,0.0,twse
2026-06-25,1519,Dealer_Hedging,-50647.0,twse
2026-06-25,3008,Foreign_Investor,-692711.0,twse
2026-06-25,3008,Investment_Trust,0.0,twse
2026-06-25,3008,Dealer_Hedging,196846.0,twse
2026-06-25,8210,Foreign_Investor,-398191.0,twse
2026-06-25,8210,Investment_Trust,0.0,twse
2026-06-25,8210,Dealer_Hedging,-78000.0,twse
2026-06-25,6451,Foreign_Investor,-562161.0,twse
2026-06-25,6451,Investment_Trust,0.0,twse
2026-06-25,6451,Dealer_Hedging,1000.0,twse
2026-06-25,2345,Foreign_Investor,-309524.0,twse
2026-06-25,2345,Investment_Trust,0.0,twse
2026-06-25,2345,Dealer_Hedging,-352952.0,twse
2026-06-25,2379,Foreign_Investor,-829718.0,twse
2026-06-25,2379,Investment_Trust,0.0,twse
2026-06-25,2379,Dealer_Hedging,12578.0,twse
2026-06-25,2357,Foreign_Investor,-1342062.0,twse
2026-06-25,2357,Investment_Trust,0.0,twse
2026-06-25,2357,Dealer_Hedging,402157.0,twse
2026-06-25,2317,Foreign_Investor,-2631772.0,twse
2026-06-25,2317,Investment_Trust,0.0,twse
2026-06-25,2317,Dealer_Hedging,1167885.0,twse
2026-06-25,2308,Foreign_Investor,-137781.0,twse
2026-06-25,2308,Investment_Trust,0.0,twse
2026-06-25,2308,Dealer_Hedging,-1196501.0,twse
2026-06-25,6239,Foreign_Investor,-2967492.0,twse
2026-06-25,6239,Investment_Trust,0.0,twse
2026-06-25,6239,Dealer_Hedging,223608.0,twse
2026-06-25,2301,Foreign_Investor,-1291867.0,twse
2026-06-25,2301,Investment_Trust,0.0,twse
2026-06-25,2301,Dealer_Hedging,-3503000.0,twse
2026-06-25,2330,Foreign_Investor,-6103672.0,twse
2026-06-25,2330,Investment_Trust,0.0,twse
2026-06-25,2330,Dealer_Hedging,174060.0,twse
2026-06-25,2313,Foreign_Investor,-6246691.0,twse
2026-06-25,2313,Investment_Trust,0.0,twse
2026-06-25,2313,Dealer_Hedging,2000.0,twse
2026-06-25,3131,Foreign_Investor,-78127.0,otc
2026-06-25,3131,Investment_Trust,0.0,otc
2026-06-25,3131,Dealer_Hedging,-78127.0,otc
2026-06-25,3455,Foreign_Investor,-298159.0,otc
2026-06-25,3455,Investment_Trust,0.0,otc
2026-06-25,3455,Dealer_Hedging,-298159.0,otc
2026-06-25,3491,Foreign_Investor,-579551.0,otc
2026-06-25,3491,Investment_Trust,0.0,otc
2026-06-25,3491,Dealer_Hedging,-579551.0,otc
2026-06-25,5289,Foreign_Investor,-732008.0,otc
2026-06-25,5289,Investment_Trust,0.0,otc
2026-06-25,5289,Dealer_Hedging,-732008.0,otc
2026-06-25,6187,Foreign_Investor,-75837.0,otc
2026-06-25,6187,Investment_Trust,0.0,otc
2026-06-25,6187,Dealer_Hedging,-75837.0,otc
2026-06-25,6274,Foreign_Investor,-535232.0,otc
2026-06-25,6274,Investment_Trust,0.0,otc
2026-06-25,6274,Dealer_Hedging,-535232.0,otc
2026-06-25,6510,Foreign_Investor,-4219.0,otc
2026-06-25,6510,Investment_Trust,0.0,otc
2026-06-25,6510,Dealer_Hedging,-4219.0,otc
2026-06-25,8299,Foreign_Investor,-110515.0,otc
2026-06-25,8299,Investment_Trust,0.0,otc
2026-06-25,8299,Dealer_Hedging,-110515.0,otc
2026-06-25,8358,Foreign_Investor,-1336374.0,otc
2026-06-25,8358,Investment_Trust,0.0,otc
2026-06-25,8358,Dealer_Hedging,-1336374.0,otc
2026-06-26,6239,Foreign_Investor,7044676.0,twse
2026-06-26,6239,Investment_Trust,0.0,twse
2026-06-26,6239,Dealer_Hedging,-2867785.0,twse
2026-06-26,2368,Foreign_Investor,1993059.0,twse
2026-06-26,2368,Investment_Trust,0.0,twse
2026-06-26,2368,Dealer_Hedging,-439892.0,twse
2026-06-26,2313,Foreign_Investor,870645.0,twse
2026-06-26,2313,Investment_Trust,0.0,twse
2026-06-26,2313,Dealer_Hedging,-57000.0,twse
2026-06-26,2404,Foreign_Investor,364814.0,twse
2026-06-26,2404,Investment_Trust,0.0,twse
2026-06-26,2404,Dealer_Hedging,425000.0,twse
2026-06-26,2345,Foreign_Investor,699732.0,twse
2026-06-26,2345,Investment_Trust,0.0,twse
2026-06-26,2345,Dealer_Hedging,44096.0,twse
2026-06-26,6285,Foreign_Investor,840681.0,twse
2026-06-26,6285,Investment_Trust,0.0,twse
2026-06-26,6285,Dealer_Hedging,5000.0,twse
2026-06-26,6451,Foreign_Investor,503661.0,twse
2026-06-26,6451,Investment_Trust,0.0,twse
2026-06-26,6451,Dealer_Hedging,0.0,twse
2026-06-26,3665,Foreign_Investor,612963.0,twse
2026-06-26,3665,Investment_Trust,0.0,twse
2026-06-26,3665,Dealer_Hedging,-176950.0,twse
2026-06-26,2383,Foreign_Investor,97857.0,twse
2026-06-26,2383,Investment_Trust,0.0,twse
2026-06-26,2383,Dealer_Hedging,-44927.0,twse
2026-06-26,2059,Foreign_Investor,22178.0,twse
2026-06-26,2059,Investment_Trust,0.0,twse
2026-06-26,2059,Dealer_Hedging,-472.0,twse
2026-06-26,7769,Foreign_Investor,-48323.0,twse
2026-06-26,7769,Investment_Trust,0.0,twse
2026-06-26,7769,Dealer_Hedging,-35139.0,twse
2026-06-26,8210,Foreign_Investor,-111718.0,twse
2026-06-26,8210,Investment_Trust,0.0,twse
2026-06-26,8210,Dealer_Hedging,-18000.0,twse
2026-06-26,1519,Foreign_Investor,-45110.0,twse
2026-06-26,1519,Investment_Trust,0.0,twse
2026-06-26,1519,Dealer_Hedging,-49000.0,twse
2026-06-26,2359,Foreign_Investor,-260205.0,twse
2026-06-26,2359,Investment_Trust,0.0,twse
2026-06-26,2359,Dealer_Hedging,0.0,twse
2026-06-26,3008,Foreign_Investor,-173304.0,twse
2026-06-26,3008,Investment_Trust,0.0,twse
2026-06-26,3008,Dealer_Hedging,-137982.0,twse
2026-06-26,3044,Foreign_Investor,-100441.0,twse
2026-06-26,3044,Investment_Trust,0.0,twse
2026-06-26,3044,Dealer_Hedging,-537947.0,twse
2026-06-26,2379,Foreign_Investor,-1371490.0,twse
2026-06-26,2379,Investment_Trust,0.0,twse
2026-06-26,2379,Dealer_Hedging,917241.0,twse
2026-06-26,2357,Foreign_Investor,-472916.0,twse
2026-06-26,2357,Investment_Trust,0.0,twse
2026-06-26,2357,Dealer_Hedging,-1325953.0,twse
2026-06-26,3017,Foreign_Investor,-2053769.0,twse
2026-06-26,3017,Investment_Trust,0.0,twse
2026-06-26,3017,Dealer_Hedging,166062.0,twse
2026-06-26,3037,Foreign_Investor,-9034529.0,twse
2026-06-26,3037,Investment_Trust,0.0,twse
2026-06-26,3037,Dealer_Hedging,4616257.0,twse
2026-06-26,2327,Foreign_Investor,-7217850.0,twse
2026-06-26,2327,Investment_Trust,0.0,twse
2026-06-26,2327,Dealer_Hedging,994663.0,twse
2026-06-26,2308,Foreign_Investor,-5478884.0,twse
2026-06-26,2308,Investment_Trust,0.0,twse
2026-06-26,2308,Dealer_Hedging,-1049786.0,twse
2026-06-26,2454,Foreign_Investor,-5239048.0,twse
2026-06-26,2454,Investment_Trust,0.0,twse
2026-06-26,2454,Dealer_Hedging,-941719.0,twse
2026-06-26,2301,Foreign_Investor,-8736103.0,twse
2026-06-26,2301,Investment_Trust,0.0,twse
2026-06-26,2301,Dealer_Hedging,-1964008.0,twse
2026-06-26,2344,Foreign_Investor,-18445690.0,twse
2026-06-26,2344,Investment_Trust,0.0,twse
2026-06-26,2344,Dealer_Hedging,8023085.0,twse
2026-06-26,2330,Foreign_Investor,-14281155.0,twse
2026-06-26,2330,Investment_Trust,0.0,twse
2026-06-26,2330,Dealer_Hedging,734398.0,twse
2026-06-26,2317,Foreign_Investor,-30327761.0,twse
2026-06-26,2317,Investment_Trust,0.0,twse
2026-06-26,2317,Dealer_Hedging,1670245.0,twse
2026-06-26,3481,Foreign_Investor,-152253028.0,twse
2026-06-26,3481,Investment_Trust,0.0,twse
2026-06-26,3481,Dealer_Hedging,111220.0,twse
2026-06-26,3131,Foreign_Investor,-5917.0,otc
2026-06-26,3131,Investment_Trust,0.0,otc
2026-06-26,3131,Dealer_Hedging,-5917.0,otc
2026-06-26,3455,Foreign_Investor,372955.0,otc
2026-06-26,3455,Investment_Trust,0.0,otc
2026-06-26,3455,Dealer_Hedging,372955.0,otc
2026-06-26,3491,Foreign_Investor,354865.0,otc
2026-06-26,3491,Investment_Trust,0.0,otc
2026-06-26,3491,Dealer_Hedging,354865.0,otc
2026-06-26,5289,Foreign_Investor,-512165.0,otc
2026-06-26,5289,Investment_Trust,0.0,otc
2026-06-26,5289,Dealer_Hedging,-512165.0,otc
2026-06-26,6187,Foreign_Investor,159704.0,otc
2026-06-26,6187,Investment_Trust,0.0,otc
2026-06-26,6187,Dealer_Hedging,159704.0,otc
2026-06-26,6274,Foreign_Investor,539244.0,otc
2026-06-26,6274,Investment_Trust,0.0,otc
2026-06-26,6274,Dealer_Hedging,539244.0,otc
2026-06-26,6510,Foreign_Investor,-44286.0,otc
2026-06-26,6510,Investment_Trust,0.0,otc
2026-06-26,6510,Dealer_Hedging,-44286.0,otc
2026-06-26,8299,Foreign_Investor,174398.0,otc
2026-06-26,8299,Investment_Trust,0.0,otc
2026-06-26,8299,Dealer_Hedging,174398.0,otc
2026-06-26,8358,Foreign_Investor,-3186663.0,otc
2026-06-26,8358,Investment_Trust,0.0,otc
2026-06-26,8358,Dealer_Hedging,-3186663.0,otc
2026-06-29,2301,Foreign_Investor,2069576.0,twse
2026-06-29,2301,Investment_Trust,0.0,twse
2026-06-29,2301,Dealer_Hedging,-1136882.0,twse
2026-06-29,2454,Foreign_Investor,1125600.0,twse
2026-06-29,2454,Investment_Trust,0.0,twse
2026-06-29,2454,Dealer_Hedging,-616022.0,twse
2026-06-29,2308,Foreign_Investor,233391.0,twse
2026-06-29,2308,Investment_Trust,0.0,twse
2026-06-29,2308,Dealer_Hedging,-89656.0,twse
2026-06-29,3017,Foreign_Investor,312425.0,twse
2026-06-29,3017,Investment_Trust,0.0,twse
2026-06-29,3017,Dealer_Hedging,214187.0,twse
2026-06-29,2379,Foreign_Investor,-347427.0,twse
2026-06-29,2379,Investment_Trust,0.0,twse
2026-06-29,2379,Dealer_Hedging,824037.0,twse
2026-06-29,6239,Foreign_Investor,3273598.0,twse
2026-06-29,6239,Investment_Trust,0.0,twse
2026-06-29,6239,Dealer_Hedging,-2703000.0,twse
2026-06-29,3533,Foreign_Investor,203938.0,twse
2026-06-29,3533,Investment_Trust,0.0,twse
2026-06-29,3533,Dealer_Hedging,12500.0,twse
2026-06-29,3665,Foreign_Investor,274665.0,twse
2026-06-29,3665,Investment_Trust,0.0,twse
2026-06-29,3665,Dealer_Hedging,-75889.0,twse
2026-06-29,6285,Foreign_Investor,77896.0,twse
2026-06-29,6285,Investment_Trust,0.0,twse
2026-06-29,6285,Dealer_Hedging,-33554.0,twse
2026-06-29,3044,Foreign_Investor,394270.0,twse
2026-06-29,3044,Investment_Trust,0.0,twse
2026-06-29,3044,Dealer_Hedging,-321977.0,twse
2026-06-29,2368,Foreign_Investor,1593754.0,twse
2026-06-29,2368,Investment_Trust,0.0,twse
2026-06-29,2368,Dealer_Hedging,-1541781.0,twse
2026-06-29,6669,Foreign_Investor,78438.0,twse
2026-06-29,6669,Investment_Trust,0.0,twse
2026-06-29,6669,Dealer_Hedging,-78920.0,twse
2026-06-29,2359,Foreign_Investor,76380.0,twse
2026-06-29,2359,Investment_Trust,0.0,twse
2026-06-29,2359,Dealer_Hedging,0.0,twse
2026-06-29,2383,Foreign_Investor,72513.0,twse
2026-06-29,2383,Investment_Trust,0.0,twse
2026-06-29,2383,Dealer_Hedging,-27826.0,twse
2026-06-29,2059,Foreign_Investor,5943.0,twse
2026-06-29,2059,Investment_Trust,0.0,twse
2026-06-29,2059,Dealer_Hedging,8389.0,twse
2026-06-29,7769,Foreign_Investor,432.0,twse
2026-06-29,7769,Investment_Trust,0.0,twse
2026-06-29,7769,Dealer_Hedging,833.0,twse
2026-06-29,2330,Foreign_Investor,-1912490.0,twse
2026-06-29,2330,Investment_Trust,0.0,twse
2026-06-29,2330,Dealer_Hedging,903216.0,twse
2026-06-29,1519,Foreign_Investor,-96304.0,twse
2026-06-29,1519,Investment_Trust,0.0,twse
2026-06-29,1519,Dealer_Hedging,-1000.0,twse
2026-06-29,8210,Foreign_Investor,123938.0,twse
2026-06-29,8210,Investment_Trust,0.0,twse
2026-06-29,8210,Dealer_Hedging,-235000.0,twse
2026-06-29,6451,Foreign_Investor,-229763.0,twse
2026-06-29,6451,Investment_Trust,0.0,twse
2026-06-29,6451,Dealer_Hedging,0.0,twse
2026-06-29,2345,Foreign_Investor,-195811.0,twse
2026-06-29,2345,Investment_Trust,0.0,twse
2026-06-29,2345,Dealer_Hedging,-173711.0,twse
2026-06-29,2404,Foreign_Investor,-483532.0,twse
2026-06-29,2404,Investment_Trust,0.0,twse
2026-06-29,2404,Dealer_Hedging,129000.0,twse
2026-06-29,3037,Foreign_Investor,-2028734.0,twse
2026-06-29,3037,Investment_Trust,0.0,twse
2026-06-29,3037,Dealer_Hedging,1544770.0,twse
2026-06-29,2317,Foreign_Investor,-20344952.0,twse
2026-06-29,2317,Investment_Trust,0.0,twse
2026-06-29,2317,Dealer_Hedging,1866782.0,twse
2026-06-29,3131,Foreign_Investor,31350.0,otc
2026-06-29,3131,Investment_Trust,0.0,otc
2026-06-29,3131,Dealer_Hedging,31350.0,otc
2026-06-29,3455,Foreign_Investor,36927.0,otc
2026-06-29,3455,Investment_Trust,0.0,otc
2026-06-29,3455,Dealer_Hedging,36927.0,otc
2026-06-29,3491,Foreign_Investor,53405.0,otc
2026-06-29,3491,Investment_Trust,0.0,otc
2026-06-29,3491,Dealer_Hedging,53405.0,otc
2026-06-29,5289,Foreign_Investor,268314.0,otc
2026-06-29,5289,Investment_Trust,0.0,otc
2026-06-29,5289,Dealer_Hedging,268314.0,otc
2026-06-29,6187,Foreign_Investor,-355490.0,otc
2026-06-29,6187,Investment_Trust,0.0,otc
2026-06-29,6187,Dealer_Hedging,-355490.0,otc
2026-06-29,6274,Foreign_Investor,1402438.0,otc
2026-06-29,6274,Investment_Trust,0.0,otc
2026-06-29,6274,Dealer_Hedging,1402438.0,otc
2026-06-29,6510,Foreign_Investor,35232.0,otc
2026-06-29,6510,Investment_Trust,0.0,otc
2026-06-29,6510,Dealer_Hedging,35232.0,otc
2026-06-29,8299,Foreign_Investor,261149.0,otc
2026-06-29,8299,Investment_Trust,0.0,otc
2026-06-29,8299,Dealer_Hedging,261149.0,otc
2026-06-29,8358,Foreign_Investor,-360085.0,otc
2026-06-29,8358,Investment_Trust,0.0,otc
2026-06-29,8358,Dealer_Hedging,-360085.0,otc
2026-06-30,3037,Foreign_Investor,3620829.0,twse
2026-06-30,3037,Investment_Trust,0.0,twse
2026-06-30,3037,Dealer_Hedging,1866000.0,twse
2026-06-30,2301,Foreign_Investor,6668574.0,twse
2026-06-30,2301,Investment_Trust,0.0,twse
2026-06-30,2301,Dealer_Hedging,-2065000.0,twse
2026-06-30,6285,Foreign_Investor,2991596.0,twse
2026-06-30,6285,Investment_Trust,0.0,twse
2026-06-30,6285,Dealer_Hedging,-49401.0,twse
2026-06-30,6239,Foreign_Investor,4883262.0,twse
2026-06-30,6239,Investment_Trust,0.0,twse
2026-06-30,6239,Dealer_Hedging,-2232797.0,twse
2026-06-30,3017,Foreign_Investor,1693823.0,twse
2026-06-30,3017,Investment_Trust,0.0,twse
2026-06-30,3017,Dealer_Hedging,259000.0,twse
2026-06-30,2345,Foreign_Investor,313738.0,twse
2026-06-30,2345,Investment_Trust,0.0,twse
2026-06-30,2345,Dealer_Hedging,77000.0,twse
2026-06-30,2454,Foreign_Investor,814245.0,twse
2026-06-30,2454,Investment_Trust,0.0,twse
2026-06-30,2454,Dealer_Hedging,-678596.0,twse
2026-06-30,2359,Foreign_Investor,43161.0,twse
2026-06-30,2359,Investment_Trust,0.0,twse
2026-06-30,2359,Dealer_Hedging,0.0,twse
2026-06-30,3044,Foreign_Investor,625632.0,twse
2026-06-30,3044,Investment_Trust,0.0,twse
2026-06-30,3044,Dealer_Hedging,-735000.0,twse
2026-06-30,8210,Foreign_Investor,-131422.0,twse
2026-06-30,8210,Investment_Trust,0.0,twse
2026-06-30,8210,Dealer_Hedging,34000.0,twse
2026-06-30,2059,Foreign_Investor,-67749.0,twse
2026-06-30,2059,Investment_Trust,0.0,twse
2026-06-30,2059,Dealer_Hedging,22000.0,twse
2026-06-30,3665,Foreign_Investor,-148633.0,twse
2026-06-30,3665,Investment_Trust,0.0,twse
2026-06-30,3665,Dealer_Hedging,19000.0,twse
2026-06-30,3533,Foreign_Investor,251243.0,twse
2026-06-30,3533,Investment_Trust,0.0,twse
2026-06-30,3533,Dealer_Hedging,-379000.0,twse
2026-06-30,7769,Foreign_Investor,-117710.0,twse
2026-06-30,7769,Investment_Trust,0.0,twse
2026-06-30,7769,Dealer_Hedging,-8000.0,twse
2026-06-30,6669,Foreign_Investor,-540085.0,twse
2026-06-30,6669,Investment_Trust,0.0,twse
2026-06-30,6669,Dealer_Hedging,381000.0,twse
2026-06-30,2317,Foreign_Investor,-763643.0,twse
2026-06-30,2317,Investment_Trust,0.0,twse
2026-06-30,2317,Dealer_Hedging,-832035.0,twse
2026-06-30,2383,Foreign_Investor,-111163.0,twse
2026-06-30,2383,Investment_Trust,0.0,twse
2026-06-30,2383,Dealer_Hedging,-209000.0,twse
2026-06-30,2368,Foreign_Investor,-220759.0,twse
2026-06-30,2368,Investment_Trust,0.0,twse
2026-06-30,2368,Dealer_Hedging,-197000.0,twse
2026-06-30,6451,Foreign_Investor,-436681.0,twse
2026-06-30,6451,Investment_Trust,0.0,twse
2026-06-30,6451,Dealer_Hedging,0.0,twse
2026-06-30,2379,Foreign_Investor,-1244436.0,twse
2026-06-30,2379,Investment_Trust,0.0,twse
2026-06-30,2379,Dealer_Hedging,830193.0,twse
2026-06-30,2404,Foreign_Investor,-434801.0,twse
2026-06-30,2404,Investment_Trust,0.0,twse
2026-06-30,2404,Dealer_Hedging,-300000.0,twse
2026-06-30,2330,Foreign_Investor,-1425774.0,twse
2026-06-30,2330,Investment_Trust,0.0,twse
2026-06-30,2330,Dealer_Hedging,-50595.0,twse
2026-06-30,1519,Foreign_Investor,-825109.0,twse
2026-06-30,1519,Investment_Trust,0.0,twse
2026-06-30,1519,Dealer_Hedging,0.0,twse
2026-06-30,2308,Foreign_Investor,-1444331.0,twse
2026-06-30,2308,Investment_Trust,0.0,twse
2026-06-30,2308,Dealer_Hedging,40000.0,twse
2026-06-30,3131,Foreign_Investor,-42404.0,otc
2026-06-30,3131,Investment_Trust,0.0,otc
2026-06-30,3131,Dealer_Hedging,-42404.0,otc
2026-06-30,3455,Foreign_Investor,75377.0,otc
2026-06-30,3455,Investment_Trust,0.0,otc
2026-06-30,3455,Dealer_Hedging,75377.0,otc
2026-06-30,3491,Foreign_Investor,-314310.0,otc
2026-06-30,3491,Investment_Trust,0.0,otc
2026-06-30,3491,Dealer_Hedging,-314310.0,otc
2026-06-30,5289,Foreign_Investor,-253746.0,otc
2026-06-30,5289,Investment_Trust,0.0,otc
2026-06-30,5289,Dealer_Hedging,-253746.0,otc
2026-06-30,6187,Foreign_Investor,-72706.0,otc
2026-06-30,6187,Investment_Trust,0.0,otc
2026-06-30,6187,Dealer_Hedging,-72706.0,otc
2026-06-30,6274,Foreign_Investor,-378651.0,otc
2026-06-30,6274,Investment_Trust,0.0,otc
2026-06-30,6274,Dealer_Hedging,-378651.0,otc
2026-06-30,6510,Foreign_Investor,202112.0,otc
2026-06-30,6510,Investment_Trust,0.0,otc
2026-06-30,6510,Dealer_Hedging,202112.0,otc
2026-06-30,8299,Foreign_Investor,74563.0,otc
2026-06-30,8299,Investment_Trust,0.0,otc
2026-06-30,8299,Dealer_Hedging,74563.0,otc
2026-06-30,8358,Foreign_Investor,296487.0,otc
2026-06-30,8358,Investment_Trust,0.0,otc
2026-06-30,8358,Dealer_Hedging,296487.0,otc
2026-07-01,2330,Foreign_Investor,7399623.0,twse
2026-07-01,2330,Investment_Trust,0.0,twse
2026-07-01,2330,Dealer_Hedging,4410458.0,twse
2026-07-01,2301,Foreign_Investor,3672738.0,twse
2026-07-01,2301,Investment_Trust,0.0,twse
2026-07-01,2301,Dealer_Hedging,-1004000.0,twse
2026-07-01,3037,Foreign_Investor,119712.0,twse
2026-07-01,3037,Investment_Trust,0.0,twse
2026-07-01,3037,Dealer_Hedging,2054000.0,twse
2026-07-01,3017,Foreign_Investor,870718.0,twse
2026-07-01,3017,Investment_Trust,0.0,twse
2026-07-01,3017,Dealer_Hedging,308000.0,twse
2026-07-01,2404,Foreign_Investor,845076.0,twse
2026-07-01,2404,Investment_Trust,0.0,twse
2026-07-01,2404,Dealer_Hedging,18000.0,twse
2026-07-01,2345,Foreign_Investor,717708.0,twse
2026-07-01,2345,Investment_Trust,0.0,twse
2026-07-01,2345,Dealer_Hedging,42205.0,twse
2026-07-01,6239,Foreign_Investor,2752139.0,twse
2026-07-01,6239,Investment_Trust,0.0,twse
2026-07-01,6239,Dealer_Hedging,-2076797.0,twse
2026-07-01,2359,Foreign_Investor,544707.0,twse
2026-07-01,2359,Investment_Trust,0.0,twse
2026-07-01,2359,Dealer_Hedging,0.0,twse
2026-07-01,2308,Foreign_Investor,396862.0,twse
2026-07-01,2308,Investment_Trust,0.0,twse
2026-07-01,2308,Dealer_Hedging,67686.0,twse
2026-07-01,2454,Foreign_Investor,494255.0,twse
2026-07-01,2454,Investment_Trust,0.0,twse
2026-07-01,2454,Dealer_Hedging,-159549.0,twse
2026-07-01,6669,Foreign_Investor,-173651.0,twse
2026-07-01,6669,Investment_Trust,0.0,twse
2026-07-01,6669,Dealer_Hedging,436000.0,twse
2026-07-01,3665,Foreign_Investor,264712.0,twse
2026-07-01,3665,Investment_Trust,0.0,twse
2026-07-01,3665,Dealer_Hedging,-37000.0,twse
2026-07-01,7769,Foreign_Investor,-57515.0,twse
2026-07-01,7769,Investment_Trust,0.0,twse
2026-07-01,7769,Dealer_Hedging,251000.0,twse
2026-07-01,2379,Foreign_Investor,-2541142.0,twse
2026-07-01,2379,Investment_Trust,0.0,twse
2026-07-01,2379,Dealer_Hedging,2920193.0,twse
2026-07-01,2368,Foreign_Investor,115587.0,twse
2026-07-01,2368,Investment_Trust,0.0,twse
2026-07-01,2368,Dealer_Hedging,0.0,twse
2026-07-01,3533,Foreign_Investor,213612.0,twse
2026-07-01,3533,Investment_Trust,0.0,twse
2026-07-01,3533,Dealer_Hedging,-265000.0,twse
2026-07-01,2383,Foreign_Investor,60944.0,twse
2026-07-01,2383,Investment_Trust,0.0,twse
2026-07-01,2383,Dealer_Hedging,-160626.0,twse
2026-07-01,2059,Foreign_Investor,-78705.0,twse
2026-07-01,2059,Investment_Trust,0.0,twse
2026-07-01,2059,Dealer_Hedging,0.0,twse
2026-07-01,8210,Foreign_Investor,-192223.0,twse
2026-07-01,8210,Investment_Trust,0.0,twse
2026-07-01,8210,Dealer_Hedging,10000.0,twse
2026-07-01,6451,Foreign_Investor,-446179.0,twse
2026-07-01,6451,Investment_Trust,0.0,twse
2026-07-01,6451,Dealer_Hedging,-53000.0,twse
2026-07-01,3044,Foreign_Investor,2248949.0,twse
2026-07-01,3044,Investment_Trust,0.0,twse
2026-07-01,3044,Dealer_Hedging,-3015000.0,twse
2026-07-01,1519,Foreign_Investor,-1150727.0,twse
2026-07-01,1519,Investment_Trust,0.0,twse
2026-07-01,1519,Dealer_Hedging,-232715.0,twse
2026-07-01,6285,Foreign_Investor,-3996197.0,twse
2026-07-01,6285,Investment_Trust,0.0,twse
2026-07-01,6285,Dealer_Hedging,-31294.0,twse
2026-07-01,2317,Foreign_Investor,-22390281.0,twse
2026-07-01,2317,Investment_Trust,0.0,twse
2026-07-01,2317,Dealer_Hedging,-1296863.0,twse
2026-07-01,3131,Foreign_Investor,52898.0,otc
2026-07-01,3131,Investment_Trust,0.0,otc
2026-07-01,3131,Dealer_Hedging,52898.0,otc
2026-07-01,3455,Foreign_Investor,-20485.0,otc
2026-07-01,3455,Investment_Trust,0.0,otc
2026-07-01,3455,Dealer_Hedging,-20485.0,otc
2026-07-01,3491,Foreign_Investor,-28474.0,otc
2026-07-01,3491,Investment_Trust,0.0,otc
2026-07-01,3491,Dealer_Hedging,-28474.0,otc
2026-07-01,5289,Foreign_Investor,949448.0,otc
2026-07-01,5289,Investment_Trust,0.0,otc
2026-07-01,5289,Dealer_Hedging,949448.0,otc
2026-07-01,6187,Foreign_Investor,399079.0,otc
2026-07-01,6187,Investment_Trust,0.0,otc
2026-07-01,6187,Dealer_Hedging,399079.0,otc
2026-07-01,6274,Foreign_Investor,-147231.0,otc
2026-07-01,6274,Investment_Trust,0.0,otc
2026-07-01,6274,Dealer_Hedging,-147231.0,otc
2026-07-01,6510,Foreign_Investor,31694.0,otc
2026-07-01,6510,Investment_Trust,0.0,otc
2026-07-01,6510,Dealer_Hedging,31694.0,otc
2026-07-01,8299,Foreign_Investor,-380710.0,otc
2026-07-01,8299,Investment_Trust,0.0,otc
2026-07-01,8299,Dealer_Hedging,-380710.0,otc
2026-07-01,8358,Foreign_Investor,-2252142.0,otc
2026-07-01,8358,Investment_Trust,0.0,otc
2026-07-01,8358,Dealer_Hedging,-2252142.0,otc
2026-07-02,2301,Foreign_Investor,3176407.0,twse
2026-07-02,2301,Investment_Trust,0.0,twse
2026-07-02,2301,Dealer_Hedging,-730395.0,twse
2026-07-02,3017,Foreign_Investor,115408.0,twse
2026-07-02,3017,Investment_Trust,0.0,twse
2026-07-02,3017,Dealer_Hedging,1231925.0,twse
2026-07-02,2404,Foreign_Investor,671828.0,twse
2026-07-02,2404,Investment_Trust,0.0,twse
2026-07-02,2404,Dealer_Hedging,220000.0,twse
2026-07-02,2359,Foreign_Investor,742185.0,twse
2026-07-02,2359,Investment_Trust,0.0,twse
2026-07-02,2359,Dealer_Hedging,0.0,twse
2026-07-02,6285,Foreign_Investor,416924.0,twse
2026-07-02,6285,Investment_Trust,0.0,twse
2026-07-02,6285,Dealer_Hedging,23000.0,twse
2026-07-02,6451,Foreign_Investor,204138.0,twse
2026-07-02,6451,Investment_Trust,0.0,twse
2026-07-02,6451,Dealer_Hedging,-89000.0,twse
2026-07-02,6669,Foreign_Investor,-911650.0,twse
2026-07-02,6669,Investment_Trust,0.0,twse
2026-07-02,6669,Dealer_Hedging,941672.0,twse
2026-07-02,2383,Foreign_Investor,-36476.0,twse
2026-07-02,2383,Investment_Trust,0.0,twse
2026-07-02,2383,Dealer_Hedging,6255.0,twse
2026-07-02,3665,Foreign_Investor,142877.0,twse
2026-07-02,3665,Investment_Trust,0.0,twse
2026-07-02,3665,Dealer_Hedging,-150804.0,twse
2026-07-02,3533,Foreign_Investor,124017.0,twse
2026-07-02,3533,Investment_Trust,0.0,twse
2026-07-02,3533,Dealer_Hedging,-157000.0,twse
2026-07-02,2345,Foreign_Investor,-315747.0,twse
2026-07-02,2345,Investment_Trust,0.0,twse
2026-07-02,2345,Dealer_Hedging,173093.0,twse
2026-07-02,2059,Foreign_Investor,-58561.0,twse
2026-07-02,2059,Investment_Trust,0.0,twse
2026-07-02,2059,Dealer_Hedging,14077.0,twse
2026-07-02,7769,Foreign_Investor,-146293.0,twse
2026-07-02,7769,Investment_Trust,0.0,twse
2026-07-02,7769,Dealer_Hedging,29902.0,twse
2026-07-02,1519,Foreign_Investor,-122070.0,twse
2026-07-02,1519,Investment_Trust,0.0,twse
2026-07-02,1519,Dealer_Hedging,-21000.0,twse
2026-07-02,2368,Foreign_Investor,-66146.0,twse
2026-07-02,2368,Investment_Trust,0.0,twse
2026-07-02,2368,Dealer_Hedging,-237559.0,twse
2026-07-02,8210,Foreign_Investor,179331.0,twse
2026-07-02,8210,Investment_Trust,0.0,twse
2026-07-02,8210,Dealer_Hedging,-371000.0,twse
2026-07-02,2379,Foreign_Investor,-1410300.0,twse
2026-07-02,2379,Investment_Trust,0.0,twse
2026-07-02,2379,Dealer_Hedging,888254.0,twse
2026-07-02,3044,Foreign_Investor,2538344.0,twse
2026-07-02,3044,Investment_Trust,0.0,twse
2026-07-02,3044,Dealer_Hedging,-3344220.0,twse
2026-07-02,2454,Foreign_Investor,-1113284.0,twse
2026-07-02,2454,Investment_Trust,0.0,twse
2026-07-02,2454,Dealer_Hedging,76889.0,twse
2026-07-02,2308,Foreign_Investor,-1491012.0,twse
2026-07-02,2308,Investment_Trust,0.0,twse
2026-07-02,2308,Dealer_Hedging,88919.0,twse
2026-07-02,6239,Foreign_Investor,485676.0,twse
2026-07-02,6239,Investment_Trust,0.0,twse
2026-07-02,6239,Dealer_Hedging,-3219000.0,twse
2026-07-02,2330,Foreign_Investor,-12253526.0,twse
2026-07-02,2330,Investment_Trust,0.0,twse
2026-07-02,2330,Dealer_Hedging,1025849.0,twse
2026-07-02,3037,Foreign_Investor,-11429884.0,twse
2026-07-02,3037,Investment_Trust,0.0,twse
2026-07-02,3037,Dealer_Hedging,285415.0,twse
2026-07-02,2317,Foreign_Investor,-25247595.0,twse
2026-07-02,2317,Investment_Trust,0.0,twse
2026-07-02,2317,Dealer_Hedging,1555301.0,twse
2026-07-02,3131,Foreign_Investor,-9192.0,otc
2026-07-02,3131,Investment_Trust,0.0,otc
2026-07-02,3131,Dealer_Hedging,-9192.0,otc
2026-07-02,3455,Foreign_Investor,17348.0,otc
2026-07-02,3455,Investment_Trust,0.0,otc
2026-07-02,3455,Dealer_Hedging,17348.0,otc
2026-07-02,3491,Foreign_Investor,-76069.0,otc
2026-07-02,3491,Investment_Trust,0.0,otc
2026-07-02,3491,Dealer_Hedging,-76069.0,otc
2026-07-02,5289,Foreign_Investor,-388140.0,otc
2026-07-02,5289,Investment_Trust,0.0,otc
2026-07-02,5289,Dealer_Hedging,-388140.0,otc
2026-07-02,6187,Foreign_Investor,-425172.0,otc
2026-07-02,6187,Investment_Trust,0.0,otc
2026-07-02,6187,Dealer_Hedging,-425172.0,otc
2026-07-02,6274,Foreign_Investor,-687173.0,otc
2026-07-02,6274,Investment_Trust,0.0,otc
2026-07-02,6274,Dealer_Hedging,-687173.0,otc
2026-07-02,6510,Foreign_Investor,14252.0,otc
2026-07-02,6510,Investment_Trust,0.0,otc
2026-07-02,6510,Dealer_Hedging,14252.0,otc
2026-07-02,8299,Foreign_Investor,-332499.0,otc
2026-07-02,8299,Investment_Trust,0.0,otc
2026-07-02,8299,Dealer_Hedging,-332499.0,otc
2026-07-02,8358,Foreign_Investor,-1051659.0,otc
2026-07-02,8358,Investment_Trust,0.0,otc
2026-07-02,8358,Dealer_Hedging,-1051659.0,otc
2026-07-03,2301,Foreign_Investor,2968000.0,twse
2026-07-03,2301,Investment_Trust,0.0,twse
2026-07-03,2301,Dealer_Hedging,155000.0,twse
2026-07-03,2359,Foreign_Investor,790000.0,twse
2026-07-03,2359,Investment_Trust,0.0,twse
2026-07-03,2359,Dealer_Hedging,0.0,twse
2026-07-03,3533,Foreign_Investor,5262.0,twse
2026-07-03,3533,Investment_Trust,0.0,twse
2026-07-03,3533,Dealer_Hedging,391000.0,twse
2026-07-03,2345,Foreign_Investor,423199.0,twse
2026-07-03,2345,Investment_Trust,0.0,twse
2026-07-03,2345,Dealer_Hedging,123000.0,twse
2026-07-03,3665,Foreign_Investor,175000.0,twse
2026-07-03,3665,Investment_Trust,0.0,twse
2026-07-03,3665,Dealer_Hedging,55000.0,twse
2026-07-03,6451,Foreign_Investor,298000.0,twse
2026-07-03,6451,Investment_Trust,0.0,twse
2026-07-03,6451,Dealer_Hedging,0.0,twse
2026-07-03,2454,Foreign_Investor,162052.0,twse
2026-07-03,2454,Investment_Trust,0.0,twse
2026-07-03,2454,Dealer_Hedging,-129000.0,twse
2026-07-03,1519,Foreign_Investor,3000.0,twse
2026-07-03,1519,Investment_Trust,0.0,twse
2026-07-03,1519,Dealer_Hedging,0.0,twse
2026-07-03,2379,Foreign_Investor,-19000.0,twse
2026-07-03,2379,Investment_Trust,0.0,twse
2026-07-03,2379,Dealer_Hedging,0.0,twse
2026-07-03,2368,Foreign_Investor,-29000.0,twse
2026-07-03,2368,Investment_Trust,0.0,twse
2026-07-03,2368,Dealer_Hedging,0.0,twse
2026-07-03,2059,Foreign_Investor,-44000.0,twse
2026-07-03,2059,Investment_Trust,0.0,twse
2026-07-03,2059,Dealer_Hedging,0.0,twse
2026-07-03,8210,Foreign_Investor,-85000.0,twse
2026-07-03,8210,Investment_Trust,0.0,twse
2026-07-03,8210,Dealer_Hedging,0.0,twse
2026-07-03,3017,Foreign_Investor,-110000.0,twse
2026-07-03,3017,Investment_Trust,0.0,twse
2026-07-03,3017,Dealer_Hedging,0.0,twse
2026-07-03,2404,Foreign_Investor,-84000.0,twse
2026-07-03,2404,Investment_Trust,0.0,twse
2026-07-03,2404,Dealer_Hedging,-126000.0,twse
2026-07-03,6285,Foreign_Investor,-199000.0,twse
2026-07-03,6285,Investment_Trust,0.0,twse
2026-07-03,6285,Dealer_Hedging,-66000.0,twse
2026-07-03,3044,Foreign_Investor,-215000.0,twse
2026-07-03,3044,Investment_Trust,0.0,twse
2026-07-03,3044,Dealer_Hedging,-138000.0,twse
2026-07-03,6239,Foreign_Investor,-873853.0,twse
2026-07-03,6239,Investment_Trust,0.0,twse
2026-07-03,6239,Dealer_Hedging,89000.0,twse
2026-07-03,2383,Foreign_Investor,-1039947.0,twse
2026-07-03,2383,Investment_Trust,0.0,twse
2026-07-03,2383,Dealer_Hedging,61000.0,twse
2026-07-03,2308,Foreign_Investor,-1207259.0,twse
2026-07-03,2308,Investment_Trust,0.0,twse
2026-07-03,2308,Dealer_Hedging,0.0,twse
2026-07-03,2317,Foreign_Investor,-1914792.0,twse
2026-07-03,2317,Investment_Trust,0.0,twse
2026-07-03,2317,Dealer_Hedging,-376000.0,twse
2026-07-03,3037,Foreign_Investor,-3327000.0,twse
2026-07-03,3037,Investment_Trust,0.0,twse
2026-07-03,3037,Dealer_Hedging,0.0,twse
2026-07-03,2330,Foreign_Investor,-5003302.0,twse
2026-07-03,2330,Investment_Trust,0.0,twse
2026-07-03,2330,Dealer_Hedging,-559000.0,twse
2026-07-03,3131,Foreign_Investor,-29421.0,otc
2026-07-03,3131,Investment_Trust,0.0,otc
2026-07-03,3131,Dealer_Hedging,-29421.0,otc
2026-07-03,3455,Foreign_Investor,-104938.0,otc
2026-07-03,3455,Investment_Trust,0.0,otc
2026-07-03,3455,Dealer_Hedging,-104938.0,otc
2026-07-03,3491,Foreign_Investor,-22959.0,otc
2026-07-03,3491,Investment_Trust,0.0,otc
2026-07-03,3491,Dealer_Hedging,-22959.0,otc
2026-07-03,5289,Foreign_Investor,-621481.0,otc
2026-07-03,5289,Investment_Trust,0.0,otc
2026-07-03,5289,Dealer_Hedging,-621481.0,otc
2026-07-03,6187,Foreign_Investor,656967.0,otc
2026-07-03,6187,Investment_Trust,0.0,otc
2026-07-03,6187,Dealer_Hedging,656967.0,otc
2026-07-03,6274,Foreign_Investor,64622.0,otc
2026-07-03,6274,Investment_Trust,0.0,otc
2026-07-03,6274,Dealer_Hedging,64622.0,otc
2026-07-03,6510,Foreign_Investor,26424.0,otc
2026-07-03,6510,Investment_Trust,0.0,otc
2026-07-03,6510,Dealer_Hedging,26424.0,otc
2026-07-03,8299,Foreign_Investor,706031.0,otc
2026-07-03,8299,Investment_Trust,0.0,otc
2026-07-03,8299,Dealer_Hedging,706031.0,otc
2026-07-03,8358,Foreign_Investor,187267.0,otc
2026-07-03,8358,Investment_Trust,0.0,otc
2026-07-03,8358,Dealer_Hedging,187267.0,otc
2026-07-06,2301,Foreign_Investor,7795703.0,twse
2026-07-06,2301,Investment_Trust,0.0,twse
2026-07-06,2301,Dealer_Hedging,-880707.0,twse
2026-07-06,6239,Foreign_Investor,7198047.0,twse
2026-07-06,6239,Investment_Trust,0.0,twse
2026-07-06,6239,Dealer_Hedging,-1974000.0,twse
2026-07-06,2454,Foreign_Investor,1009464.0,twse
2026-07-06,2454,Investment_Trust,0.0,twse
2026-07-06,2454,Dealer_Hedging,-613274.0,twse
2026-07-06,2359,Foreign_Investor,291223.0,twse
2026-07-06,2359,Investment_Trust,0.0,twse
2026-07-06,2359,Dealer_Hedging,0.0,twse
2026-07-06,2330,Foreign_Investor,-241089.0,twse
2026-07-06,2330,Investment_Trust,0.0,twse
2026-07-06,2330,Dealer_Hedging,380505.0,twse
2026-07-06,3665,Foreign_Investor,118166.0,twse
2026-07-06,3665,Investment_Trust,0.0,twse
2026-07-06,3665,Dealer_Hedging,70210.0,twse
2026-07-06,2379,Foreign_Investor,-687160.0,twse
2026-07-06,2379,Investment_Trust,0.0,twse
2026-07-06,2379,Dealer_Hedging,833000.0,twse
2026-07-06,1519,Foreign_Investor,526915.0,twse
2026-07-06,1519,Investment_Trust,0.0,twse
2026-07-06,1519,Dealer_Hedging,-455000.0,twse
2026-07-06,7769,Foreign_Investor,-8123.0,twse
2026-07-06,7769,Investment_Trust,0.0,twse
2026-07-06,7769,Dealer_Hedging,24067.0,twse
2026-07-06,2059,Foreign_Investor,-62016.0,twse
2026-07-06,2059,Investment_Trust,0.0,twse
2026-07-06,2059,Dealer_Hedging,-25935.0,twse
2026-07-06,3533,Foreign_Investor,-71964.0,twse
2026-07-06,3533,Investment_Trust,0.0,twse
2026-07-06,3533,Dealer_Hedging,-23000.0,twse
2026-07-06,8210,Foreign_Investor,-96813.0,twse
2026-07-06,8210,Investment_Trust,0.0,twse
2026-07-06,8210,Dealer_Hedging,2000.0,twse
2026-07-06,3017,Foreign_Investor,-351451.0,twse
2026-07-06,3017,Investment_Trust,0.0,twse
2026-07-06,3017,Dealer_Hedging,195375.0,twse
2026-07-06,6669,Foreign_Investor,-254877.0,twse
2026-07-06,6669,Investment_Trust,0.0,twse
2026-07-06,6669,Dealer_Hedging,82122.0,twse
2026-07-06,6451,Foreign_Investor,-285152.0,twse
2026-07-06,6451,Investment_Trust,0.0,twse
2026-07-06,6451,Dealer_Hedging,0.0,twse
2026-07-06,2345,Foreign_Investor,-307191.0,twse
2026-07-06,2345,Investment_Trust,0.0,twse
2026-07-06,2345,Dealer_Hedging,10581.0,twse
2026-07-06,6285,Foreign_Investor,-424895.0,twse
2026-07-06,6285,Investment_Trust,0.0,twse
2026-07-06,6285,Dealer_Hedging,-28000.0,twse
2026-07-06,2404,Foreign_Investor,46016.0,twse
2026-07-06,2404,Investment_Trust,0.0,twse
2026-07-06,2404,Dealer_Hedging,-471000.0,twse
2026-07-06,2383,Foreign_Investor,-1455091.0,twse
2026-07-06,2383,Investment_Trust,0.0,twse
2026-07-06,2383,Dealer_Hedging,251336.0,twse
2026-07-06,2368,Foreign_Investor,-1028141.0,twse
2026-07-06,2368,Investment_Trust,0.0,twse
2026-07-06,2368,Dealer_Hedging,97403.0,twse
2026-07-06,3044,Foreign_Investor,-799347.0,twse
2026-07-06,3044,Investment_Trust,0.0,twse
2026-07-06,3044,Dealer_Hedging,-687000.0,twse
2026-07-06,2308,Foreign_Investor,-1966184.0,twse
2026-07-06,2308,Investment_Trust,0.0,twse
2026-07-06,2308,Dealer_Hedging,-246736.0,twse
2026-07-06,2317,Foreign_Investor,-8470257.0,twse
2026-07-06,2317,Investment_Trust,0.0,twse
2026-07-06,2317,Dealer_Hedging,2269314.0,twse
2026-07-06,3037,Foreign_Investor,-5302982.0,twse
2026-07-06,3037,Investment_Trust,0.0,twse
2026-07-06,3037,Dealer_Hedging,-1505453.0,twse
2026-07-06,3131,Foreign_Investor,-31232.0,otc
2026-07-06,3131,Investment_Trust,0.0,otc
2026-07-06,3131,Dealer_Hedging,-31232.0,otc
2026-07-06,3455,Foreign_Investor,-376721.0,otc
2026-07-06,3455,Investment_Trust,0.0,otc
2026-07-06,3455,Dealer_Hedging,-376721.0,otc
2026-07-06,3491,Foreign_Investor,-57794.0,otc
2026-07-06,3491,Investment_Trust,0.0,otc
2026-07-06,3491,Dealer_Hedging,-57794.0,otc
2026-07-06,5289,Foreign_Investor,283382.0,otc
2026-07-06,5289,Investment_Trust,0.0,otc
2026-07-06,5289,Dealer_Hedging,283382.0,otc
2026-07-06,6187,Foreign_Investor,237997.0,otc
2026-07-06,6187,Investment_Trust,0.0,otc
2026-07-06,6187,Dealer_Hedging,237997.0,otc
2026-07-06,6274,Foreign_Investor,-2359305.0,otc
2026-07-06,6274,Investment_Trust,0.0,otc
2026-07-06,6274,Dealer_Hedging,-2359305.0,otc
2026-07-06,6510,Foreign_Investor,-112224.0,otc
2026-07-06,6510,Investment_Trust,0.0,otc
2026-07-06,6510,Dealer_Hedging,-112224.0,otc
2026-07-06,8299,Foreign_Investor,-387466.0,otc
2026-07-06,8299,Investment_Trust,0.0,otc
2026-07-06,8299,Dealer_Hedging,-387466.0,otc
2026-07-06,8358,Foreign_Investor,-1163374.0,otc
2026-07-06,8358,Investment_Trust,0.0,otc
2026-07-06,8358,Dealer_Hedging,-1163374.0,otc
2026-07-07,3665,Foreign_Investor,24423.0,twse
2026-07-07,3665,Investment_Trust,0.0,twse
2026-07-07,3665,Dealer_Hedging,849335.0,twse
2026-07-07,6451,Foreign_Investor,835973.0,twse
2026-07-07,6451,Investment_Trust,0.0,twse
2026-07-07,6451,Dealer_Hedging,-1000.0,twse
2026-07-07,6669,Foreign_Investor,216679.0,twse
2026-07-07,6669,Investment_Trust,0.0,twse
2026-07-07,6669,Dealer_Hedging,418101.0,twse
2026-07-07,2330,Foreign_Investor,83142.0,twse
2026-07-07,2330,Investment_Trust,0.0,twse
2026-07-07,2330,Dealer_Hedging,558268.0,twse
2026-07-07,2379,Foreign_Investor,-541591.0,twse
2026-07-07,2379,Investment_Trust,0.0,twse
2026-07-07,2379,Dealer_Hedging,678495.0,twse
2026-07-07,2059,Foreign_Investor,5495.0,twse
2026-07-07,2059,Investment_Trust,0.0,twse
2026-07-07,2059,Dealer_Hedging,75240.0,twse
2026-07-07,7769,Foreign_Investor,-140919.0,twse
2026-07-07,7769,Investment_Trust,0.0,twse
2026-07-07,7769,Dealer_Hedging,5100.0,twse
2026-07-07,3533,Foreign_Investor,-140901.0,twse
2026-07-07,3533,Investment_Trust,0.0,twse
2026-07-07,3533,Dealer_Hedging,-2000.0,twse
2026-07-07,2368,Foreign_Investor,488223.0,twse
2026-07-07,2368,Investment_Trust,0.0,twse
2026-07-07,2368,Dealer_Hedging,-624506.0,twse
2026-07-07,2383,Foreign_Investor,-346038.0,twse
2026-07-07,2383,Investment_Trust,0.0,twse
2026-07-07,2383,Dealer_Hedging,99139.0,twse
2026-07-07,2404,Foreign_Investor,42036.0,twse
2026-07-07,2404,Investment_Trust,0.0,twse
2026-07-07,2404,Dealer_Hedging,-351000.0,twse
2026-07-07,2345,Foreign_Investor,-597250.0,twse
2026-07-07,2345,Investment_Trust,0.0,twse
2026-07-07,2345,Dealer_Hedging,278052.0,twse
2026-07-07,2454,Foreign_Investor,212137.0,twse
2026-07-07,2454,Investment_Trust,0.0,twse
2026-07-07,2454,Dealer_Hedging,-163042.0,twse
2026-07-07,3017,Foreign_Investor,-489595.0,twse
2026-07-07,3017,Investment_Trust,0.0,twse
2026-07-07,3017,Dealer_Hedging,76200.0,twse
2026-07-07,2359,Foreign_Investor,-466078.0,twse
2026-07-07,2359,Investment_Trust,0.0,twse
2026-07-07,2359,Dealer_Hedging,0.0,twse
2026-07-07,8210,Foreign_Investor,-262280.0,twse
2026-07-07,8210,Investment_Trust,0.0,twse
2026-07-07,8210,Dealer_Hedging,-409000.0,twse
2026-07-07,1519,Foreign_Investor,-642098.0,twse
2026-07-07,1519,Investment_Trust,0.0,twse
2026-07-07,1519,Dealer_Hedging,563.0,twse
2026-07-07,2308,Foreign_Investor,-1264841.0,twse
2026-07-07,2308,Investment_Trust,0.0,twse
2026-07-07,2308,Dealer_Hedging,112032.0,twse
2026-07-07,6285,Foreign_Investor,-1063847.0,twse
2026-07-07,6285,Investment_Trust,0.0,twse
2026-07-07,6285,Dealer_Hedging,0.0,twse
2026-07-07,3044,Foreign_Investor,-1230882.0,twse
2026-07-07,3044,Investment_Trust,0.0,twse
2026-07-07,3044,Dealer_Hedging,-283879.0,twse
2026-07-07,6239,Foreign_Investor,307930.0,twse
2026-07-07,6239,Investment_Trust,0.0,twse
2026-07-07,6239,Dealer_Hedging,-1969000.0,twse
2026-07-07,2301,Foreign_Investor,-2445257.0,twse
2026-07-07,2301,Investment_Trust,0.0,twse
2026-07-07,2301,Dealer_Hedging,-860461.0,twse
2026-07-07,3037,Foreign_Investor,-11837734.0,twse
2026-07-07,3037,Investment_Trust,0.0,twse
2026-07-07,3037,Dealer_Hedging,-537000.0,twse
2026-07-07,2317,Foreign_Investor,-17933596.0,twse
2026-07-07,2317,Investment_Trust,0.0,twse
2026-07-07,2317,Dealer_Hedging,1754025.0,twse
2026-07-07,3131,Foreign_Investor,107299.0,otc
2026-07-07,3131,Investment_Trust,0.0,otc
2026-07-07,3131,Dealer_Hedging,107299.0,otc
2026-07-07,3455,Foreign_Investor,-2720.0,otc
2026-07-07,3455,Investment_Trust,0.0,otc
2026-07-07,3455,Dealer_Hedging,-2720.0,otc
2026-07-07,3491,Foreign_Investor,-64918.0,otc
2026-07-07,3491,Investment_Trust,0.0,otc
2026-07-07,3491,Dealer_Hedging,-64918.0,otc
2026-07-07,5289,Foreign_Investor,-127170.0,otc
2026-07-07,5289,Investment_Trust,0.0,otc
2026-07-07,5289,Dealer_Hedging,-127170.0,otc
2026-07-07,6187,Foreign_Investor,-470060.0,otc
2026-07-07,6187,Investment_Trust,0.0,otc
2026-07-07,6187,Dealer_Hedging,-470060.0,otc
2026-07-07,6274,Foreign_Investor,1519775.0,otc
2026-07-07,6274,Investment_Trust,0.0,otc
2026-07-07,6274,Dealer_Hedging,1519775.0,otc
2026-07-07,6510,Foreign_Investor,-42377.0,otc
2026-07-07,6510,Investment_Trust,0.0,otc
2026-07-07,6510,Dealer_Hedging,-42377.0,otc
2026-07-07,8299,Foreign_Investor,-1565866.0,otc
2026-07-07,8299,Investment_Trust,0.0,otc
2026-07-07,8299,Dealer_Hedging,-1565866.0,otc
2026-07-07,8358,Foreign_Investor,-111931.0,otc
2026-07-07,8358,Investment_Trust,0.0,otc
2026-07-07,8358,Dealer_Hedging,-111931.0,otc
2026-07-08,2379,Foreign_Investor,184826.0,twse
2026-07-08,2379,Investment_Trust,0.0,twse
2026-07-08,2379,Dealer_Hedging,210051.0,twse
2026-07-08,6285,Foreign_Investor,435522.0,twse
2026-07-08,6285,Investment_Trust,0.0,twse
2026-07-08,6285,Dealer_Hedging,1900.0,twse
2026-07-08,2317,Foreign_Investor,-691728.0,twse
2026-07-08,2317,Investment_Trust,0.0,twse
2026-07-08,2317,Dealer_Hedging,1069221.0,twse
2026-07-08,2383,Foreign_Investor,340076.0,twse
2026-07-08,2383,Investment_Trust,0.0,twse
2026-07-08,2383,Dealer_Hedging,100458.0,twse
2026-07-08,2301,Foreign_Investor,-59618.0,twse
2026-07-08,2301,Investment_Trust,0.0,twse
2026-07-08,2301,Dealer_Hedging,85614.0,twse
2026-07-08,2368,Foreign_Investor,167461.0,twse
2026-07-08,2368,Investment_Trust,0.0,twse
2026-07-08,2368,Dealer_Hedging,-12782.0,twse
2026-07-08,3017,Foreign_Investor,106777.0,twse
2026-07-08,3017,Investment_Trust,0.0,twse
2026-07-08,3017,Dealer_Hedging,-10524.0,twse
2026-07-08,7769,Foreign_Investor,59133.0,twse
2026-07-08,7769,Investment_Trust,0.0,twse
2026-07-08,7769,Dealer_Hedging,9156.0,twse
2026-07-08,2059,Foreign_Investor,11581.0,twse
2026-07-08,2059,Investment_Trust,0.0,twse
2026-07-08,2059,Dealer_Hedging,45540.0,twse
2026-07-08,6451,Foreign_Investor,66724.0,twse
2026-07-08,6451,Investment_Trust,0.0,twse
2026-07-08,6451,Dealer_Hedging,0.0,twse
2026-07-08,3533,Foreign_Investor,42064.0,twse
2026-07-08,3533,Investment_Trust,0.0,twse
2026-07-08,3533,Dealer_Hedging,5500.0,twse
2026-07-08,6669,Foreign_Investor,-243073.0,twse
2026-07-08,6669,Investment_Trust,0.0,twse
2026-07-08,6669,Dealer_Hedging,220225.0,twse
2026-07-08,2359,Foreign_Investor,-159676.0,twse
2026-07-08,2359,Investment_Trust,0.0,twse
2026-07-08,2359,Dealer_Hedging,0.0,twse
2026-07-08,8210,Foreign_Investor,-116983.0,twse
2026-07-08,8210,Investment_Trust,0.0,twse
2026-07-08,8210,Dealer_Hedging,-11700.0,twse
2026-07-08,3665,Foreign_Investor,-403924.0,twse
2026-07-08,3665,Investment_Trust,0.0,twse
2026-07-08,3665,Dealer_Hedging,241656.0,twse
2026-07-08,1519,Foreign_Investor,-238755.0,twse
2026-07-08,1519,Investment_Trust,0.0,twse
2026-07-08,1519,Dealer_Hedging,0.0,twse
2026-07-08,2404,Foreign_Investor,52577.0,twse
2026-07-08,2404,Investment_Trust,0.0,twse
2026-07-08,2404,Dealer_Hedging,-308700.0,twse
2026-07-08,2345,Foreign_Investor,-637572.0,twse
2026-07-08,2345,Investment_Trust,0.0,twse
2026-07-08,2345,Dealer_Hedging,117956.0,twse
2026-07-08,3044,Foreign_Investor,-657816.0,twse
2026-07-08,3044,Investment_Trust,0.0,twse
2026-07-08,3044,Dealer_Hedging,5827.0,twse
2026-07-08,2454,Foreign_Investor,-1068677.0,twse
2026-07-08,2454,Investment_Trust,0.0,twse
2026-07-08,2454,Dealer_Hedging,198933.0,twse
2026-07-08,2308,Foreign_Investor,-1050217.0,twse
2026-07-08,2308,Investment_Trust,0.0,twse
2026-07-08,2308,Dealer_Hedging,52651.0,twse
2026-07-08,6239,Foreign_Investor,-1117679.0,twse
2026-07-08,6239,Investment_Trust,0.0,twse
2026-07-08,6239,Dealer_Hedging,195906.0,twse
2026-07-08,2330,Foreign_Investor,-4155172.0,twse
2026-07-08,2330,Investment_Trust,0.0,twse
2026-07-08,2330,Dealer_Hedging,718872.0,twse
2026-07-08,3037,Foreign_Investor,-4684933.0,twse
2026-07-08,3037,Investment_Trust,0.0,twse
2026-07-08,3037,Dealer_Hedging,813111.0,twse
2026-07-08,3131,Foreign_Investor,92000.0,otc
2026-07-08,3131,Investment_Trust,0.0,otc
2026-07-08,3131,Dealer_Hedging,92000.0,otc
2026-07-08,3455,Foreign_Investor,-154943.0,otc
2026-07-08,3455,Investment_Trust,0.0,otc
2026-07-08,3455,Dealer_Hedging,-154943.0,otc
2026-07-08,3491,Foreign_Investor,125596.0,otc
2026-07-08,3491,Investment_Trust,0.0,otc
2026-07-08,3491,Dealer_Hedging,125596.0,otc
2026-07-08,5289,Foreign_Investor,307698.0,otc
2026-07-08,5289,Investment_Trust,0.0,otc
2026-07-08,5289,Dealer_Hedging,307698.0,otc
2026-07-08,6187,Foreign_Investor,454551.0,otc
2026-07-08,6187,Investment_Trust,0.0,otc
2026-07-08,6187,Dealer_Hedging,454551.0,otc
2026-07-08,6274,Foreign_Investor,-43573.0,otc
2026-07-08,6274,Investment_Trust,0.0,otc
2026-07-08,6274,Dealer_Hedging,-43573.0,otc
2026-07-08,6510,Foreign_Investor,74932.0,otc
2026-07-08,6510,Investment_Trust,0.0,otc
2026-07-08,6510,Dealer_Hedging,74932.0,otc
2026-07-08,8299,Foreign_Investor,82419.0,otc
2026-07-08,8299,Investment_Trust,0.0,otc
2026-07-08,8299,Dealer_Hedging,82419.0,otc
2026-07-08,8358,Foreign_Investor,-125679.0,otc
2026-07-08,8358,Investment_Trust,0.0,otc
2026-07-08,8358,Dealer_Hedging,-125679.0,otc
2026-07-09,2317,Foreign_Investor,5743125.0,twse
2026-07-09,2317,Investment_Trust,0.0,twse
2026-07-09,2317,Dealer_Hedging,-37567.0,twse
2026-07-09,6285,Foreign_Investor,2694423.0,twse
2026-07-09,6285,Investment_Trust,0.0,twse
2026-07-09,6285,Dealer_Hedging,4000.0,twse
2026-07-09,6239,Foreign_Investor,1189582.0,twse
2026-07-09,6239,Investment_Trust,0.0,twse
2026-07-09,6239,Dealer_Hedging,21204.0,twse
2026-07-09,2379,Foreign_Investor,629804.0,twse
2026-07-09,2379,Investment_Trust,0.0,twse
2026-07-09,2379,Dealer_Hedging,10218.0,twse
2026-07-09,2359,Foreign_Investor,392498.0,twse
2026-07-09,2359,Investment_Trust,0.0,twse
2026-07-09,2359,Dealer_Hedging,0.0,twse
2026-07-09,7769,Foreign_Investor,-6705.0,twse
2026-07-09,7769,Investment_Trust,0.0,twse
2026-07-09,7769,Dealer_Hedging,45000.0,twse
2026-07-09,8210,Foreign_Investor,33415.0,twse
2026-07-09,8210,Investment_Trust,0.0,twse
2026-07-09,8210,Dealer_Hedging,-3000.0,twse
2026-07-09,3017,Foreign_Investor,21317.0,twse
2026-07-09,3017,Investment_Trust,0.0,twse
2026-07-09,3017,Dealer_Hedging,-27837.0,twse
2026-07-09,2368,Foreign_Investor,1926747.0,twse
2026-07-09,2368,Investment_Trust,0.0,twse
2026-07-09,2368,Dealer_Hedging,-2018721.0,twse
2026-07-09,2404,Foreign_Investor,481207.0,twse
2026-07-09,2404,Investment_Trust,0.0,twse
2026-07-09,2404,Dealer_Hedging,-564000.0,twse
2026-07-09,6669,Foreign_Investor,-426503.0,twse
2026-07-09,6669,Investment_Trust,0.0,twse
2026-07-09,6669,Dealer_Hedging,348033.0,twse
2026-07-09,3533,Foreign_Investor,-34761.0,twse
2026-07-09,3533,Investment_Trust,0.0,twse
2026-07-09,3533,Dealer_Hedging,-8303.0,twse
2026-07-09,2059,Foreign_Investor,-208774.0,twse
2026-07-09,2059,Investment_Trust,0.0,twse
2026-07-09,2059,Dealer_Hedging,131376.0,twse
2026-07-09,3665,Foreign_Investor,-163636.0,twse
2026-07-09,3665,Investment_Trust,0.0,twse
2026-07-09,3665,Dealer_Hedging,25239.0,twse
2026-07-09,6451,Foreign_Investor,-175539.0,twse
2026-07-09,6451,Investment_Trust,0.0,twse
2026-07-09,6451,Dealer_Hedging,0.0,twse
2026-07-09,2345,Foreign_Investor,-205622.0,twse
2026-07-09,2345,Investment_Trust,0.0,twse
2026-07-09,2345,Dealer_Hedging,11050.0,twse
2026-07-09,2383,Foreign_Investor,-420707.0,twse
2026-07-09,2383,Investment_Trust,0.0,twse
2026-07-09,2383,Dealer_Hedging,120161.0,twse
2026-07-09,1519,Foreign_Investor,-434860.0,twse
2026-07-09,1519,Investment_Trust,0.0,twse
2026-07-09,1519,Dealer_Hedging,-435.0,twse
2026-07-09,2308,Foreign_Investor,-815313.0,twse
2026-07-09,2308,Investment_Trust,0.0,twse
2026-07-09,2308,Dealer_Hedging,31335.0,twse
2026-07-09,2454,Foreign_Investor,-689137.0,twse
2026-07-09,2454,Investment_Trust,0.0,twse
2026-07-09,2454,Dealer_Hedging,-217183.0,twse
2026-07-09,2301,Foreign_Investor,-800737.0,twse
2026-07-09,2301,Investment_Trust,0.0,twse
2026-07-09,2301,Dealer_Hedging,1700.0,twse
2026-07-09,3044,Foreign_Investor,-275900.0,twse
2026-07-09,3044,Investment_Trust,0.0,twse
2026-07-09,3044,Dealer_Hedging,-42985.0,twse
2026-07-09,3037,Foreign_Investor,-5611868.0,twse
2026-07-09,3037,Investment_Trust,0.0,twse
2026-07-09,3037,Dealer_Hedging,980259.0,twse
2026-07-09,2330,Foreign_Investor,-12748541.0,twse
2026-07-09,2330,Investment_Trust,0.0,twse
2026-07-09,2330,Dealer_Hedging,-79775.0,twse
2026-07-09,3131,Foreign_Investor,-69911.0,otc
2026-07-09,3131,Investment_Trust,0.0,otc
2026-07-09,3131,Dealer_Hedging,-69911.0,otc
2026-07-09,3455,Foreign_Investor,-152083.0,otc
2026-07-09,3455,Investment_Trust,0.0,otc
2026-07-09,3455,Dealer_Hedging,-152083.0,otc
2026-07-09,3491,Foreign_Investor,-98040.0,otc
2026-07-09,3491,Investment_Trust,0.0,otc
2026-07-09,3491,Dealer_Hedging,-98040.0,otc
2026-07-09,5289,Foreign_Investor,334991.0,otc
2026-07-09,5289,Investment_Trust,0.0,otc
2026-07-09,5289,Dealer_Hedging,334991.0,otc
2026-07-09,6187,Foreign_Investor,592066.0,otc
2026-07-09,6187,Investment_Trust,0.0,otc
2026-07-09,6187,Dealer_Hedging,592066.0,otc
2026-07-09,6274,Foreign_Investor,-783616.0,otc
2026-07-09,6274,Investment_Trust,0.0,otc
2026-07-09,6274,Dealer_Hedging,-783616.0,otc
2026-07-09,6510,Foreign_Investor,-37637.0,otc
2026-07-09,6510,Investment_Trust,0.0,otc
2026-07-09,6510,Dealer_Hedging,-37637.0,otc
2026-07-09,8299,Foreign_Investor,751798.0,otc
2026-07-09,8299,Investment_Trust,0.0,otc
2026-07-09,8299,Dealer_Hedging,751798.0,otc
2026-07-09,8358,Foreign_Investor,87980.0,otc
2026-07-09,8358,Investment_Trust,0.0,otc
2026-07-09,8358,Dealer_Hedging,87980.0,otc
2026-07-13,2359,Foreign_Investor,6054177.0,twse
2026-07-13,2359,Investment_Trust,0.0,twse
2026-07-13,2359,Dealer_Hedging,0.0,twse
2026-07-13,2301,Foreign_Investor,5608280.0,twse
2026-07-13,2301,Investment_Trust,0.0,twse
2026-07-13,2301,Dealer_Hedging,-296341.0,twse
2026-07-13,2368,Foreign_Investor,1177877.0,twse
2026-07-13,2368,Investment_Trust,0.0,twse
2026-07-13,2368,Dealer_Hedging,-450828.0,twse
2026-07-13,2308,Foreign_Investor,261458.0,twse
2026-07-13,2308,Investment_Trust,0.0,twse
2026-07-13,2308,Dealer_Hedging,7125.0,twse
2026-07-13,2404,Foreign_Investor,202769.0,twse
2026-07-13,2404,Investment_Trust,0.0,twse
2026-07-13,2404,Dealer_Hedging,-59000.0,twse
2026-07-13,8210,Foreign_Investor,480772.0,twse
2026-07-13,8210,Investment_Trust,0.0,twse
2026-07-13,8210,Dealer_Hedging,-352000.0,twse
2026-07-13,7769,Foreign_Investor,-113013.0,twse
2026-07-13,7769,Investment_Trust,0.0,twse
2026-07-13,7769,Dealer_Hedging,153556.0,twse
2026-07-13,6669,Foreign_Investor,9805.0,twse
2026-07-13,6669,Investment_Trust,0.0,twse
2026-07-13,6669,Dealer_Hedging,45317.0,twse
2026-07-13,1519,Foreign_Investor,28455.0,twse
2026-07-13,1519,Investment_Trust,0.0,twse
2026-07-13,1519,Dealer_Hedging,0.0,twse
2026-07-13,2059,Foreign_Investor,33351.0,twse
2026-07-13,2059,Investment_Trust,0.0,twse
2026-07-13,2059,Dealer_Hedging,-27237.0,twse
2026-07-13,3533,Foreign_Investor,94439.0,twse
2026-07-13,3533,Investment_Trust,0.0,twse
2026-07-13,3533,Dealer_Hedging,-64000.0,twse
2026-07-13,2383,Foreign_Investor,-637.0,twse
2026-07-13,2383,Investment_Trust,0.0,twse
2026-07-13,2383,Dealer_Hedging,15897.0,twse
2026-07-13,3665,Foreign_Investor,-91743.0,twse
2026-07-13,3665,Investment_Trust,0.0,twse
2026-07-13,3665,Dealer_Hedging,-72399.0,twse
2026-07-13,6451,Foreign_Investor,-185942.0,twse
2026-07-13,6451,Investment_Trust,0.0,twse
2026-07-13,6451,Dealer_Hedging,0.0,twse
2026-07-13,3044,Foreign_Investor,-220049.0,twse
2026-07-13,3044,Investment_Trust,0.0,twse
2026-07-13,3044,Dealer_Hedging,4038.0,twse
2026-07-13,2345,Foreign_Investor,-63383.0,twse
2026-07-13,2345,Investment_Trust,0.0,twse
2026-07-13,2345,Dealer_Hedging,-63541.0,twse
2026-07-13,3037,Foreign_Investor,-1793611.0,twse
2026-07-13,3037,Investment_Trust,0.0,twse
2026-07-13,3037,Dealer_Hedging,1498619.0,twse
2026-07-13,3017,Foreign_Investor,-547528.0,twse
2026-07-13,3017,Investment_Trust,0.0,twse
2026-07-13,3017,Dealer_Hedging,-177022.0,twse
2026-07-13,2330,Foreign_Investor,-2044802.0,twse
2026-07-13,2330,Investment_Trust,0.0,twse
2026-07-13,2330,Dealer_Hedging,530076.0,twse
2026-07-13,2454,Foreign_Investor,-773135.0,twse
2026-07-13,2454,Investment_Trust,0.0,twse
2026-07-13,2454,Dealer_Hedging,-131348.0,twse
2026-07-13,2317,Foreign_Investor,-1179403.0,twse
2026-07-13,2317,Investment_Trust,0.0,twse
2026-07-13,2317,Dealer_Hedging,92632.0,twse
2026-07-13,6239,Foreign_Investor,-1628607.0,twse
2026-07-13,6239,Investment_Trust,0.0,twse
2026-07-13,6239,Dealer_Hedging,205000.0,twse
2026-07-13,6285,Foreign_Investor,212007.0,twse
2026-07-13,6285,Investment_Trust,0.0,twse
2026-07-13,6285,Dealer_Hedging,-2384000.0,twse
2026-07-13,2379,Foreign_Investor,-3100830.0,twse
2026-07-13,2379,Investment_Trust,0.0,twse
2026-07-13,2379,Dealer_Hedging,629061.0,twse
2026-07-13,3131,Foreign_Investor,-48218.0,otc
2026-07-13,3131,Investment_Trust,0.0,otc
2026-07-13,3131,Dealer_Hedging,-48218.0,otc
2026-07-13,3455,Foreign_Investor,-394954.0,otc
2026-07-13,3455,Investment_Trust,0.0,otc
2026-07-13,3455,Dealer_Hedging,-394954.0,otc
2026-07-13,3491,Foreign_Investor,-151367.0,otc
2026-07-13,3491,Investment_Trust,0.0,otc
2026-07-13,3491,Dealer_Hedging,-151367.0,otc
2026-07-13,5289,Foreign_Investor,519366.0,otc
2026-07-13,5289,Investment_Trust,0.0,otc
2026-07-13,5289,Dealer_Hedging,519366.0,otc
2026-07-13,6187,Foreign_Investor,-404743.0,otc
2026-07-13,6187,Investment_Trust,0.0,otc
2026-07-13,6187,Dealer_Hedging,-404743.0,otc
2026-07-13,6274,Foreign_Investor,914697.0,otc
2026-07-13,6274,Investment_Trust,0.0,otc
2026-07-13,6274,Dealer_Hedging,914697.0,otc
2026-07-13,6510,Foreign_Investor,18910.0,otc
2026-07-13,6510,Investment_Trust,0.0,otc
2026-07-13,6510,Dealer_Hedging,18910.0,otc
2026-07-13,8299,Foreign_Investor,-130020.0,otc
2026-07-13,8299,Investment_Trust,0.0,otc
2026-07-13,8299,Dealer_Hedging,-130020.0,otc
2026-07-13,8358,Foreign_Investor,-811519.0,otc
2026-07-13,8358,Investment_Trust,0.0,otc
2026-07-13,8358,Dealer_Hedging,-811519.0,otc
2026-07-14,2368,Foreign_Investor,1559291.0,twse
2026-07-14,2368,Investment_Trust,0.0,twse
2026-07-14,2368,Dealer_Hedging,-366819.0,twse
2026-07-14,6451,Foreign_Investor,735050.0,twse
2026-07-14,6451,Investment_Trust,0.0,twse
2026-07-14,6451,Dealer_Hedging,0.0,twse
2026-07-14,3665,Foreign_Investor,733423.0,twse
2026-07-14,3665,Investment_Trust,0.0,twse
2026-07-14,3665,Dealer_Hedging,-86410.0,twse
2026-07-14,6239,Foreign_Investor,769898.0,twse
2026-07-14,6239,Investment_Trust,0.0,twse
2026-07-14,6239,Dealer_Hedging,159000.0,twse
2026-07-14,6285,Foreign_Investor,286484.0,twse
2026-07-14,6285,Investment_Trust,0.0,twse
2026-07-14,6285,Dealer_Hedging,13000.0,twse
2026-07-14,2379,Foreign_Investor,-204563.0,twse
2026-07-14,2379,Investment_Trust,0.0,twse
2026-07-14,2379,Dealer_Hedging,276353.0,twse
2026-07-14,8210,Foreign_Investor,238975.0,twse
2026-07-14,8210,Investment_Trust,0.0,twse
2026-07-14,8210,Dealer_Hedging,6600.0,twse
2026-07-14,2383,Foreign_Investor,96157.0,twse
2026-07-14,2383,Investment_Trust,0.0,twse
2026-07-14,2383,Dealer_Hedging,43913.0,twse
2026-07-14,1519,Foreign_Investor,190755.0,twse
2026-07-14,1519,Investment_Trust,0.0,twse
2026-07-14,1519,Dealer_Hedging,-7000.0,twse
2026-07-14,6669,Foreign_Investor,23768.0,twse
2026-07-14,6669,Investment_Trust,0.0,twse
2026-07-14,6669,Dealer_Hedging,25489.0,twse
2026-07-14,7769,Foreign_Investor,-39534.0,twse
2026-07-14,7769,Investment_Trust,0.0,twse
2026-07-14,7769,Dealer_Hedging,55668.0,twse
2026-07-14,2059,Foreign_Investor,-17621.0,twse
2026-07-14,2059,Investment_Trust,0.0,twse
2026-07-14,2059,Dealer_Hedging,6234.0,twse
2026-07-14,3533,Foreign_Investor,25994.0,twse
2026-07-14,3533,Investment_Trust,0.0,twse
2026-07-14,3533,Dealer_Hedging,-5000.0,twse
2026-07-14,3017,Foreign_Investor,279161.0,twse
2026-07-14,3017,Investment_Trust,0.0,twse
2026-07-14,3017,Dealer_Hedging,-291059.0,twse
2026-07-14,2345,Foreign_Investor,77450.0,twse
2026-07-14,2345,Investment_Trust,0.0,twse
2026-07-14,2345,Dealer_Hedging,-16543.0,twse
2026-07-14,3044,Foreign_Investor,-143603.0,twse
2026-07-14,3044,Investment_Trust,0.0,twse
2026-07-14,3044,Dealer_Hedging,-27780.0,twse
2026-07-14,2404,Foreign_Investor,748.0,twse
2026-07-14,2404,Investment_Trust,0.0,twse
2026-07-14,2404,Dealer_Hedging,35000.0,twse
2026-07-14,2454,Foreign_Investor,224947.0,twse
2026-07-14,2454,Investment_Trust,0.0,twse
2026-07-14,2454,Dealer_Hedging,158853.0,twse
2026-07-14,2359,Foreign_Investor,-229760.0,twse
2026-07-14,2359,Investment_Trust,0.0,twse
2026-07-14,2359,Dealer_Hedging,0.0,twse
2026-07-14,2308,Foreign_Investor,-2403493.0,twse
2026-07-14,2308,Investment_Trust,0.0,twse
2026-07-14,2308,Dealer_Hedging,389435.0,twse
2026-07-14,3037,Foreign_Investor,-4335957.0,twse
2026-07-14,3037,Investment_Trust,0.0,twse
2026-07-14,3037,Dealer_Hedging,893878.0,twse
2026-07-14,2317,Foreign_Investor,-7038187.0,twse
2026-07-14,2317,Investment_Trust,0.0,twse
2026-07-14,2317,Dealer_Hedging,1222065.0,twse
2026-07-14,2301,Foreign_Investor,-6270160.0,twse
2026-07-14,2301,Investment_Trust,0.0,twse
2026-07-14,2301,Dealer_Hedging,-112150.0,twse
2026-07-14,2330,Foreign_Investor,-12416209.0,twse
2026-07-14,2330,Investment_Trust,0.0,twse
2026-07-14,2330,Dealer_Hedging,1546459.0,twse
2026-07-14,3131,Foreign_Investor,121928.0,otc
2026-07-14,3131,Investment_Trust,0.0,otc
2026-07-14,3131,Dealer_Hedging,121928.0,otc
2026-07-14,3455,Foreign_Investor,403426.0,otc
2026-07-14,3455,Investment_Trust,0.0,otc
2026-07-14,3455,Dealer_Hedging,403426.0,otc
2026-07-14,3491,Foreign_Investor,124588.0,otc
2026-07-14,3491,Investment_Trust,0.0,otc
2026-07-14,3491,Dealer_Hedging,124588.0,otc
2026-07-14,5289,Foreign_Investor,879539.0,otc
2026-07-14,5289,Investment_Trust,0.0,otc
2026-07-14,5289,Dealer_Hedging,879539.0,otc
2026-07-14,6187,Foreign_Investor,124518.0,otc
2026-07-14,6187,Investment_Trust,0.0,otc
2026-07-14,6187,Dealer_Hedging,124518.0,otc
2026-07-14,6274,Foreign_Investor,395052.0,otc
2026-07-14,6274,Investment_Trust,0.0,otc
2026-07-14,6274,Dealer_Hedging,395052.0,otc
2026-07-14,6510,Foreign_Investor,329691.0,otc
2026-07-14,6510,Investment_Trust,0.0,otc
2026-07-14,6510,Dealer_Hedging,329691.0,otc
2026-07-14,8299,Foreign_Investor,261361.0,otc
2026-07-14,8299,Investment_Trust,0.0,otc
2026-07-14,8299,Dealer_Hedging,261361.0,otc
2026-07-14,8358,Foreign_Investor,961003.0,otc
2026-07-14,8358,Investment_Trust,0.0,otc
2026-07-14,8358,Dealer_Hedging,961003.0,otc
2026-07-15,2317,Foreign_Investor,6880436.0,twse
2026-07-15,2317,Investment_Trust,0.0,twse
2026-07-15,2317,Dealer_Hedging,-889920.0,twse
2026-07-15,2301,Foreign_Investor,2693065.0,twse
2026-07-15,2301,Investment_Trust,0.0,twse
2026-07-15,2301,Dealer_Hedging,-264024.0,twse
2026-07-15,2404,Foreign_Investor,928786.0,twse
2026-07-15,2404,Investment_Trust,0.0,twse
2026-07-15,2404,Dealer_Hedging,-20000.0,twse
2026-07-15,6285,Foreign_Investor,372801.0,twse
2026-07-15,6285,Investment_Trust,0.0,twse
2026-07-15,6285,Dealer_Hedging,188000.0,twse
2026-07-15,6239,Foreign_Investor,856845.0,twse
2026-07-15,6239,Investment_Trust,0.0,twse
2026-07-15,6239,Dealer_Hedging,92612.0,twse
2026-07-15,6451,Foreign_Investor,414786.0,twse
2026-07-15,6451,Investment_Trust,0.0,twse
2026-07-15,6451,Dealer_Hedging,0.0,twse
2026-07-15,2308,Foreign_Investor,528273.0,twse
2026-07-15,2308,Investment_Trust,0.0,twse
2026-07-15,2308,Dealer_Hedging,-122073.0,twse
2026-07-15,3037,Foreign_Investor,-2065805.0,twse
2026-07-15,3037,Investment_Trust,0.0,twse
2026-07-15,3037,Dealer_Hedging,2539189.0,twse
2026-07-15,1519,Foreign_Investor,272637.0,twse
2026-07-15,1519,Investment_Trust,0.0,twse
2026-07-15,1519,Dealer_Hedging,-9000.0,twse
2026-07-15,6669,Foreign_Investor,46152.0,twse
2026-07-15,6669,Investment_Trust,0.0,twse
2026-07-15,6669,Dealer_Hedging,64753.0,twse
2026-07-15,8210,Foreign_Investor,132016.0,twse
2026-07-15,8210,Investment_Trust,0.0,twse
2026-07-15,8210,Dealer_Hedging,14000.0,twse
2026-07-15,3533,Foreign_Investor,264868.0,twse
2026-07-15,3533,Investment_Trust,0.0,twse
2026-07-15,3533,Dealer_Hedging,-85000.0,twse
2026-07-15,3665,Foreign_Investor,-200342.0,twse
2026-07-15,3665,Investment_Trust,0.0,twse
2026-07-15,3665,Dealer_Hedging,330414.0,twse
2026-07-15,7769,Foreign_Investor,-56667.0,twse
2026-07-15,7769,Investment_Trust,0.0,twse
2026-07-15,7769,Dealer_Hedging,53707.0,twse
2026-07-15,2383,Foreign_Investor,-54951.0,twse
2026-07-15,2383,Investment_Trust,0.0,twse
2026-07-15,2383,Dealer_Hedging,100330.0,twse
2026-07-15,2059,Foreign_Investor,-108304.0,twse
2026-07-15,2059,Investment_Trust,0.0,twse
2026-07-15,2059,Dealer_Hedging,86224.0,twse
2026-07-15,2345,Foreign_Investor,-50191.0,twse
2026-07-15,2345,Investment_Trust,0.0,twse
2026-07-15,2345,Dealer_Hedging,108591.0,twse
2026-07-15,3044,Foreign_Investor,-120210.0,twse
2026-07-15,3044,Investment_Trust,0.0,twse
2026-07-15,3044,Dealer_Hedging,-20985.0,twse
2026-07-15,3017,Foreign_Investor,76710.0,twse
2026-07-15,3017,Investment_Trust,0.0,twse
2026-07-15,3017,Dealer_Hedging,-157936.0,twse
2026-07-15,2379,Foreign_Investor,-287656.0,twse
2026-07-15,2379,Investment_Trust,0.0,twse
2026-07-15,2379,Dealer_Hedging,-119394.0,twse
2026-07-15,2454,Foreign_Investor,-1310954.0,twse
2026-07-15,2454,Investment_Trust,0.0,twse
2026-07-15,2454,Dealer_Hedging,-240080.0,twse
2026-07-15,2368,Foreign_Investor,709267.0,twse
2026-07-15,2368,Investment_Trust,0.0,twse
2026-07-15,2368,Dealer_Hedging,-1170706.0,twse
2026-07-15,2359,Foreign_Investor,-1013515.0,twse
2026-07-15,2359,Investment_Trust,0.0,twse
2026-07-15,2359,Dealer_Hedging,0.0,twse
2026-07-15,2330,Foreign_Investor,-3427281.0,twse
2026-07-15,2330,Investment_Trust,0.0,twse
2026-07-15,2330,Dealer_Hedging,-1036431.0,twse
2026-07-15,3131,Foreign_Investor,18809.0,otc
2026-07-15,3131,Investment_Trust,0.0,otc
2026-07-15,3131,Dealer_Hedging,18809.0,otc
2026-07-15,3455,Foreign_Investor,-68000.0,otc
2026-07-15,3455,Investment_Trust,0.0,otc
2026-07-15,3455,Dealer_Hedging,-68000.0,otc
2026-07-15,5289,Foreign_Investor,-224568.0,otc
2026-07-15,5289,Investment_Trust,0.0,otc
2026-07-15,5289,Dealer_Hedging,-224568.0,otc
2026-07-15,6187,Foreign_Investor,126485.0,otc
2026-07-15,6187,Investment_Trust,0.0,otc
2026-07-15,6187,Dealer_Hedging,126485.0,otc
2026-07-15,6274,Foreign_Investor,951101.0,otc
2026-07-15,6274,Investment_Trust,0.0,otc
2026-07-15,6274,Dealer_Hedging,951101.0,otc
2026-07-15,6510,Foreign_Investor,102640.0,otc
2026-07-15,6510,Investment_Trust,0.0,otc
2026-07-15,6510,Dealer_Hedging,102640.0,otc
2026-07-15,8299,Foreign_Investor,270980.0,otc
2026-07-15,8299,Investment_Trust,0.0,otc
2026-07-15,8299,Dealer_Hedging,270980.0,otc
2026-07-15,8358,Foreign_Investor,-171860.0,otc
2026-07-15,8358,Investment_Trust,0.0,otc
2026-07-15,8358,Dealer_Hedging,-171860.0,otc
2026-07-16,2317,Foreign_Investor,6698538.0,twse
2026-07-16,2317,Investment_Trust,0.0,twse
2026-07-16,2317,Dealer_Hedging,-1077129.0,twse
2026-07-16,3044,Foreign_Investor,975201.0,twse
2026-07-16,3044,Investment_Trust,0.0,twse
2026-07-16,3044,Dealer_Hedging,-586962.0,twse
2026-07-16,2368,Foreign_Investor,364451.0,twse
2026-07-16,2368,Investment_Trust,0.0,twse
2026-07-16,2368,Dealer_Hedging,-285200.0,twse
2026-07-16,6669,Foreign_Investor,21677.0,twse
2026-07-16,6669,Investment_Trust,0.0,twse
2026-07-16,6669,Dealer_Hedging,20175.0,twse
2026-07-16,6239,Foreign_Investor,1469236.0,twse
2026-07-16,6239,Investment_Trust,0.0,twse
2026-07-16,6239,Dealer_Hedging,-1248812.0,twse
2026-07-16,2379,Foreign_Investor,1076900.0,twse
2026-07-16,2379,Investment_Trust,0.0,twse
2026-07-16,2379,Dealer_Hedging,-1146760.0,twse
2026-07-16,8210,Foreign_Investor,-17246.0,twse
2026-07-16,8210,Investment_Trust,0.0,twse
2026-07-16,8210,Dealer_Hedging,0.0,twse
2026-07-16,2059,Foreign_Investor,-191357.0,twse
2026-07-16,2059,Investment_Trust,0.0,twse
2026-07-16,2059,Dealer_Hedging,196688.0,twse
2026-07-16,2383,Foreign_Investor,-83475.0,twse
2026-07-16,2383,Investment_Trust,0.0,twse
2026-07-16,2383,Dealer_Hedging,10110.0,twse
2026-07-16,7769,Foreign_Investor,-67170.0,twse
2026-07-16,7769,Investment_Trust,0.0,twse
2026-07-16,7769,Dealer_Hedging,17778.0,twse
2026-07-16,2345,Foreign_Investor,-131844.0,twse
2026-07-16,2345,Investment_Trust,0.0,twse
2026-07-16,2345,Dealer_Hedging,69279.0,twse
2026-07-16,3665,Foreign_Investor,-410572.0,twse
2026-07-16,3665,Investment_Trust,0.0,twse
2026-07-16,3665,Dealer_Hedging,322756.0,twse
2026-07-16,3533,Foreign_Investor,-145578.0,twse
2026-07-16,3533,Investment_Trust,0.0,twse
2026-07-16,3533,Dealer_Hedging,24000.0,twse
2026-07-16,1519,Foreign_Investor,-200506.0,twse
2026-07-16,1519,Investment_Trust,0.0,twse
2026-07-16,1519,Dealer_Hedging,-5000.0,twse
2026-07-16,6451,Foreign_Investor,-218908.0,twse
2026-07-16,6451,Investment_Trust,0.0,twse
2026-07-16,6451,Dealer_Hedging,-2000.0,twse
2026-07-16,2308,Foreign_Investor,-552943.0,twse
2026-07-16,2308,Investment_Trust,0.0,twse
2026-07-16,2308,Dealer_Hedging,207574.0,twse
2026-07-16,2404,Foreign_Investor,42486.0,twse
2026-07-16,2404,Investment_Trust,0.0,twse
2026-07-16,2404,Dealer_Hedging,-67000.0,twse
2026-07-16,2301,Foreign_Investor,1191865.0,twse
2026-07-16,2301,Investment_Trust,0.0,twse
2026-07-16,2301,Dealer_Hedging,-2428026.0,twse
2026-07-16,2454,Foreign_Investor,-626032.0,twse
2026-07-16,2454,Investment_Trust,0.0,twse
2026-07-16,2454,Dealer_Hedging,-68407.0,twse
2026-07-16,2359,Foreign_Investor,-712639.0,twse
2026-07-16,2359,Investment_Trust,0.0,twse
2026-07-16,2359,Dealer_Hedging,0.0,twse
2026-07-16,3017,Foreign_Investor,-1008358.0,twse
2026-07-16,3017,Investment_Trust,0.0,twse
2026-07-16,3017,Dealer_Hedging,184039.0,twse
2026-07-16,6285,Foreign_Investor,-1698640.0,twse
2026-07-16,6285,Investment_Trust,0.0,twse
2026-07-16,6285,Dealer_Hedging,34000.0,twse
2026-07-16,2330,Foreign_Investor,-4214736.0,twse
2026-07-16,2330,Investment_Trust,0.0,twse
2026-07-16,2330,Dealer_Hedging,532374.0,twse
2026-07-16,3037,Foreign_Investor,-6552022.0,twse
2026-07-16,3037,Investment_Trust,0.0,twse
2026-07-16,3037,Dealer_Hedging,1737808.0,twse
2026-07-16,3131,Foreign_Investor,-28569.0,otc
2026-07-16,3131,Investment_Trust,0.0,otc
2026-07-16,3131,Dealer_Hedging,-28569.0,otc
2026-07-16,3455,Foreign_Investor,-40419.0,otc
2026-07-16,3455,Investment_Trust,0.0,otc
2026-07-16,3455,Dealer_Hedging,-40419.0,otc
2026-07-16,3491,Foreign_Investor,-474148.0,otc
2026-07-16,3491,Investment_Trust,0.0,otc
2026-07-16,3491,Dealer_Hedging,-474148.0,otc
2026-07-16,5289,Foreign_Investor,736548.0,otc
2026-07-16,5289,Investment_Trust,0.0,otc
2026-07-16,5289,Dealer_Hedging,736548.0,otc
2026-07-16,6187,Foreign_Investor,-141950.0,otc
2026-07-16,6187,Investment_Trust,0.0,otc
2026-07-16,6187,Dealer_Hedging,-141950.0,otc
2026-07-16,6274,Foreign_Investor,2507059.0,otc
2026-07-16,6274,Investment_Trust,0.0,otc
2026-07-16,6274,Dealer_Hedging,2507059.0,otc
2026-07-16,6510,Foreign_Investor,7199.0,otc
2026-07-16,6510,Investment_Trust,0.0,otc
2026-07-16,6510,Dealer_Hedging,7199.0,otc
2026-07-16,8299,Foreign_Investor,-144472.0,otc
2026-07-16,8299,Investment_Trust,0.0,otc
2026-07-16,8299,Dealer_Hedging,-144472.0,otc
2026-07-16,8358,Foreign_Investor,612299.0,otc
2026-07-16,8358,Investment_Trust,0.0,otc
2026-07-16,8358,Dealer_Hedging,612299.0,otc
2026-07-17,2368,Foreign_Investor,1062007.0,twse
2026-07-17,2368,Investment_Trust,0.0,twse
2026-07-17,2368,Dealer_Hedging,13462.0,twse
2026-07-17,2379,Foreign_Investor,1268672.0,twse
2026-07-17,2379,Investment_Trust,0.0,twse
2026-07-17,2379,Dealer_Hedging,-796530.0,twse
2026-07-17,2383,Foreign_Investor,249692.0,twse
2026-07-17,2383,Investment_Trust,0.0,twse
2026-07-17,2383,Dealer_Hedging,39249.0,twse
2026-07-17,1519,Foreign_Investor,202266.0,twse
2026-07-17,1519,Investment_Trust,0.0,twse
2026-07-17,1519,Dealer_Hedging,-31019.0,twse
2026-07-17,3017,Foreign_Investor,-132482.0,twse
2026-07-17,3017,Investment_Trust,0.0,twse
2026-07-17,3017,Dealer_Hedging,252619.0,twse
2026-07-17,2404,Foreign_Investor,253104.0,twse
2026-07-17,2404,Investment_Trust,0.0,twse
2026-07-17,2404,Dealer_Hedging,-88000.0,twse
2026-07-17,8210,Foreign_Investor,54961.0,twse
2026-07-17,8210,Investment_Trust,0.0,twse
2026-07-17,8210,Dealer_Hedging,30000.0,twse
2026-07-17,6451,Foreign_Investor,16769.0,twse
2026-07-17,6451,Investment_Trust,0.0,twse
2026-07-17,6451,Dealer_Hedging,-22000.0,twse
2026-07-17,2059,Foreign_Investor,-46022.0,twse
2026-07-17,2059,Investment_Trust,0.0,twse
2026-07-17,2059,Dealer_Hedging,161.0,twse
2026-07-17,7769,Foreign_Investor,-54305.0,twse
2026-07-17,7769,Investment_Trust,0.0,twse
2026-07-17,7769,Dealer_Hedging,9021.0,twse
2026-07-17,3533,Foreign_Investor,-37486.0,twse
2026-07-17,3533,Investment_Trust,0.0,twse
2026-07-17,3533,Dealer_Hedging,-45000.0,twse
2026-07-17,6669,Foreign_Investor,-3963.0,twse
2026-07-17,6669,Investment_Trust,0.0,twse
2026-07-17,6669,Dealer_Hedging,-74602.0,twse
2026-07-17,2345,Foreign_Investor,-424424.0,twse
2026-07-17,2345,Investment_Trust,0.0,twse
2026-07-17,2345,Dealer_Hedging,138313.0,twse
2026-07-17,3044,Foreign_Investor,-124475.0,twse
2026-07-17,3044,Investment_Trust,0.0,twse
2026-07-17,3044,Dealer_Hedging,-362570.0,twse
2026-07-17,3665,Foreign_Investor,-413214.0,twse
2026-07-17,3665,Investment_Trust,0.0,twse
2026-07-17,3665,Dealer_Hedging,12706.0,twse
2026-07-17,2454,Foreign_Investor,-294464.0,twse
2026-07-17,2454,Investment_Trust,0.0,twse
2026-07-17,2454,Dealer_Hedging,-125726.0,twse
2026-07-17,6285,Foreign_Investor,-896770.0,twse
2026-07-17,6285,Investment_Trust,0.0,twse
2026-07-17,6285,Dealer_Hedging,53000.0,twse
2026-07-17,2359,Foreign_Investor,-2632669.0,twse
2026-07-17,2359,Investment_Trust,0.0,twse
2026-07-17,2359,Dealer_Hedging,0.0,twse
2026-07-17,2317,Foreign_Investor,-4268235.0,twse
2026-07-17,2317,Investment_Trust,0.0,twse
2026-07-17,2317,Dealer_Hedging,-695769.0,twse
2026-07-17,3037,Foreign_Investor,-4628465.0,twse
2026-07-17,3037,Investment_Trust,0.0,twse
2026-07-17,3037,Dealer_Hedging,670489.0,twse
2026-07-17,6239,Foreign_Investor,-3741911.0,twse
2026-07-17,6239,Investment_Trust,0.0,twse
2026-07-17,6239,Dealer_Hedging,-957185.0,twse
2026-07-17,2308,Foreign_Investor,-5361502.0,twse
2026-07-17,2308,Investment_Trust,0.0,twse
2026-07-17,2308,Dealer_Hedging,234962.0,twse
2026-07-17,2301,Foreign_Investor,-8395661.0,twse
2026-07-17,2301,Investment_Trust,0.0,twse
2026-07-17,2301,Dealer_Hedging,-2412733.0,twse
2026-07-17,2330,Foreign_Investor,-44183964.0,twse
2026-07-17,2330,Investment_Trust,0.0,twse
2026-07-17,2330,Dealer_Hedging,1488520.0,twse
2026-07-17,3131,Foreign_Investor,-128769.0,otc
2026-07-17,3131,Investment_Trust,0.0,otc
2026-07-17,3131,Dealer_Hedging,-128769.0,otc
2026-07-17,3455,Foreign_Investor,868027.0,otc
2026-07-17,3455,Investment_Trust,0.0,otc
2026-07-17,3455,Dealer_Hedging,868027.0,otc
2026-07-17,3491,Foreign_Investor,230339.0,otc
2026-07-17,3491,Investment_Trust,0.0,otc
2026-07-17,3491,Dealer_Hedging,230339.0,otc
2026-07-17,5289,Foreign_Investor,1190101.0,otc
2026-07-17,5289,Investment_Trust,0.0,otc
2026-07-17,5289,Dealer_Hedging,1190101.0,otc
2026-07-17,6187,Foreign_Investor,-574045.0,otc
2026-07-17,6187,Investment_Trust,0.0,otc
2026-07-17,6187,Dealer_Hedging,-574045.0,otc
2026-07-17,6274,Foreign_Investor,1520310.0,otc
2026-07-17,6274,Investment_Trust,0.0,otc
2026-07-17,6274,Dealer_Hedging,1520310.0,otc
2026-07-17,6510,Foreign_Investor,-42377.0,otc
2026-07-17,6510,Investment_Trust,0.0,otc
2026-07-17,6510,Dealer_Hedging,-42377.0,otc
2026-07-17,8299,Foreign_Investor,879096.0,otc
2026-07-17,8299,Investment_Trust,0.0,otc
2026-07-17,8299,Dealer_Hedging,879096.0,otc
2026-07-17,8358,Foreign_Investor,2907639.0,otc
2026-07-17,8358,Investment_Trust,0.0,otc
2026-07-17,8358,Dealer_Hedging,2907639.0,otc
2026-07-20,2330,Foreign_Investor,-1672128.0,twse
2026-07-20,2330,Investment_Trust,0.0,twse
2026-07-20,2330,Dealer_Hedging,1047417.0,twse
2026-07-20,2317,Foreign_Investor,60865.0,twse
2026-07-20,2317,Investment_Trust,0.0,twse
2026-07-20,2317,Dealer_Hedging,449800.0,twse
2026-07-20,3037,Foreign_Investor,1920493.0,twse
2026-07-20,3037,Investment_Trust,0.0,twse
2026-07-20,3037,Dealer_Hedging,468624.0,twse
2026-07-20,6239,Foreign_Investor,1419191.0,twse
2026-07-20,6239,Investment_Trust,0.0,twse
2026-07-20,6239,Dealer_Hedging,45204.0,twse
2026-07-20,6451,Foreign_Investor,1353061.0,twse
2026-07-20,6451,Investment_Trust,0.0,twse
2026-07-20,6451,Dealer_Hedging,-5000.0,twse
2026-07-20,2454,Foreign_Investor,663357.0,twse
2026-07-20,2454,Investment_Trust,0.0,twse
2026-07-20,2454,Dealer_Hedging,-4750.0,twse
2026-07-20,6285,Foreign_Investor,380351.0,twse
2026-07-20,6285,Investment_Trust,0.0,twse
2026-07-20,6285,Dealer_Hedging,8000.0,twse
2026-07-20,2301,Foreign_Investor,-364031.0,twse
2026-07-20,2301,Investment_Trust,0.0,twse
2026-07-20,2301,Dealer_Hedging,102128.0,twse
2026-07-20,1519,Foreign_Investor,314900.0,twse
2026-07-20,1519,Investment_Trust,0.0,twse
2026-07-20,1519,Dealer_Hedging,0.0,twse
2026-07-20,6669,Foreign_Investor,181116.0,twse
2026-07-20,6669,Investment_Trust,0.0,twse
2026-07-20,6669,Dealer_Hedging,29573.0,twse
2026-07-20,2368,Foreign_Investor,973307.0,twse
2026-07-20,2368,Investment_Trust,0.0,twse
2026-07-20,2368,Dealer_Hedging,-740823.0,twse
2026-07-20,8210,Foreign_Investor,196828.0,twse
2026-07-20,8210,Investment_Trust,0.0,twse
2026-07-20,8210,Dealer_Hedging,1000.0,twse
2026-07-20,2404,Foreign_Investor,302943.0,twse
2026-07-20,2404,Investment_Trust,0.0,twse
2026-07-20,2404,Dealer_Hedging,-165000.0,twse
2026-07-20,2383,Foreign_Investor,74509.0,twse
2026-07-20,2383,Investment_Trust,0.0,twse
2026-07-20,2383,Dealer_Hedging,-42886.0,twse
2026-07-20,2379,Foreign_Investor,-557812.0,twse
2026-07-20,2379,Investment_Trust,0.0,twse
2026-07-20,2379,Dealer_Hedging,515498.0,twse
2026-07-20,2345,Foreign_Investor,-625419.0,twse
2026-07-20,2345,Investment_Trust,0.0,twse
2026-07-20,2345,Dealer_Hedging,569491.0,twse
2026-07-20,7769,Foreign_Investor,-30875.0,twse
2026-07-20,7769,Investment_Trust,0.0,twse
2026-07-20,7769,Dealer_Hedging,27010.0,twse
2026-07-20,3044,Foreign_Investor,-132488.0,twse
2026-07-20,3044,Investment_Trust,0.0,twse
2026-07-20,3044,Dealer_Hedging,-62811.0,twse
2026-07-20,2059,Foreign_Investor,-101722.0,twse
2026-07-20,2059,Investment_Trust,0.0,twse
2026-07-20,2059,Dealer_Hedging,15072.0,twse
2026-07-20,3665,Foreign_Investor,-477899.0,twse
2026-07-20,3665,Investment_Trust,0.0,twse
2026-07-20,3665,Dealer_Hedging,398000.0,twse
2026-07-20,3533,Foreign_Investor,-97134.0,twse
2026-07-20,3533,Investment_Trust,0.0,twse
2026-07-20,3533,Dealer_Hedging,-6000.0,twse
2026-07-20,2308,Foreign_Investor,-840177.0,twse
2026-07-20,2308,Investment_Trust,0.0,twse
2026-07-20,2308,Dealer_Hedging,202491.0,twse
2026-07-20,2359,Foreign_Investor,-119411.0,twse
2026-07-20,2359,Investment_Trust,0.0,twse
2026-07-20,2359,Dealer_Hedging,0.0,twse
2026-07-20,3017,Foreign_Investor,-953898.0,twse
2026-07-20,3017,Investment_Trust,0.0,twse
2026-07-20,3017,Dealer_Hedging,395059.0,twse
2026-07-20,3131,Foreign_Investor,-18864.0,otc
2026-07-20,3131,Investment_Trust,0.0,otc
2026-07-20,3131,Dealer_Hedging,-18864.0,otc
2026-07-20,3455,Foreign_Investor,255631.0,otc
2026-07-20,3455,Investment_Trust,0.0,otc
2026-07-20,3455,Dealer_Hedging,255631.0,otc
2026-07-20,3491,Foreign_Investor,-563239.0,otc
2026-07-20,3491,Investment_Trust,0.0,otc
2026-07-20,3491,Dealer_Hedging,-563239.0,otc
2026-07-20,5289,Foreign_Investor,426213.0,otc
2026-07-20,5289,Investment_Trust,0.0,otc
2026-07-20,5289,Dealer_Hedging,426213.0,otc
2026-07-20,6187,Foreign_Investor,6636.0,otc
2026-07-20,6187,Investment_Trust,0.0,otc
2026-07-20,6187,Dealer_Hedging,6636.0,otc
2026-07-20,6274,Foreign_Investor,1703097.0,otc
2026-07-20,6274,Investment_Trust,0.0,otc
2026-07-20,6274,Dealer_Hedging,1703097.0,otc
2026-07-20,6510,Foreign_Investor,672.0,otc
2026-07-20,6510,Investment_Trust,0.0,otc
2026-07-20,6510,Dealer_Hedging,672.0,otc
2026-07-20,8299,Foreign_Investor,420516.0,otc
2026-07-20,8299,Investment_Trust,0.0,otc
2026-07-20,8299,Dealer_Hedging,420516.0,otc
2026-07-20,8358,Foreign_Investor,699217.0,otc
2026-07-20,8358,Investment_Trust,0.0,otc
2026-07-20,8358,Dealer_Hedging,699217.0,otc
2026-07-21,2317,Foreign_Investor,22635286.0,twse
2026-07-21,2317,Investment_Trust,0.0,twse
2026-07-21,2317,Dealer_Hedging,2099832.0,twse
2026-07-21,2330,Foreign_Investor,4975729.0,twse
2026-07-21,2330,Investment_Trust,0.0,twse
2026-07-21,2330,Dealer_Hedging,738356.0,twse
2026-07-21,3037,Foreign_Investor,951249.0,twse
2026-07-21,3037,Investment_Trust,0.0,twse
2026-07-21,3037,Dealer_Hedging,978000.0,twse
2026-07-21,2301,Foreign_Investor,855483.0,twse
2026-07-21,2301,Investment_Trust,0.0,twse
2026-07-21,2301,Dealer_Hedging,79049.0,twse
2026-07-21,2308,Foreign_Investor,-1380580.0,twse
2026-07-21,2308,Investment_Trust,0.0,twse
2026-07-21,2308,Dealer_Hedging,1640409.0,twse
2026-07-21,1519,Foreign_Investor,257318.0,twse
2026-07-21,1519,Investment_Trust,0.0,twse
2026-07-21,1519,Dealer_Hedging,0.0,twse
2026-07-21,3665,Foreign_Investor,-402535.0,twse
2026-07-21,3665,Investment_Trust,0.0,twse
2026-07-21,3665,Dealer_Hedging,530000.0,twse
2026-07-21,8210,Foreign_Investor,129754.0,twse
2026-07-21,8210,Investment_Trust,0.0,twse
2026-07-21,8210,Dealer_Hedging,19000.0,twse
2026-07-21,2379,Foreign_Investor,-218395.0,twse
2026-07-21,2379,Investment_Trust,0.0,twse
2026-07-21,2379,Dealer_Hedging,362663.0,twse
2026-07-21,2059,Foreign_Investor,65624.0,twse
2026-07-21,2059,Investment_Trust,0.0,twse
2026-07-21,2059,Dealer_Hedging,37094.0,twse
2026-07-21,6285,Foreign_Investor,511763.0,twse
2026-07-21,6285,Investment_Trust,0.0,twse
2026-07-21,6285,Dealer_Hedging,-473000.0,twse
2026-07-21,2359,Foreign_Investor,24530.0,twse
2026-07-21,2359,Investment_Trust,0.0,twse
2026-07-21,2359,Dealer_Hedging,0.0,twse
2026-07-21,3017,Foreign_Investor,-425532.0,twse
2026-07-21,3017,Investment_Trust,0.0,twse
2026-07-21,3017,Dealer_Hedging,391200.0,twse
2026-07-21,6669,Foreign_Investor,-91214.0,twse
2026-07-21,6669,Investment_Trust,0.0,twse
2026-07-21,6669,Dealer_Hedging,58341.0,twse
2026-07-21,7769,Foreign_Investor,-77393.0,twse
2026-07-21,7769,Investment_Trust,0.0,twse
2026-07-21,7769,Dealer_Hedging,77600.0,twse
2026-07-21,2345,Foreign_Investor,-173487.0,twse
2026-07-21,2345,Investment_Trust,0.0,twse
2026-07-21,2345,Dealer_Hedging,151000.0,twse
2026-07-21,3533,Foreign_Investor,-102739.0,twse
2026-07-21,3533,Investment_Trust,0.0,twse
2026-07-21,3533,Dealer_Hedging,-19000.0,twse
2026-07-21,3044,Foreign_Investor,-343527.0,twse
2026-07-21,3044,Investment_Trust,0.0,twse
2026-07-21,3044,Dealer_Hedging,-10712.0,twse
2026-07-21,6451,Foreign_Investor,-248672.0,twse
2026-07-21,6451,Investment_Trust,0.0,twse
2026-07-21,6451,Dealer_Hedging,-14000.0,twse
2026-07-21,2454,Foreign_Investor,-528934.0,twse
2026-07-21,2454,Investment_Trust,0.0,twse
2026-07-21,2454,Dealer_Hedging,43800.0,twse
2026-07-21,2404,Foreign_Investor,-391873.0,twse
2026-07-21,2404,Investment_Trust,0.0,twse
2026-07-21,2404,Dealer_Hedging,-13000.0,twse
2026-07-21,2383,Foreign_Investor,-669424.0,twse
2026-07-21,2383,Investment_Trust,0.0,twse
2026-07-21,2383,Dealer_Hedging,301000.0,twse
2026-07-21,2368,Foreign_Investor,345113.0,twse
2026-07-21,2368,Investment_Trust,0.0,twse
2026-07-21,2368,Dealer_Hedging,-885776.0,twse
2026-07-21,6239,Foreign_Investor,-2847883.0,twse
2026-07-21,6239,Investment_Trust,0.0,twse
2026-07-21,6239,Dealer_Hedging,644000.0,twse
2026-07-21,3131,Foreign_Investor,-54390.0,otc
2026-07-21,3131,Investment_Trust,0.0,otc
2026-07-21,3131,Dealer_Hedging,-54390.0,otc
2026-07-21,3455,Foreign_Investor,-225890.0,otc
2026-07-21,3455,Investment_Trust,0.0,otc
2026-07-21,3455,Dealer_Hedging,-225890.0,otc
2026-07-21,3491,Foreign_Investor,-127400.0,otc
2026-07-21,3491,Investment_Trust,0.0,otc
2026-07-21,3491,Dealer_Hedging,-127400.0,otc
2026-07-21,5289,Foreign_Investor,-159871.0,otc
2026-07-21,5289,Investment_Trust,0.0,otc
2026-07-21,5289,Dealer_Hedging,-159871.0,otc
2026-07-21,6187,Foreign_Investor,113084.0,otc
2026-07-21,6187,Investment_Trust,0.0,otc
2026-07-21,6187,Dealer_Hedging,113084.0,otc
2026-07-21,6274,Foreign_Investor,-250001.0,otc
2026-07-21,6274,Investment_Trust,0.0,otc
2026-07-21,6274,Dealer_Hedging,-250001.0,otc
2026-07-21,6510,Foreign_Investor,-7759.0,otc
2026-07-21,6510,Investment_Trust,0.0,otc
2026-07-21,6510,Dealer_Hedging,-7759.0,otc
2026-07-21,8299,Foreign_Investor,75181.0,otc
2026-07-21,8299,Investment_Trust,0.0,otc
2026-07-21,8299,Dealer_Hedging,75181.0,otc
2026-07-21,8358,Foreign_Investor,-2291509.0,otc
2026-07-21,8358,Investment_Trust,0.0,otc
2026-07-21,8358,Dealer_Hedging,-2291509.0,otc
2026-07-22,2317,Foreign_Investor,17679862.0,twse
2026-07-22,2317,Investment_Trust,0.0,twse
2026-07-22,2317,Dealer_Hedging,665951.0,twse
2026-07-22,2301,Foreign_Investor,6721493.0,twse
2026-07-22,2301,Investment_Trust,0.0,twse
2026-07-22,2301,Dealer_Hedging,22081.0,twse
2026-07-22,3037,Foreign_Investor,2704243.0,twse
2026-07-22,3037,Investment_Trust,0.0,twse
2026-07-22,3037,Dealer_Hedging,405033.0,twse
2026-07-22,6239,Foreign_Investor,1769116.0,twse
2026-07-22,6239,Investment_Trust,0.0,twse
2026-07-22,6239,Dealer_Hedging,907204.0,twse
2026-07-22,2308,Foreign_Investor,-9329.0,twse
2026-07-22,2308,Investment_Trust,0.0,twse
2026-07-22,2308,Dealer_Hedging,841093.0,twse
2026-07-22,6285,Foreign_Investor,210499.0,twse
2026-07-22,6285,Investment_Trust,0.0,twse
2026-07-22,6285,Dealer_Hedging,262000.0,twse
2026-07-22,2454,Foreign_Investor,554762.0,twse
2026-07-22,2454,Investment_Trust,0.0,twse
2026-07-22,2454,Dealer_Hedging,80750.0,twse
2026-07-22,6669,Foreign_Investor,188719.0,twse
2026-07-22,6669,Investment_Trust,0.0,twse
2026-07-22,6669,Dealer_Hedging,60044.0,twse
2026-07-22,2359,Foreign_Investor,141483.0,twse
2026-07-22,2359,Investment_Trust,0.0,twse
2026-07-22,2359,Dealer_Hedging,0.0,twse
2026-07-22,1519,Foreign_Investor,126280.0,twse
2026-07-22,1519,Investment_Trust,0.0,twse
2026-07-22,1519,Dealer_Hedging,0.0,twse
2026-07-22,2404,Foreign_Investor,323436.0,twse
2026-07-22,2404,Investment_Trust,0.0,twse
2026-07-22,2404,Dealer_Hedging,-217000.0,twse
2026-07-22,2345,Foreign_Investor,-194448.0,twse
2026-07-22,2345,Investment_Trust,0.0,twse
2026-07-22,2345,Dealer_Hedging,232637.0,twse
2026-07-22,2059,Foreign_Investor,-20639.0,twse
2026-07-22,2059,Investment_Trust,0.0,twse
2026-07-22,2059,Dealer_Hedging,5007.0,twse
2026-07-22,7769,Foreign_Investor,-32295.0,twse
2026-07-22,7769,Investment_Trust,0.0,twse
2026-07-22,7769,Dealer_Hedging,12958.0,twse
2026-07-22,3665,Foreign_Investor,-988103.0,twse
2026-07-22,3665,Investment_Trust,0.0,twse
2026-07-22,3665,Dealer_Hedging,985909.0,twse
2026-07-22,2383,Foreign_Investor,-256447.0,twse
2026-07-22,2383,Investment_Trust,0.0,twse
2026-07-22,2383,Dealer_Hedging,231891.0,twse
2026-07-22,6451,Foreign_Investor,-77245.0,twse
2026-07-22,6451,Investment_Trust,0.0,twse
2026-07-22,6451,Dealer_Hedging,-14000.0,twse
2026-07-22,3533,Foreign_Investor,-65882.0,twse
2026-07-22,3533,Investment_Trust,0.0,twse
2026-07-22,3533,Dealer_Hedging,-92000.0,twse
2026-07-22,3044,Foreign_Investor,-155259.0,twse
2026-07-22,3044,Investment_Trust,0.0,twse
2026-07-22,3044,Dealer_Hedging,-7856.0,twse
2026-07-22,8210,Foreign_Investor,231178.0,twse
2026-07-22,8210,Investment_Trust,0.0,twse
2026-07-22,8210,Dealer_Hedging,-417000.0,twse
2026-07-22,2379,Foreign_Investor,-814125.0,twse
2026-07-22,2379,Investment_Trust,0.0,twse
2026-07-22,2379,Dealer_Hedging,208425.0,twse
2026-07-22,3017,Foreign_Investor,-661918.0,twse
2026-07-22,3017,Investment_Trust,0.0,twse
2026-07-22,3017,Dealer_Hedging,-103235.0,twse
2026-07-22,2368,Foreign_Investor,547677.0,twse
2026-07-22,2368,Investment_Trust,0.0,twse
2026-07-22,2368,Dealer_Hedging,-2083140.0,twse
2026-07-22,2330,Foreign_Investor,-3538579.0,twse
2026-07-22,2330,Investment_Trust,0.0,twse
2026-07-22,2330,Dealer_Hedging,1569085.0,twse
2026-07-22,3131,Foreign_Investor,-3177.0,otc
2026-07-22,3131,Investment_Trust,0.0,otc
2026-07-22,3131,Dealer_Hedging,-3177.0,otc
2026-07-22,3455,Foreign_Investor,-153930.0,otc
2026-07-22,3455,Investment_Trust,0.0,otc
2026-07-22,3455,Dealer_Hedging,-153930.0,otc
2026-07-22,3491,Foreign_Investor,53812.0,otc
2026-07-22,3491,Investment_Trust,0.0,otc
2026-07-22,3491,Dealer_Hedging,53812.0,otc
2026-07-22,5289,Foreign_Investor,-419400.0,otc
2026-07-22,5289,Investment_Trust,0.0,otc
2026-07-22,5289,Dealer_Hedging,-419400.0,otc
2026-07-22,6187,Foreign_Investor,-475108.0,otc
2026-07-22,6187,Investment_Trust,0.0,otc
2026-07-22,6187,Dealer_Hedging,-475108.0,otc
2026-07-22,6274,Foreign_Investor,-32880.0,otc
2026-07-22,6274,Investment_Trust,0.0,otc
2026-07-22,6274,Dealer_Hedging,-32880.0,otc
2026-07-22,6510,Foreign_Investor,-41191.0,otc
2026-07-22,6510,Investment_Trust,0.0,otc
2026-07-22,6510,Dealer_Hedging,-41191.0,otc
2026-07-22,8299,Foreign_Investor,-203940.0,otc
2026-07-22,8299,Investment_Trust,0.0,otc
2026-07-22,8299,Dealer_Hedging,-203940.0,otc
2026-07-22,8358,Foreign_Investor,-3195960.0,otc
2026-07-22,8358,Investment_Trust,0.0,otc
2026-07-22,8358,Dealer_Hedging,-3195960.0,otc
2026-07-23,2317,Foreign_Investor,23754651.0,twse
2026-07-23,2317,Investment_Trust,0.0,twse
2026-07-23,2317,Dealer_Hedging,559907.0,twse
2026-07-23,2301,Foreign_Investor,4354941.0,twse
2026-07-23,2301,Investment_Trust,0.0,twse
2026-07-23,2301,Dealer_Hedging,-496689.0,twse
2026-07-23,3665,Foreign_Investor,392485.0,twse
2026-07-23,3665,Investment_Trust,0.0,twse
2026-07-23,3665,Dealer_Hedging,1278643.0,twse
2026-07-23,3037,Foreign_Investor,-531110.0,twse
2026-07-23,3037,Investment_Trust,0.0,twse
2026-07-23,3037,Dealer_Hedging,2270758.0,twse
2026-07-23,3017,Foreign_Investor,1382746.0,twse
2026-07-23,3017,Investment_Trust,0.0,twse
2026-07-23,3017,Dealer_Hedging,133941.0,twse
2026-07-23,2454,Foreign_Investor,564032.0,twse
2026-07-23,2454,Investment_Trust,0.0,twse
2026-07-23,2454,Dealer_Hedging,-103309.0,twse
2026-07-23,6669,Foreign_Investor,439599.0,twse
2026-07-23,6669,Investment_Trust,0.0,twse
2026-07-23,6669,Dealer_Hedging,-212494.0,twse
2026-07-23,6285,Foreign_Investor,437953.0,twse
2026-07-23,6285,Investment_Trust,0.0,twse
2026-07-23,6285,Dealer_Hedging,-242000.0,twse
2026-07-23,1519,Foreign_Investor,159472.0,twse
2026-07-23,1519,Investment_Trust,0.0,twse
2026-07-23,1519,Dealer_Hedging,0.0,twse
2026-07-23,2308,Foreign_Investor,-381500.0,twse
2026-07-23,2308,Investment_Trust,0.0,twse
2026-07-23,2308,Dealer_Hedging,338082.0,twse
2026-07-23,2359,Foreign_Investor,84194.0,twse
2026-07-23,2359,Investment_Trust,0.0,twse
2026-07-23,2359,Dealer_Hedging,0.0,twse
2026-07-23,2059,Foreign_Investor,140807.0,twse
2026-07-23,2059,Investment_Trust,0.0,twse
2026-07-23,2059,Dealer_Hedging,-37805.0,twse
2026-07-23,7769,Foreign_Investor,71183.0,twse
2026-07-23,7769,Investment_Trust,0.0,twse
2026-07-23,7769,Dealer_Hedging,6990.0,twse
2026-07-23,8210,Foreign_Investor,72764.0,twse
2026-07-23,8210,Investment_Trust,0.0,twse
2026-07-23,8210,Dealer_Hedging,0.0,twse
2026-07-23,2383,Foreign_Investor,-42006.0,twse
2026-07-23,2383,Investment_Trust,0.0,twse
2026-07-23,2383,Dealer_Hedging,40144.0,twse
2026-07-23,2404,Foreign_Investor,92375.0,twse
2026-07-23,2404,Investment_Trust,0.0,twse
2026-07-23,2404,Dealer_Hedging,-158000.0,twse
2026-07-23,3533,Foreign_Investor,71419.0,twse
2026-07-23,3533,Investment_Trust,0.0,twse
2026-07-23,3533,Dealer_Hedging,-199000.0,twse
2026-07-23,2345,Foreign_Investor,-347021.0,twse
2026-07-23,2345,Investment_Trust,0.0,twse
2026-07-23,2345,Dealer_Hedging,203909.0,twse
2026-07-23,2368,Foreign_Investor,865240.0,twse
2026-07-23,2368,Investment_Trust,0.0,twse
2026-07-23,2368,Dealer_Hedging,-1366574.0,twse
2026-07-23,6451,Foreign_Investor,-371198.0,twse
2026-07-23,6451,Investment_Trust,0.0,twse
2026-07-23,6451,Dealer_Hedging,-13000.0,twse
2026-07-23,2379,Foreign_Investor,-902595.0,twse
2026-07-23,2379,Investment_Trust,0.0,twse
2026-07-23,2379,Dealer_Hedging,353011.0,twse
2026-07-23,3044,Foreign_Investor,-911953.0,twse
2026-07-23,3044,Investment_Trust,0.0,twse
2026-07-23,3044,Dealer_Hedging,-39371.0,twse
2026-07-23,6239,Foreign_Investor,-2234227.0,twse
2026-07-23,6239,Investment_Trust,0.0,twse
2026-07-23,6239,Dealer_Hedging,1062000.0,twse
2026-07-23,2330,Foreign_Investor,-4614430.0,twse
2026-07-23,2330,Investment_Trust,0.0,twse
2026-07-23,2330,Dealer_Hedging,-943258.0,twse
2026-07-23,3131,Foreign_Investor,97030.0,otc
2026-07-23,3131,Investment_Trust,0.0,otc
2026-07-23,3131,Dealer_Hedging,97030.0,otc
2026-07-23,3455,Foreign_Investor,-86354.0,otc
2026-07-23,3455,Investment_Trust,0.0,otc
2026-07-23,3455,Dealer_Hedging,-86354.0,otc
2026-07-23,3491,Foreign_Investor,229603.0,otc
2026-07-23,3491,Investment_Trust,0.0,otc
2026-07-23,3491,Dealer_Hedging,229603.0,otc
2026-07-23,5289,Foreign_Investor,154173.0,otc
2026-07-23,5289,Investment_Trust,0.0,otc
2026-07-23,5289,Dealer_Hedging,154173.0,otc
2026-07-23,6187,Foreign_Investor,-157482.0,otc
2026-07-23,6187,Investment_Trust,0.0,otc
2026-07-23,6187,Dealer_Hedging,-157482.0,otc
2026-07-23,6274,Foreign_Investor,-915106.0,otc
2026-07-23,6274,Investment_Trust,0.0,otc
2026-07-23,6274,Dealer_Hedging,-915106.0,otc
2026-07-23,6510,Foreign_Investor,651.0,otc
2026-07-23,6510,Investment_Trust,0.0,otc
2026-07-23,6510,Dealer_Hedging,651.0,otc
2026-07-23,8299,Foreign_Investor,11164.0,otc
2026-07-23,8299,Investment_Trust,0.0,otc
2026-07-23,8299,Dealer_Hedging,11164.0,otc
2026-07-23,8358,Foreign_Investor,-68982.0,otc
2026-07-23,8358,Investment_Trust,0.0,otc
2026-07-23,8358,Dealer_Hedging,-68982.0,otc
2026-07-24,6669,Foreign_Investor,29146.0,twse
2026-07-24,6669,Investment_Trust,0.0,twse
2026-07-24,6669,Dealer_Hedging,602723.0,twse
2026-07-24,8210,Foreign_Investor,648830.0,twse
2026-07-24,8210,Investment_Trust,0.0,twse
2026-07-24,8210,Dealer_Hedging,-169000.0,twse
2026-07-24,2359,Foreign_Investor,318865.0,twse
2026-07-24,2359,Investment_Trust,0.0,twse
2026-07-24,2359,Dealer_Hedging,0.0,twse
2026-07-24,2379,Foreign_Investor,222665.0,twse
2026-07-24,2379,Investment_Trust,0.0,twse
2026-07-24,2379,Dealer_Hedging,105429.0,twse
2026-07-24,2368,Foreign_Investor,701349.0,twse
2026-07-24,2368,Investment_Trust,0.0,twse
2026-07-24,2368,Dealer_Hedging,-434326.0,twse
2026-07-24,2059,Foreign_Investor,96997.0,twse
2026-07-24,2059,Investment_Trust,0.0,twse
2026-07-24,2059,Dealer_Hedging,3283.0,twse
2026-07-24,6451,Foreign_Investor,35579.0,twse
2026-07-24,6451,Investment_Trust,0.0,twse
2026-07-24,6451,Dealer_Hedging,0.0,twse
2026-07-24,3665,Foreign_Investor,-462125.0,twse
2026-07-24,3665,Investment_Trust,0.0,twse
2026-07-24,3665,Dealer_Hedging,469242.0,twse
2026-07-24,3533,Foreign_Investor,-55691.0,twse
2026-07-24,3533,Investment_Trust,0.0,twse
2026-07-24,3533,Dealer_Hedging,-20000.0,twse
2026-07-24,1519,Foreign_Investor,-100033.0,twse
2026-07-24,1519,Investment_Trust,0.0,twse
2026-07-24,1519,Dealer_Hedging,2229.0,twse
2026-07-24,7769,Foreign_Investor,-90649.0,twse
2026-07-24,7769,Investment_Trust,0.0,twse
2026-07-24,7769,Dealer_Hedging,-39000.0,twse
2026-07-24,2345,Foreign_Investor,-198646.0,twse
2026-07-24,2345,Investment_Trust,0.0,twse
2026-07-24,2345,Dealer_Hedging,23078.0,twse
2026-07-24,3017,Foreign_Investor,-517302.0,twse
2026-07-24,3017,Investment_Trust,0.0,twse
2026-07-24,3017,Dealer_Hedging,275000.0,twse
2026-07-24,2383,Foreign_Investor,-314267.0,twse
2026-07-24,2383,Investment_Trust,0.0,twse
2026-07-24,2383,Dealer_Hedging,7271.0,twse
2026-07-24,2404,Foreign_Investor,-358519.0,twse
2026-07-24,2404,Investment_Trust,0.0,twse
2026-07-24,2404,Dealer_Hedging,2000.0,twse
2026-07-24,3044,Foreign_Investor,-518670.0,twse
2026-07-24,3044,Investment_Trust,0.0,twse
2026-07-24,3044,Dealer_Hedging,3867.0,twse
2026-07-24,2454,Foreign_Investor,-748022.0,twse
2026-07-24,2454,Investment_Trust,0.0,twse
2026-07-24,2454,Dealer_Hedging,-258723.0,twse
2026-07-24,2301,Foreign_Investor,-1311055.0,twse
2026-07-24,2301,Investment_Trust,0.0,twse
2026-07-24,2301,Dealer_Hedging,217797.0,twse
2026-07-24,6285,Foreign_Investor,-884991.0,twse
2026-07-24,6285,Investment_Trust,0.0,twse
2026-07-24,6285,Dealer_Hedging,4000.0,twse
2026-07-24,2308,Foreign_Investor,-1414747.0,twse
2026-07-24,2308,Investment_Trust,0.0,twse
2026-07-24,2308,Dealer_Hedging,88482.0,twse
2026-07-24,3037,Foreign_Investor,-1447824.0,twse
2026-07-24,3037,Investment_Trust,0.0,twse
2026-07-24,3037,Dealer_Hedging,19000.0,twse
2026-07-24,6239,Foreign_Investor,-3736396.0,twse
2026-07-24,6239,Investment_Trust,0.0,twse
2026-07-24,6239,Dealer_Hedging,166039.0,twse
2026-07-24,2317,Foreign_Investor,-5514932.0,twse
2026-07-24,2317,Investment_Trust,0.0,twse
2026-07-24,2317,Dealer_Hedging,75698.0,twse
2026-07-24,2330,Foreign_Investor,-9636606.0,twse
2026-07-24,2330,Investment_Trust,0.0,twse
2026-07-24,2330,Dealer_Hedging,549823.0,twse
2026-07-24,3131,Foreign_Investor,75623.0,otc
2026-07-24,3131,Investment_Trust,0.0,otc
2026-07-24,3131,Dealer_Hedging,75623.0,otc
2026-07-24,3455,Foreign_Investor,117160.0,otc
2026-07-24,3455,Investment_Trust,0.0,otc
2026-07-24,3455,Dealer_Hedging,117160.0,otc
2026-07-24,3491,Foreign_Investor,-164628.0,otc
2026-07-24,3491,Investment_Trust,0.0,otc
2026-07-24,3491,Dealer_Hedging,-164628.0,otc
2026-07-24,5289,Foreign_Investor,-596630.0,otc
2026-07-24,5289,Investment_Trust,0.0,otc
2026-07-24,5289,Dealer_Hedging,-596630.0,otc
2026-07-24,6187,Foreign_Investor,-383230.0,otc
2026-07-24,6187,Investment_Trust,0.0,otc
2026-07-24,6187,Dealer_Hedging,-383230.0,otc
2026-07-24,6274,Foreign_Investor,1001896.0,otc
2026-07-24,6274,Investment_Trust,0.0,otc
2026-07-24,6274,Dealer_Hedging,1001896.0,otc
2026-07-24,6510,Foreign_Investor,12821.0,otc
2026-07-24,6510,Investment_Trust,0.0,otc
2026-07-24,6510,Dealer_Hedging,12821.0,otc
2026-07-24,8299,Foreign_Investor,-842995.0,otc
2026-07-24,8299,Investment_Trust,0.0,otc
2026-07-24,8299,Dealer_Hedging,-842995.0,otc
2026-07-24,8358,Foreign_Investor,-124374.0,otc
2026-07-24,8358,Investment_Trust,0.0,otc
2026-07-24,8358,Dealer_Hedging,-124374.0,otc
2026-07-27,2317,Foreign_Investor,522460.0,twse
2026-07-27,2317,Investment_Trust,0.0,twse
2026-07-27,2317,Dealer_Hedging,727709.0,twse
2026-07-27,2379,Foreign_Investor,734360.0,twse
2026-07-27,2379,Investment_Trust,0.0,twse
2026-07-27,2379,Dealer_Hedging,22363.0,twse
2026-07-27,1519,Foreign_Investor,429171.0,twse
2026-07-27,1519,Investment_Trust,0.0,twse
2026-07-27,1519,Dealer_Hedging,0.0,twse
2026-07-27,2368,Foreign_Investor,140027.0,twse
2026-07-27,2368,Investment_Trust,0.0,twse
2026-07-27,2368,Dealer_Hedging,-44918.0,twse
2026-07-27,2059,Foreign_Investor,-62173.0,twse
2026-07-27,2059,Investment_Trust,0.0,twse
2026-07-27,2059,Dealer_Hedging,123034.0,twse
2026-07-27,7769,Foreign_Investor,74554.0,twse
2026-07-27,7769,Investment_Trust,0.0,twse
2026-07-27,7769,Dealer_Hedging,-34000.0,twse
2026-07-27,2345,Foreign_Investor,-29969.0,twse
2026-07-27,2345,Investment_Trust,0.0,twse
2026-07-27,2345,Dealer_Hedging,77000.0,twse
2026-07-27,8210,Foreign_Investor,22449.0,twse
2026-07-27,8210,Investment_Trust,0.0,twse
2026-07-27,8210,Dealer_Hedging,0.0,twse
2026-07-27,6669,Foreign_Investor,-323587.0,twse
2026-07-27,6669,Investment_Trust,0.0,twse
2026-07-27,6669,Dealer_Hedging,373088.0,twse
2026-07-27,2404,Foreign_Investor,42322.0,twse
2026-07-27,2404,Investment_Trust,0.0,twse
2026-07-27,2404,Dealer_Hedging,1000.0,twse
2026-07-27,2383,Foreign_Investor,-27265.0,twse
2026-07-27,2383,Investment_Trust,0.0,twse
2026-07-27,2383,Dealer_Hedging,-23967.0,twse
2026-07-27,3017,Foreign_Investor,-243809.0,twse
2026-07-27,3017,Investment_Trust,0.0,twse
2026-07-27,3017,Dealer_Hedging,168000.0,twse
2026-07-27,3533,Foreign_Investor,-83677.0,twse
2026-07-27,3533,Investment_Trust,0.0,twse
2026-07-27,3533,Dealer_Hedging,1000.0,twse
2026-07-27,3665,Foreign_Investor,-329354.0,twse
2026-07-27,3665,Investment_Trust,0.0,twse
2026-07-27,3665,Dealer_Hedging,182029.0,twse
2026-07-27,6451,Foreign_Investor,-192363.0,twse
2026-07-27,6451,Investment_Trust,0.0,twse
2026-07-27,6451,Dealer_Hedging,0.0,twse
2026-07-27,2359,Foreign_Investor,-163763.0,twse
2026-07-27,2359,Investment_Trust,0.0,twse
2026-07-27,2359,Dealer_Hedging,0.0,twse
2026-07-27,3044,Foreign_Investor,-380575.0,twse
2026-07-27,3044,Investment_Trust,0.0,twse
2026-07-27,3044,Dealer_Hedging,12105.0,twse
2026-07-27,2308,Foreign_Investor,897784.0,twse
2026-07-27,2308,Investment_Trust,0.0,twse
2026-07-27,2308,Dealer_Hedging,-1084364.0,twse
2026-07-27,6239,Foreign_Investor,-596876.0,twse
2026-07-27,6239,Investment_Trust,0.0,twse
2026-07-27,6239,Dealer_Hedging,-231196.0,twse
2026-07-27,6285,Foreign_Investor,-527554.0,twse
2026-07-27,6285,Investment_Trust,0.0,twse
2026-07-27,6285,Dealer_Hedging,60000.0,twse
2026-07-27,2330,Foreign_Investor,-2661754.0,twse
2026-07-27,2330,Investment_Trust,0.0,twse
2026-07-27,2330,Dealer_Hedging,565725.0,twse
2026-07-27,2454,Foreign_Investor,-442923.0,twse
2026-07-27,2454,Investment_Trust,0.0,twse
2026-07-27,2454,Dealer_Hedging,-377829.0,twse
2026-07-27,3037,Foreign_Investor,-1282863.0,twse
2026-07-27,3037,Investment_Trust,0.0,twse
2026-07-27,3037,Dealer_Hedging,-30000.0,twse
2026-07-27,2301,Foreign_Investor,-2706898.0,twse
2026-07-27,2301,Investment_Trust,0.0,twse
2026-07-27,2301,Dealer_Hedging,447053.0,twse
2026-07-27,3131,Foreign_Investor,17966.0,otc
2026-07-27,3131,Investment_Trust,0.0,otc
2026-07-27,3131,Dealer_Hedging,17966.0,otc
2026-07-27,3455,Foreign_Investor,162025.0,otc
2026-07-27,3455,Investment_Trust,0.0,otc
2026-07-27,3455,Dealer_Hedging,162025.0,otc
2026-07-27,3491,Foreign_Investor,-6146.0,otc
2026-07-27,3491,Investment_Trust,0.0,otc
2026-07-27,3491,Dealer_Hedging,-6146.0,otc
2026-07-27,5289,Foreign_Investor,-115147.0,otc
2026-07-27,5289,Investment_Trust,0.0,otc
2026-07-27,5289,Dealer_Hedging,-115147.0,otc
2026-07-27,6187,Foreign_Investor,526294.0,otc
2026-07-27,6187,Investment_Trust,0.0,otc
2026-07-27,6187,Dealer_Hedging,526294.0,otc
2026-07-27,6274,Foreign_Investor,-1011504.0,otc
2026-07-27,6274,Investment_Trust,0.0,otc
2026-07-27,6274,Dealer_Hedging,-1011504.0,otc
2026-07-27,6510,Foreign_Investor,-30872.0,otc
2026-07-27,6510,Investment_Trust,0.0,otc
2026-07-27,6510,Dealer_Hedging,-30872.0,otc
2026-07-27,8299,Foreign_Investor,287381.0,otc
2026-07-27,8299,Investment_Trust,0.0,otc
2026-07-27,8299,Dealer_Hedging,287381.0,otc
2026-07-27,8358,Foreign_Investor,-80080.0,otc
2026-07-27,8358,Investment_Trust,0.0,otc
2026-07-27,8358,Dealer_Hedging,-80080.0,otc
2026-07-28,6451,Foreign_Investor,590319.0,twse
2026-07-28,6451,Investment_Trust,0.0,twse
2026-07-28,6451,Dealer_Hedging,0.0,twse
2026-07-28,2368,Foreign_Investor,1937364.0,twse
2026-07-28,2368,Investment_Trust,0.0,twse
2026-07-28,2368,Dealer_Hedging,-1657937.0,twse
2026-07-28,3665,Foreign_Investor,-558839.0,twse
2026-07-28,3665,Investment_Trust,0.0,twse
2026-07-28,3665,Dealer_Hedging,646033.0,twse
2026-07-28,2345,Foreign_Investor,-125826.0,twse
2026-07-28,2345,Investment_Trust,0.0,twse
2026-07-28,2345,Dealer_Hedging,173091.0,twse
2026-07-28,6285,Foreign_Investor,248865.0,twse
2026-07-28,6285,Investment_Trust,0.0,twse
2026-07-28,6285,Dealer_Hedging,2000.0,twse
2026-07-28,2383,Foreign_Investor,-12089.0,twse
2026-07-28,2383,Investment_Trust,0.0,twse
2026-07-28,2383,Dealer_Hedging,50053.0,twse
2026-07-28,6669,Foreign_Investor,-57627.0,twse
2026-07-28,6669,Investment_Trust,0.0,twse
2026-07-28,6669,Dealer_Hedging,140119.0,twse
2026-07-28,8210,Foreign_Investor,63115.0,twse
2026-07-28,8210,Investment_Trust,0.0,twse
2026-07-28,8210,Dealer_Hedging,1000.0,twse
2026-07-28,3017,Foreign_Investor,-282537.0,twse
2026-07-28,3017,Investment_Trust,0.0,twse
2026-07-28,3017,Dealer_Hedging,298059.0,twse
2026-07-28,7769,Foreign_Investor,-30256.0,twse
2026-07-28,7769,Investment_Trust,0.0,twse
2026-07-28,7769,Dealer_Hedging,29010.0,twse
2026-07-28,2059,Foreign_Investor,-118981.0,twse
2026-07-28,2059,Investment_Trust,0.0,twse
2026-07-28,2059,Dealer_Hedging,45010.0,twse
2026-07-28,3533,Foreign_Investor,70739.0,twse
2026-07-28,3533,Investment_Trust,0.0,twse
2026-07-28,3533,Dealer_Hedging,-161800.0,twse
2026-07-28,1519,Foreign_Investor,-173742.0,twse
2026-07-28,1519,Investment_Trust,0.0,twse
2026-07-28,1519,Dealer_Hedging,0.0,twse
2026-07-28,2379,Foreign_Investor,-552594.0,twse
2026-07-28,2379,Investment_Trust,0.0,twse
2026-07-28,2379,Dealer_Hedging,177800.0,twse
2026-07-28,3044,Foreign_Investor,-492107.0,twse
2026-07-28,3044,Investment_Trust,0.0,twse
2026-07-28,3044,Dealer_Hedging,17000.0,twse
2026-07-28,6239,Foreign_Investor,-595639.0,twse
2026-07-28,6239,Investment_Trust,0.0,twse
2026-07-28,6239,Dealer_Hedging,21000.0,twse
2026-07-28,2404,Foreign_Investor,308700.0,twse
2026-07-28,2404,Investment_Trust,0.0,twse
2026-07-28,2404,Dealer_Hedging,-804000.0,twse
2026-07-28,2359,Foreign_Investor,-575882.0,twse
2026-07-28,2359,Investment_Trust,0.0,twse
2026-07-28,2359,Dealer_Hedging,0.0,twse
2026-07-28,2454,Foreign_Investor,-2055193.0,twse
2026-07-28,2454,Investment_Trust,0.0,twse
2026-07-28,2454,Dealer_Hedging,-286040.0,twse
2026-07-28,3037,Foreign_Investor,-4058243.0,twse
2026-07-28,3037,Investment_Trust,0.0,twse
2026-07-28,3037,Dealer_Hedging,270242.0,twse
2026-07-28,2308,Foreign_Investor,-5958854.0,twse
2026-07-28,2308,Investment_Trust,0.0,twse
2026-07-28,2308,Dealer_Hedging,-21243.0,twse
2026-07-28,2301,Foreign_Investor,-9364113.0,twse
2026-07-28,2301,Investment_Trust,0.0,twse
2026-07-28,2301,Dealer_Hedging,1147359.0,twse
2026-07-28,2330,Foreign_Investor,-14659332.0,twse
2026-07-28,2330,Investment_Trust,0.0,twse
2026-07-28,2330,Dealer_Hedging,280400.0,twse
2026-07-28,2317,Foreign_Investor,-20086427.0,twse
2026-07-28,2317,Investment_Trust,0.0,twse
2026-07-28,2317,Dealer_Hedging,1194233.0,twse
2026-07-28,3131,Foreign_Investor,-4892.0,otc
2026-07-28,3131,Investment_Trust,0.0,otc
2026-07-28,3131,Dealer_Hedging,-4892.0,otc
2026-07-28,3455,Foreign_Investor,504397.0,otc
2026-07-28,3455,Investment_Trust,0.0,otc
2026-07-28,3455,Dealer_Hedging,504397.0,otc
2026-07-28,3491,Foreign_Investor,81875.0,otc
2026-07-28,3491,Investment_Trust,0.0,otc
2026-07-28,3491,Dealer_Hedging,81875.0,otc
2026-07-28,5289,Foreign_Investor,124426.0,otc
2026-07-28,5289,Investment_Trust,0.0,otc
2026-07-28,5289,Dealer_Hedging,124426.0,otc
2026-07-28,6187,Foreign_Investor,147616.0,otc
2026-07-28,6187,Investment_Trust,0.0,otc
2026-07-28,6187,Dealer_Hedging,147616.0,otc
2026-07-28,6274,Foreign_Investor,550355.0,otc
2026-07-28,6274,Investment_Trust,0.0,otc
2026-07-28,6274,Dealer_Hedging,550355.0,otc
2026-07-28,6510,Foreign_Investor,-53331.0,otc
2026-07-28,6510,Investment_Trust,0.0,otc
2026-07-28,6510,Dealer_Hedging,-53331.0,otc
2026-07-28,8299,Foreign_Investor,-369566.0,otc
2026-07-28,8299,Investment_Trust,0.0,otc
2026-07-28,8299,Dealer_Hedging,-369566.0,otc
2026-07-28,8358,Foreign_Investor,1194142.0,otc
2026-07-28,8358,Investment_Trust,0.0,otc
2026-07-28,8358,Dealer_Hedging,1194142.0,otc
2026-07-29,6285,Foreign_Investor,2399815.0,twse
2026-07-29,6285,Investment_Trust,0.0,twse
2026-07-29,6285,Dealer_Hedging,14000.0,twse
2026-07-29,6239,Foreign_Investor,2923767.0,twse
2026-07-29,6239,Investment_Trust,0.0,twse
2026-07-29,6239,Dealer_Hedging,-658000.0,twse
2026-07-29,2317,Foreign_Investor,-1315535.0,twse
2026-07-29,2317,Investment_Trust,0.0,twse
2026-07-29,2317,Dealer_Hedging,1094229.0,twse
2026-07-29,2368,Foreign_Investor,1513806.0,twse
2026-07-29,2368,Investment_Trust,0.0,twse
2026-07-29,2368,Dealer_Hedging,-886993.0,twse
2026-07-29,6451,Foreign_Investor,619863.0,twse
2026-07-29,6451,Investment_Trust,0.0,twse
2026-07-29,6451,Dealer_Hedging,0.0,twse
2026-07-29,2345,Foreign_Investor,325140.0,twse
2026-07-29,2345,Investment_Trust,0.0,twse
2026-07-29,2345,Dealer_Hedging,158091.0,twse
2026-07-29,2308,Foreign_Investor,-346870.0,twse
2026-07-29,2308,Investment_Trust,0.0,twse
2026-07-29,2308,Dealer_Hedging,170965.0,twse
2026-07-29,6669,Foreign_Investor,90907.0,twse
2026-07-29,6669,Investment_Trust,0.0,twse
2026-07-29,6669,Dealer_Hedging,137958.0,twse
2026-07-29,1519,Foreign_Investor,284514.0,twse
2026-07-29,1519,Investment_Trust,0.0,twse
2026-07-29,1519,Dealer_Hedging,1000.0,twse
2026-07-29,3665,Foreign_Investor,89295.0,twse
2026-07-29,3665,Investment_Trust,0.0,twse
2026-07-29,3665,Dealer_Hedging,185013.0,twse
2026-07-29,2379,Foreign_Investor,146041.0,twse
2026-07-29,2379,Investment_Trust,0.0,twse
2026-07-29,2379,Dealer_Hedging,243383.0,twse
2026-07-29,3044,Foreign_Investor,76980.0,twse
2026-07-29,3044,Investment_Trust,0.0,twse
2026-07-29,3044,Dealer_Hedging,56277.0,twse
2026-07-29,2059,Foreign_Investor,130224.0,twse
2026-07-29,2059,Investment_Trust,0.0,twse
2026-07-29,2059,Dealer_Hedging,43986.0,twse
2026-07-29,2404,Foreign_Investor,-48193.0,twse
2026-07-29,2404,Investment_Trust,0.0,twse
2026-07-29,2404,Dealer_Hedging,274000.0,twse
2026-07-29,3017,Foreign_Investor,-76055.0,twse
2026-07-29,3017,Investment_Trust,0.0,twse
2026-07-29,3017,Dealer_Hedging,205059.0,twse
2026-07-29,2383,Foreign_Investor,50375.0,twse
2026-07-29,2383,Investment_Trust,0.0,twse
2026-07-29,2383,Dealer_Hedging,54030.0,twse
2026-07-29,8210,Foreign_Investor,-157633.0,twse
2026-07-29,8210,Investment_Trust,0.0,twse
2026-07-29,8210,Dealer_Hedging,264000.0,twse
2026-07-29,2454,Foreign_Investor,-169676.0,twse
2026-07-29,2454,Investment_Trust,0.0,twse
2026-07-29,2454,Dealer_Hedging,-1217.0,twse
2026-07-29,3533,Foreign_Investor,68212.0,twse
2026-07-29,3533,Investment_Trust,0.0,twse
2026-07-29,3533,Dealer_Hedging,-46000.0,twse
2026-07-29,7769,Foreign_Investor,84518.0,twse
2026-07-29,7769,Investment_Trust,0.0,twse
2026-07-29,7769,Dealer_Hedging,-135990.0,twse
2026-07-29,2359,Foreign_Investor,-133992.0,twse
2026-07-29,2359,Investment_Trust,0.0,twse
2026-07-29,2359,Dealer_Hedging,0.0,twse
2026-07-29,3037,Foreign_Investor,-3951277.0,twse
2026-07-29,3037,Investment_Trust,0.0,twse
2026-07-29,3037,Dealer_Hedging,2630242.0,twse
2026-07-29,2301,Foreign_Investor,-2033391.0,twse
2026-07-29,2301,Investment_Trust,0.0,twse
2026-07-29,2301,Dealer_Hedging,506451.0,twse
2026-07-29,2330,Foreign_Investor,-11210895.0,twse
2026-07-29,2330,Investment_Trust,0.0,twse
2026-07-29,2330,Dealer_Hedging,1622413.0,twse
2026-07-29,3131,Foreign_Investor,-39996.0,otc
2026-07-29,3131,Investment_Trust,0.0,otc
2026-07-29,3131,Dealer_Hedging,-39996.0,otc
2026-07-29,3455,Foreign_Investor,673281.0,otc
2026-07-29,3455,Investment_Trust,0.0,otc
2026-07-29,3455,Dealer_Hedging,673281.0,otc
2026-07-29,3491,Foreign_Investor,628425.0,otc
2026-07-29,3491,Investment_Trust,0.0,otc
2026-07-29,3491,Dealer_Hedging,628425.0,otc
2026-07-29,5289,Foreign_Investor,625863.0,otc
2026-07-29,5289,Investment_Trust,0.0,otc
2026-07-29,5289,Dealer_Hedging,625863.0,otc
2026-07-29,6187,Foreign_Investor,59308.0,otc
2026-07-29,6187,Investment_Trust,0.0,otc
2026-07-29,6187,Dealer_Hedging,59308.0,otc
2026-07-29,6274,Foreign_Investor,453338.0,otc
2026-07-29,6274,Investment_Trust,0.0,otc
2026-07-29,6274,Dealer_Hedging,453338.0,otc
2026-07-29,6510,Foreign_Investor,124720.0,otc
2026-07-29,6510,Investment_Trust,0.0,otc
2026-07-29,6510,Dealer_Hedging,124720.0,otc
2026-07-29,8299,Foreign_Investor,-192022.0,otc
2026-07-29,8299,Investment_Trust,0.0,otc
2026-07-29,8299,Dealer_Hedging,-192022.0,otc
2026-07-29,8358,Foreign_Investor,-1886707.0,otc
2026-07-29,8358,Investment_Trust,0.0,otc
2026-07-29,8358,Dealer_Hedging,-1886707.0,otc
2026-07-30,6451,Foreign_Investor,1076539.0,twse
2026-07-30,6451,Investment_Trust,0.0,twse
2026-07-30,6451,Dealer_Hedging,0.0,twse
2026-07-30,3037,Foreign_Investor,-1656603.0,twse
2026-07-30,3037,Investment_Trust,0.0,twse
2026-07-30,3037,Dealer_Hedging,2356389.0,twse
2026-07-30,6285,Foreign_Investor,579599.0,twse
2026-07-30,6285,Investment_Trust,0.0,twse
2026-07-30,6285,Dealer_Hedging,80830.0,twse
2026-07-30,7769,Foreign_Investor,300.0,twse
2026-07-30,7769,Investment_Trust,0.0,twse
2026-07-30,7769,Dealer_Hedging,184952.0,twse
2026-07-30,3533,Foreign_Investor,170841.0,twse
2026-07-30,3533,Investment_Trust,0.0,twse
2026-07-30,3533,Dealer_Hedging,1373.0,twse
2026-07-30,3017,Foreign_Investor,-212198.0,twse
2026-07-30,3017,Investment_Trust,0.0,twse
2026-07-30,3017,Dealer_Hedging,337246.0,twse
2026-07-30,1519,Foreign_Investor,63926.0,twse
2026-07-30,1519,Investment_Trust,0.0,twse
2026-07-30,1519,Dealer_Hedging,26779.0,twse
2026-07-30,2059,Foreign_Investor,-109265.0,twse
2026-07-30,2059,Investment_Trust,0.0,twse
2026-07-30,2059,Dealer_Hedging,55324.0,twse
2026-07-30,8210,Foreign_Investor,-108114.0,twse
2026-07-30,8210,Investment_Trust,0.0,twse
2026-07-30,8210,Dealer_Hedging,60000.0,twse
2026-07-30,2345,Foreign_Investor,-442625.0,twse
2026-07-30,2345,Investment_Trust,0.0,twse
2026-07-30,2345,Dealer_Hedging,412071.0,twse
2026-07-30,2379,Foreign_Investor,-399634.0,twse
2026-07-30,2379,Investment_Trust,0.0,twse
2026-07-30,2379,Dealer_Hedging,80918.0,twse
2026-07-30,2404,Foreign_Investor,-199439.0,twse
2026-07-30,2404,Investment_Trust,0.0,twse
2026-07-30,2404,Dealer_Hedging,4922.0,twse
2026-07-30,6669,Foreign_Investor,-314162.0,twse
2026-07-30,6669,Investment_Trust,0.0,twse
2026-07-30,6669,Dealer_Hedging,111119.0,twse
2026-07-30,3044,Foreign_Investor,-366562.0,twse
2026-07-30,3044,Investment_Trust,0.0,twse
2026-07-30,3044,Dealer_Hedging,123087.0,twse
2026-07-30,2383,Foreign_Investor,-970465.0,twse
2026-07-30,2383,Investment_Trust,0.0,twse
2026-07-30,2383,Dealer_Hedging,347876.0,twse
2026-07-30,3665,Foreign_Investor,-690187.0,twse
2026-07-30,3665,Investment_Trust,0.0,twse
2026-07-30,3665,Dealer_Hedging,128024.0,twse
2026-07-30,2308,Foreign_Investor,-1198399.0,twse
2026-07-30,2308,Investment_Trust,0.0,twse
2026-07-30,2308,Dealer_Hedging,172063.0,twse
2026-07-30,2368,Foreign_Investor,-97528.0,twse
2026-07-30,2368,Investment_Trust,0.0,twse
2026-07-30,2368,Dealer_Hedging,-659087.0,twse
2026-07-30,2301,Foreign_Investor,-1879769.0,twse
2026-07-30,2301,Investment_Trust,0.0,twse
2026-07-30,2301,Dealer_Hedging,81116.0,twse
2026-07-30,2330,Foreign_Investor,-3957455.0,twse
2026-07-30,2330,Investment_Trust,0.0,twse
2026-07-30,2330,Dealer_Hedging,870367.0,twse
2026-07-30,2454,Foreign_Investor,-2585805.0,twse
2026-07-30,2454,Investment_Trust,0.0,twse
2026-07-30,2454,Dealer_Hedging,430877.0,twse
2026-07-30,2359,Foreign_Investor,-1672318.0,twse
2026-07-30,2359,Investment_Trust,0.0,twse
2026-07-30,2359,Dealer_Hedging,0.0,twse
2026-07-30,6239,Foreign_Investor,-6582485.0,twse
2026-07-30,6239,Investment_Trust,0.0,twse
2026-07-30,6239,Dealer_Hedging,3685834.0,twse
2026-07-30,2317,Foreign_Investor,-33608017.0,twse
2026-07-30,2317,Investment_Trust,0.0,twse
2026-07-30,2317,Dealer_Hedging,307892.0,twse
2026-07-30,3131,Foreign_Investor,-48885.0,otc
2026-07-30,3131,Investment_Trust,0.0,otc
2026-07-30,3131,Dealer_Hedging,-48885.0,otc
2026-07-30,3455,Foreign_Investor,92860.0,otc
2026-07-30,3455,Investment_Trust,0.0,otc
2026-07-30,3455,Dealer_Hedging,92860.0,otc
2026-07-30,3491,Foreign_Investor,-25887.0,otc
2026-07-30,3491,Investment_Trust,0.0,otc
2026-07-30,3491,Dealer_Hedging,-25887.0,otc
2026-07-30,5289,Foreign_Investor,-350506.0,otc
2026-07-30,5289,Investment_Trust,0.0,otc
2026-07-30,5289,Dealer_Hedging,-350506.0,otc
2026-07-30,6187,Foreign_Investor,-98117.0,otc
2026-07-30,6187,Investment_Trust,0.0,otc
2026-07-30,6187,Dealer_Hedging,-98117.0,otc
2026-07-30,6274,Foreign_Investor,-2413804.0,otc
2026-07-30,6274,Investment_Trust,0.0,otc
2026-07-30,6274,Dealer_Hedging,-2413804.0,otc
2026-07-30,6510,Foreign_Investor,-26097.0,otc
2026-07-30,6510,Investment_Trust,0.0,otc
2026-07-30,6510,Dealer_Hedging,-26097.0,otc
2026-07-30,8299,Foreign_Investor,-217176.0,otc
2026-07-30,8299,Investment_Trust,0.0,otc
2026-07-30,8299,Dealer_Hedging,-217176.0,otc
2026-07-30,8358,Foreign_Investor,-2862547.0,otc
2026-07-30,8358,Investment_Trust,0.0,otc
2026-07-30,8358,Dealer_Hedging,-2862547.0,otc
2026-07-31,2317,Foreign_Investor,49858145.0,twse
2026-07-31,2317,Investment_Trust,0.0,twse
2026-07-31,2317,Dealer_Hedging,3505375.0,twse
2026-07-31,2330,Foreign_Investor,13780099.0,twse
2026-07-31,2330,Investment_Trust,0.0,twse
2026-07-31,2330,Dealer_Hedging,7046889.0,twse
2026-07-31,2301,Foreign_Investor,4184237.0,twse
2026-07-31,2301,Investment_Trust,0.0,twse
2026-07-31,2301,Dealer_Hedging,-1000.0,twse
2026-07-31,1519,Foreign_Investor,367236.0,twse
2026-07-31,1519,Investment_Trust,0.0,twse
2026-07-31,1519,Dealer_Hedging,67000.0,twse
2026-07-31,3017,Foreign_Investor,-258198.0,twse
2026-07-31,3017,Investment_Trust,0.0,twse
2026-07-31,3017,Dealer_Hedging,478390.0,twse
2026-07-31,3665,Foreign_Investor,-225213.0,twse
2026-07-31,3665,Investment_Trust,0.0,twse
2026-07-31,3665,Dealer_Hedging,363233.0,twse
2026-07-31,6669,Foreign_Investor,-198975.0,twse
2026-07-31,6669,Investment_Trust,0.0,twse
2026-07-31,6669,Dealer_Hedging,347947.0,twse
2026-07-31,8210,Foreign_Investor,-95505.0,twse
2026-07-31,8210,Investment_Trust,0.0,twse
2026-07-31,8210,Dealer_Hedging,158000.0,twse
2026-07-31,6285,Foreign_Investor,-38497.0,twse
2026-07-31,6285,Investment_Trust,0.0,twse
2026-07-31,6285,Dealer_Hedging,12000.0,twse
2026-07-31,2059,Foreign_Investor,-24027.0,twse
2026-07-31,2059,Investment_Trust,0.0,twse
2026-07-31,2059,Dealer_Hedging,49000.0,twse
2026-07-31,3533,Foreign_Investor,-12762.0,twse
2026-07-31,3533,Investment_Trust,0.0,twse
2026-07-31,3533,Dealer_Hedging,3000.0,twse
2026-07-31,7769,Foreign_Investor,-43476.0,twse
2026-07-31,7769,Investment_Trust,0.0,twse
2026-07-31,7769,Dealer_Hedging,-44000.0,twse
2026-07-31,2345,Foreign_Investor,-247134.0,twse
2026-07-31,2345,Investment_Trust,0.0,twse
2026-07-31,2345,Dealer_Hedging,66000.0,twse
2026-07-31,2383,Foreign_Investor,-442431.0,twse
2026-07-31,2383,Investment_Trust,0.0,twse
2026-07-31,2383,Dealer_Hedging,-5000.0,twse
2026-07-31,2368,Foreign_Investor,32570.0,twse
2026-07-31,2368,Investment_Trust,0.0,twse
2026-07-31,2368,Dealer_Hedging,-400000.0,twse
2026-07-31,3044,Foreign_Investor,-863147.0,twse
2026-07-31,3044,Investment_Trust,0.0,twse
2026-07-31,3044,Dealer_Hedging,130000.0,twse
2026-07-31,3037,Foreign_Investor,-705747.0,twse
2026-07-31,3037,Investment_Trust,0.0,twse
2026-07-31,3037,Dealer_Hedging,15000.0,twse
2026-07-31,6451,Foreign_Investor,-930732.0,twse
2026-07-31,6451,Investment_Trust,0.0,twse
2026-07-31,6451,Dealer_Hedging,0.0,twse
2026-07-31,2404,Foreign_Investor,-994051.0,twse
2026-07-31,2404,Investment_Trust,0.0,twse
2026-07-31,2404,Dealer_Hedging,26000.0,twse
2026-07-31,6239,Foreign_Investor,-1712541.0,twse
2026-07-31,6239,Investment_Trust,0.0,twse
2026-07-31,6239,Dealer_Hedging,527000.0,twse
2026-07-31,2359,Foreign_Investor,-1021839.0,twse
2026-07-31,2359,Investment_Trust,0.0,twse
2026-07-31,2359,Dealer_Hedging,0.0,twse
2026-07-31,2454,Foreign_Investor,-1339970.0,twse
2026-07-31,2454,Investment_Trust,0.0,twse
2026-07-31,2454,Dealer_Hedging,0.0,twse
2026-07-31,2379,Foreign_Investor,-2785567.0,twse
2026-07-31,2379,Investment_Trust,0.0,twse
2026-07-31,2379,Dealer_Hedging,746196.0,twse
2026-07-31,2308,Foreign_Investor,-6105332.0,twse
2026-07-31,2308,Investment_Trust,0.0,twse
2026-07-31,2308,Dealer_Hedging,1780171.0,twse
2026-07-31,3131,Foreign_Investor,-146465.0,otc
2026-07-31,3131,Investment_Trust,0.0,otc
2026-07-31,3131,Dealer_Hedging,-146465.0,otc
2026-07-31,3455,Foreign_Investor,-165003.0,otc
2026-07-31,3455,Investment_Trust,0.0,otc
2026-07-31,3455,Dealer_Hedging,-165003.0,otc
2026-07-31,3491,Foreign_Investor,-488634.0,otc
2026-07-31,3491,Investment_Trust,0.0,otc
2026-07-31,3491,Dealer_Hedging,-488634.0,otc
2026-07-31,5289,Foreign_Investor,-24100.0,otc
2026-07-31,5289,Investment_Trust,0.0,otc
2026-07-31,5289,Dealer_Hedging,-24100.0,otc
2026-07-31,6187,Foreign_Investor,269078.0,otc
2026-07-31,6187,Investment_Trust,0.0,otc
2026-07-31,6187,Dealer_Hedging,269078.0,otc
2026-07-31,6274,Foreign_Investor,-213478.0,otc
2026-07-31,6274,Investment_Trust,0.0,otc
2026-07-31,6274,Dealer_Hedging,-213478.0,otc
2026-07-31,6510,Foreign_Investor,11956.0,otc
2026-07-31,6510,Investment_Trust,0.0,otc
2026-07-31,6510,Dealer_Hedging,11956.0,otc
2026-07-31,8299,Foreign_Investor,-192867.0,otc
2026-07-31,8299,Investment_Trust,0.0,otc
2026-07-31,8299,Dealer_Hedging,-192867.0,otc
2026-07-31,8358,Foreign_Investor,-1071335.0,otc
2026-07-31,8358,Investment_Trust,0.0,otc
2026-07-31,8358,Dealer_Hedging,-1071335.0,otc
2026-08-03,2317,Foreign_Investor,10136158.0,twse
2026-08-03,2317,Investment_Trust,0.0,twse
2026-08-03,2317,Dealer_Hedging,213516.0,twse
2026-08-03,2359,Foreign_Investor,2973040.0,twse
2026-08-03,2359,Investment_Trust,0.0,twse
2026-08-03,2359,Dealer_Hedging,0.0,twse
2026-08-03,3037,Foreign_Investor,1785144.0,twse
2026-08-03,3037,Investment_Trust,0.0,twse
2026-08-03,3037,Dealer_Hedging,763577.0,twse
2026-08-03,2454,Foreign_Investor,1146260.0,twse
2026-08-03,2454,Investment_Trust,0.0,twse
2026-08-03,2454,Dealer_Hedging,178773.0,twse
2026-08-03,3017,Foreign_Investor,825060.0,twse
2026-08-03,3017,Investment_Trust,0.0,twse
2026-08-03,3017,Dealer_Hedging,571000.0,twse
2026-08-03,6285,Foreign_Investor,701112.0,twse
2026-08-03,6285,Investment_Trust,0.0,twse
2026-08-03,6285,Dealer_Hedging,65000.0,twse
2026-08-03,2379,Foreign_Investor,327140.0,twse
2026-08-03,2379,Investment_Trust,0.0,twse
2026-08-03,2379,Dealer_Hedging,110367.0,twse
2026-08-03,6451,Foreign_Investor,400436.0,twse
2026-08-03,6451,Investment_Trust,0.0,twse
2026-08-03,6451,Dealer_Hedging,0.0,twse
2026-08-03,6669,Foreign_Investor,-131166.0,twse
2026-08-03,6669,Investment_Trust,0.0,twse
2026-08-03,6669,Dealer_Hedging,429985.0,twse
2026-08-03,2301,Foreign_Investor,-543188.0,twse
2026-08-03,2301,Investment_Trust,0.0,twse
2026-08-03,2301,Dealer_Hedging,-3929.0,twse
2026-08-03,3533,Foreign_Investor,296362.0,twse
2026-08-03,3533,Investment_Trust,0.0,twse
2026-08-03,3533,Dealer_Hedging,-133000.0,twse
2026-08-03,2059,Foreign_Investor,-91041.0,twse
2026-08-03,2059,Investment_Trust,0.0,twse
2026-08-03,2059,Dealer_Hedging,140085.0,twse
2026-08-03,7769,Foreign_Investor,-136418.0,twse
2026-08-03,7769,Investment_Trust,0.0,twse
2026-08-03,7769,Dealer_Hedging,143000.0,twse
2026-08-03,2404,Foreign_Investor,418077.0,twse
2026-08-03,2404,Investment_Trust,0.0,twse
2026-08-03,2404,Dealer_Hedging,-446000.0,twse
2026-08-03,8210,Foreign_Investor,-56008.0,twse
2026-08-03,8210,Investment_Trust,0.0,twse
2026-08-03,8210,Dealer_Hedging,0.0,twse
2026-08-03,1519,Foreign_Investor,-57465.0,twse
2026-08-03,1519,Investment_Trust,0.0,twse
2026-08-03,1519,Dealer_Hedging,2557.0,twse
2026-08-03,3044,Foreign_Investor,-574814.0,twse
2026-08-03,3044,Investment_Trust,0.0,twse
2026-08-03,3044,Dealer_Hedging,151982.0,twse
2026-08-03,2345,Foreign_Investor,-533209.0,twse
2026-08-03,2345,Investment_Trust,0.0,twse
2026-08-03,2345,Dealer_Hedging,153550.0,twse
2026-08-03,3665,Foreign_Investor,-1078353.0,twse
2026-08-03,3665,Investment_Trust,0.0,twse
2026-08-03,3665,Dealer_Hedging,541995.0,twse
2026-08-03,2383,Foreign_Investor,-1385068.0,twse
2026-08-03,2383,Investment_Trust,0.0,twse
2026-08-03,2383,Dealer_Hedging,488379.0,twse
2026-08-03,2368,Foreign_Investor,-501544.0,twse
2026-08-03,2368,Investment_Trust,0.0,twse
2026-08-03,2368,Dealer_Hedging,-580014.0,twse
2026-08-03,2308,Foreign_Investor,-3341798.0,twse
2026-08-03,2308,Investment_Trust,0.0,twse
2026-08-03,2308,Dealer_Hedging,-215118.0,twse
2026-08-03,6239,Foreign_Investor,-3935560.0,twse
2026-08-03,6239,Investment_Trust,0.0,twse
2026-08-03,6239,Dealer_Hedging,239605.0,twse
2026-08-03,2330,Foreign_Investor,-9716947.0,twse
2026-08-03,2330,Investment_Trust,0.0,twse
2026-08-03,2330,Dealer_Hedging,376450.0,twse
2026-08-03,3131,Foreign_Investor,47759.0,otc
2026-08-03,3131,Investment_Trust,0.0,otc
2026-08-03,3131,Dealer_Hedging,47759.0,otc
2026-08-03,3455,Foreign_Investor,100258.0,otc
2026-08-03,3455,Investment_Trust,0.0,otc
2026-08-03,3455,Dealer_Hedging,100258.0,otc
2026-08-03,3491,Foreign_Investor,212599.0,otc
2026-08-03,3491,Investment_Trust,0.0,otc
2026-08-03,3491,Dealer_Hedging,212599.0,otc
2026-08-03,5289,Foreign_Investor,-403549.0,otc
2026-08-03,5289,Investment_Trust,0.0,otc
2026-08-03,5289,Dealer_Hedging,-403549.0,otc
2026-08-03,6187,Foreign_Investor,386408.0,otc
2026-08-03,6187,Investment_Trust,0.0,otc
2026-08-03,6187,Dealer_Hedging,386408.0,otc
2026-08-03,6274,Foreign_Investor,-510004.0,otc
2026-08-03,6274,Investment_Trust,0.0,otc
2026-08-03,6274,Dealer_Hedging,-510004.0,otc
2026-08-03,6510,Foreign_Investor,-82988.0,otc
2026-08-03,6510,Investment_Trust,0.0,otc
2026-08-03,6510,Dealer_Hedging,-82988.0,otc
2026-08-03,8299,Foreign_Investor,863782.0,otc
2026-08-03,8299,Investment_Trust,0.0,otc
2026-08-03,8299,Dealer_Hedging,863782.0,otc
2026-08-03,8358,Foreign_Investor,2537778.0,otc
2026-08-03,8358,Investment_Trust,0.0,otc
2026-08-03,8358,Dealer_Hedging,2537778.0,otc
2026-08-04,2301,Foreign_Investor,28743314.0,twse
2026-08-04,2301,Investment_Trust,0.0,twse
2026-08-04,2301,Dealer_Hedging,3059.0,twse
2026-08-04,3037,Foreign_Investor,-2383236.0,twse
2026-08-04,3037,Investment_Trust,0.0,twse
2026-08-04,3037,Dealer_Hedging,5936000.0,twse
2026-08-04,2308,Foreign_Investor,3588651.0,twse
2026-08-04,2308,Investment_Trust,0.0,twse
2026-08-04,2308,Dealer_Hedging,-1547022.0,twse
2026-08-04,6239,Foreign_Investor,197354.0,twse
2026-08-04,6239,Investment_Trust,0.0,twse
2026-08-04,6239,Dealer_Hedging,1476000.0,twse
2026-08-04,6285,Foreign_Investor,1275240.0,twse
2026-08-04,6285,Investment_Trust,0.0,twse
2026-08-04,6285,Dealer_Hedging,97000.0,twse
2026-08-04,3017,Foreign_Investor,506495.0,twse
2026-08-04,3017,Investment_Trust,0.0,twse
2026-08-04,3017,Dealer_Hedging,527000.0,twse
2026-08-04,3665,Foreign_Investor,386159.0,twse
2026-08-04,3665,Investment_Trust,0.0,twse
2026-08-04,3665,Dealer_Hedging,404200.0,twse
2026-08-04,2345,Foreign_Investor,672685.0,twse
2026-08-04,2345,Investment_Trust,0.0,twse
2026-08-04,2345,Dealer_Hedging,38000.0,twse
2026-08-04,2454,Foreign_Investor,-601091.0,twse
2026-08-04,2454,Investment_Trust,0.0,twse
2026-08-04,2454,Dealer_Hedging,1296567.0,twse
2026-08-04,2317,Foreign_Investor,2130602.0,twse
2026-08-04,2317,Investment_Trust,0.0,twse
2026-08-04,2317,Dealer_Hedging,-516491.0,twse
2026-08-04,2379,Foreign_Investor,356488.0,twse
2026-08-04,2379,Investment_Trust,0.0,twse
2026-08-04,2379,Dealer_Hedging,106000.0,twse
2026-08-04,1519,Foreign_Investor,251627.0,twse
2026-08-04,1519,Investment_Trust,0.0,twse
2026-08-04,1519,Dealer_Hedging,0.0,twse
2026-08-04,3044,Foreign_Investor,276461.0,twse
2026-08-04,3044,Investment_Trust,0.0,twse
2026-08-04,3044,Dealer_Hedging,58000.0,twse
2026-08-04,2359,Foreign_Investor,310935.0,twse
2026-08-04,2359,Investment_Trust,0.0,twse
2026-08-04,2359,Dealer_Hedging,0.0,twse
2026-08-04,2059,Foreign_Investor,-106326.0,twse
2026-08-04,2059,Investment_Trust,0.0,twse
2026-08-04,2059,Dealer_Hedging,233500.0,twse
2026-08-04,2383,Foreign_Investor,-1722.0,twse
2026-08-04,2383,Investment_Trust,0.0,twse
2026-08-04,2383,Dealer_Hedging,158000.0,twse
2026-08-04,6669,Foreign_Investor,-442587.0,twse
2026-08-04,6669,Investment_Trust,0.0,twse
2026-08-04,6669,Dealer_Hedging,508130.0,twse
2026-08-04,8210,Foreign_Investor,-67803.0,twse
2026-08-04,8210,Investment_Trust,0.0,twse
2026-08-04,8210,Dealer_Hedging,15000.0,twse
2026-08-04,3533,Foreign_Investor,-109987.0,twse
2026-08-04,3533,Investment_Trust,0.0,twse
2026-08-04,3533,Dealer_Hedging,44560.0,twse
2026-08-04,7769,Foreign_Investor,-143243.0,twse
2026-08-04,7769,Investment_Trust,0.0,twse
2026-08-04,7769,Dealer_Hedging,6000.0,twse
2026-08-04,2404,Foreign_Investor,253257.0,twse
2026-08-04,2404,Investment_Trust,0.0,twse
2026-08-04,2404,Dealer_Hedging,-437000.0,twse
2026-08-04,6451,Foreign_Investor,-622131.0,twse
2026-08-04,6451,Investment_Trust,0.0,twse
2026-08-04,6451,Dealer_Hedging,0.0,twse
2026-08-04,2368,Foreign_Investor,-1801339.0,twse
2026-08-04,2368,Investment_Trust,0.0,twse
2026-08-04,2368,Dealer_Hedging,-34000.0,twse
2026-08-04,2330,Foreign_Investor,-12429517.0,twse
2026-08-04,2330,Investment_Trust,0.0,twse
2026-08-04,2330,Dealer_Hedging,436602.0,twse
2026-08-04,3131,Foreign_Investor,109387.0,otc
2026-08-04,3131,Investment_Trust,0.0,otc
2026-08-04,3131,Dealer_Hedging,109387.0,otc
2026-08-04,3455,Foreign_Investor,-106000.0,otc
2026-08-04,3455,Investment_Trust,0.0,otc
2026-08-04,3455,Dealer_Hedging,-106000.0,otc
2026-08-04,3491,Foreign_Investor,49768.0,otc
2026-08-04,3491,Investment_Trust,0.0,otc
2026-08-04,3491,Dealer_Hedging,49768.0,otc
2026-08-04,5289,Foreign_Investor,-849159.0,otc
2026-08-04,5289,Investment_Trust,0.0,otc
2026-08-04,5289,Dealer_Hedging,-849159.0,otc
2026-08-04,6187,Foreign_Investor,498433.0,otc
2026-08-04,6187,Investment_Trust,0.0,otc
2026-08-04,6187,Dealer_Hedging,498433.0,otc
2026-08-04,6274,Foreign_Investor,-1249536.0,otc
2026-08-04,6274,Investment_Trust,0.0,otc
2026-08-04,6274,Dealer_Hedging,-1249536.0,otc
2026-08-04,6510,Foreign_Investor,-261429.0,otc
2026-08-04,6510,Investment_Trust,0.0,otc
2026-08-04,6510,Dealer_Hedging,-261429.0,otc
2026-08-04,8299,Foreign_Investor,-286942.0,otc
2026-08-04,8299,Investment_Trust,0.0,otc
2026-08-04,8299,Dealer_Hedging,-286942.0,otc
2026-08-04,8358,Foreign_Investor,-3219473.0,otc
2026-08-04,8358,Investment_Trust,0.0,otc
2026-08-04,8358,Dealer_Hedging,-3219473.0,otc
2026-08-05,2317,Foreign_Investor,36977842.0,twse
2026-08-05,2317,Investment_Trust,0.0,twse
2026-08-05,2317,Dealer_Hedging,-1107959.0,twse
2026-08-05,2301,Foreign_Investor,29757994.0,twse
2026-08-05,2301,Investment_Trust,0.0,twse
2026-08-05,2301,Dealer_Hedging,470701.0,twse
2026-08-05,3037,Foreign_Investor,8712450.0,twse
2026-08-05,3037,Investment_Trust,0.0,twse
2026-08-05,3037,Dealer_Hedging,1556592.0,twse
2026-08-05,2330,Foreign_Investor,12251238.0,twse
2026-08-05,2330,Investment_Trust,0.0,twse
2026-08-05,2330,Dealer_Hedging,-1221434.0,twse
2026-08-05,2359,Foreign_Investor,2374156.0,twse
2026-08-05,2359,Investment_Trust,0.0,twse
2026-08-05,2359,Dealer_Hedging,0.0,twse
2026-08-05,2454,Foreign_Investor,1846903.0,twse
2026-08-05,2454,Investment_Trust,0.0,twse
2026-08-05,2454,Dealer_Hedging,-11514.0,twse
2026-08-05,3017,Foreign_Investor,794266.0,twse
2026-08-05,3017,Investment_Trust,0.0,twse
2026-08-05,3017,Dealer_Hedging,524300.0,twse
2026-08-05,2379,Foreign_Investor,821543.0,twse
2026-08-05,2379,Investment_Trust,0.0,twse
2026-08-05,2379,Dealer_Hedging,15724.0,twse
2026-08-05,3665,Foreign_Investor,596198.0,twse
2026-08-05,3665,Investment_Trust,0.0,twse
2026-08-05,3665,Dealer_Hedging,131996.0,twse
2026-08-05,6285,Foreign_Investor,329140.0,twse
2026-08-05,6285,Investment_Trust,0.0,twse
2026-08-05,6285,Dealer_Hedging,0.0,twse
2026-08-05,2308,Foreign_Investor,117818.0,twse
2026-08-05,2308,Investment_Trust,0.0,twse
2026-08-05,2308,Dealer_Hedging,-73077.0,twse
2026-08-05,6669,Foreign_Investor,280697.0,twse
2026-08-05,6669,Investment_Trust,0.0,twse
2026-08-05,6669,Dealer_Hedging,-116072.0,twse
2026-08-05,7769,Foreign_Investor,103134.0,twse
2026-08-05,7769,Investment_Trust,0.0,twse
2026-08-05,7769,Dealer_Hedging,25001.0,twse
2026-08-05,8210,Foreign_Investor,94988.0,twse
2026-08-05,8210,Investment_Trust,0.0,twse
2026-08-05,8210,Dealer_Hedging,0.0,twse
2026-08-05,2404,Foreign_Investor,339950.0,twse
2026-08-05,2404,Investment_Trust,0.0,twse
2026-08-05,2404,Dealer_Hedging,-263000.0,twse
2026-08-05,2059,Foreign_Investor,-75826.0,twse
2026-08-05,2059,Investment_Trust,0.0,twse
2026-08-05,2059,Dealer_Hedging,74495.0,twse
2026-08-05,2383,Foreign_Investor,101233.0,twse
2026-08-05,2383,Investment_Trust,0.0,twse
2026-08-05,2383,Dealer_Hedging,-137859.0,twse
2026-08-05,6451,Foreign_Investor,-104509.0,twse
2026-08-05,6451,Investment_Trust,0.0,twse
2026-08-05,6451,Dealer_Hedging,0.0,twse
2026-08-05,2345,Foreign_Investor,-64484.0,twse
2026-08-05,2345,Investment_Trust,0.0,twse
2026-08-05,2345,Dealer_Hedging,-66736.0,twse
2026-08-05,1519,Foreign_Investor,-176729.0,twse
2026-08-05,1519,Investment_Trust,0.0,twse
2026-08-05,1519,Dealer_Hedging,0.0,twse
2026-08-05,3533,Foreign_Investor,-339367.0,twse
2026-08-05,3533,Investment_Trust,0.0,twse
2026-08-05,3533,Dealer_Hedging,-70110.0,twse
2026-08-05,3044,Foreign_Investor,-535957.0,twse
2026-08-05,3044,Investment_Trust,0.0,twse
2026-08-05,3044,Dealer_Hedging,98986.0,twse
2026-08-05,2368,Foreign_Investor,8488.0,twse
2026-08-05,2368,Investment_Trust,0.0,twse
2026-08-05,2368,Dealer_Hedging,-2099011.0,twse
2026-08-05,6239,Foreign_Investor,-6692607.0,twse
2026-08-05,6239,Investment_Trust,0.0,twse
2026-08-05,6239,Dealer_Hedging,931836.0,twse
2026-08-05,3131,Foreign_Investor,-203371.0,otc
2026-08-05,3131,Investment_Trust,0.0,otc
2026-08-05,3131,Dealer_Hedging,-203371.0,otc
2026-08-05,3455,Foreign_Investor,-158554.0,otc
2026-08-05,3455,Investment_Trust,0.0,otc
2026-08-05,3455,Dealer_Hedging,-158554.0,otc
2026-08-05,3491,Foreign_Investor,-143354.0,otc
2026-08-05,3491,Investment_Trust,0.0,otc
2026-08-05,3491,Dealer_Hedging,-143354.0,otc
2026-08-05,5289,Foreign_Investor,-454187.0,otc
2026-08-05,5289,Investment_Trust,0.0,otc
2026-08-05,5289,Dealer_Hedging,-454187.0,otc
2026-08-05,6187,Foreign_Investor,271809.0,otc
2026-08-05,6187,Investment_Trust,0.0,otc
2026-08-05,6187,Dealer_Hedging,271809.0,otc
2026-08-05,6274,Foreign_Investor,-214925.0,otc
2026-08-05,6274,Investment_Trust,0.0,otc
2026-08-05,6274,Dealer_Hedging,-214925.0,otc
2026-08-05,6510,Foreign_Investor,-238794.0,otc
2026-08-05,6510,Investment_Trust,0.0,otc
2026-08-05,6510,Dealer_Hedging,-238794.0,otc
2026-08-05,8299,Foreign_Investor,-275780.0,otc
2026-08-05,8299,Investment_Trust,0.0,otc
2026-08-05,8299,Dealer_Hedging,-275780.0,otc
2026-08-05,8358,Foreign_Investor,-2331765.0,otc
2026-08-05,8358,Investment_Trust,0.0,otc
2026-08-05,8358,Dealer_Hedging,-2331765.0,otc
2026-08-06,2317,Foreign_Investor,21743362.0,twse
2026-08-06,2317,Investment_Trust,0.0,twse
2026-08-06,2317,Dealer_Hedging,135888.0,twse
2026-08-06,3017,Foreign_Investor,2310535.0,twse
2026-08-06,3017,Investment_Trust,0.0,twse
2026-08-06,3017,Dealer_Hedging,908000.0,twse
2026-08-06,6239,Foreign_Investor,2608229.0,twse
2026-08-06,6239,Investment_Trust,0.0,twse
2026-08-06,6239,Dealer_Hedging,-618458.0,twse
2026-08-06,2359,Foreign_Investor,758846.0,twse
2026-08-06,2359,Investment_Trust,0.0,twse
2026-08-06,2359,Dealer_Hedging,0.0,twse
2026-08-06,2308,Foreign_Investor,73326.0,twse
2026-08-06,2308,Investment_Trust,0.0,twse
2026-08-06,2308,Dealer_Hedging,489000.0,twse
2026-08-06,2404,Foreign_Investor,503415.0,twse
2026-08-06,2404,Investment_Trust,0.0,twse
2026-08-06,2404,Dealer_Hedging,0.0,twse
2026-08-06,2345,Foreign_Investor,465369.0,twse
2026-08-06,2345,Investment_Trust,0.0,twse
2026-08-06,2345,Dealer_Hedging,18000.0,twse
2026-08-06,3665,Foreign_Investor,-129448.0,twse
2026-08-06,3665,Investment_Trust,0.0,twse
2026-08-06,3665,Dealer_Hedging,508000.0,twse
2026-08-06,6669,Foreign_Investor,240815.0,twse
2026-08-06,6669,Investment_Trust,0.0,twse
2026-08-06,6669,Dealer_Hedging,-32921.0,twse
2026-08-06,8210,Foreign_Investor,-31978.0,twse
2026-08-06,8210,Investment_Trust,0.0,twse
2026-08-06,8210,Dealer_Hedging,179000.0,twse
2026-08-06,3533,Foreign_Investor,118941.0,twse
2026-08-06,3533,Investment_Trust,0.0,twse
2026-08-06,3533,Dealer_Hedging,-5000.0,twse
2026-08-06,6451,Foreign_Investor,28635.0,twse
2026-08-06,6451,Investment_Trust,0.0,twse
2026-08-06,6451,Dealer_Hedging,0.0,twse
2026-08-06,2383,Foreign_Investor,-20664.0,twse
2026-08-06,2383,Investment_Trust,0.0,twse
2026-08-06,2383,Dealer_Hedging,106000.0,twse
2026-08-06,2379,Foreign_Investor,-92987.0,twse
2026-08-06,2379,Investment_Trust,0.0,twse
2026-08-06,2379,Dealer_Hedging,68515.0,twse
2026-08-06,7769,Foreign_Investor,-4400.0,twse
2026-08-06,7769,Investment_Trust,0.0,twse
2026-08-06,7769,Dealer_Hedging,-51000.0,twse
2026-08-06,2059,Foreign_Investor,-109644.0,twse
2026-08-06,2059,Investment_Trust,0.0,twse
2026-08-06,2059,Dealer_Hedging,4000.0,twse
2026-08-06,2301,Foreign_Investor,-500115.0,twse
2026-08-06,2301,Investment_Trust,0.0,twse
2026-08-06,2301,Dealer_Hedging,299000.0,twse
2026-08-06,3044,Foreign_Investor,-444407.0,twse
2026-08-06,3044,Investment_Trust,0.0,twse
2026-08-06,3044,Dealer_Hedging,260000.0,twse
2026-08-06,1519,Foreign_Investor,-160596.0,twse
2026-08-06,1519,Investment_Trust,0.0,twse
2026-08-06,1519,Dealer_Hedging,-90000.0,twse
2026-08-06,3037,Foreign_Investor,-615618.0,twse
2026-08-06,3037,Investment_Trust,0.0,twse
2026-08-06,3037,Dealer_Hedging,279000.0,twse
2026-08-06,2368,Foreign_Investor,-267844.0,twse
2026-08-06,2368,Investment_Trust,0.0,twse
2026-08-06,2368,Dealer_Hedging,-759070.0,twse
2026-08-06,2454,Foreign_Investor,-993101.0,twse
2026-08-06,2454,Investment_Trust,0.0,twse
2026-08-06,2454,Dealer_Hedging,-80086.0,twse
2026-08-06,6285,Foreign_Investor,-1558522.0,twse
2026-08-06,6285,Investment_Trust,0.0,twse
2026-08-06,6285,Dealer_Hedging,158000.0,twse
2026-08-06,2330,Foreign_Investor,-4011452.0,twse
2026-08-06,2330,Investment_Trust,0.0,twse
2026-08-06,2330,Dealer_Hedging,-123362.0,twse
2026-08-06,3131,Foreign_Investor,429636.0,otc
2026-08-06,3131,Investment_Trust,0.0,otc
2026-08-06,3131,Dealer_Hedging,429636.0,otc
2026-08-06,3455,Foreign_Investor,-52030.0,otc
2026-08-06,3455,Investment_Trust,0.0,otc
2026-08-06,3455,Dealer_Hedging,-52030.0,otc
2026-08-06,3491,Foreign_Investor,-274863.0,otc
2026-08-06,3491,Investment_Trust,0.0,otc
2026-08-06,3491,Dealer_Hedging,-274863.0,otc
2026-08-06,5289,Foreign_Investor,-314725.0,otc
2026-08-06,5289,Investment_Trust,0.0,otc
2026-08-06,5289,Dealer_Hedging,-314725.0,otc
2026-08-06,6187,Foreign_Investor,-26389.0,otc
2026-08-06,6187,Investment_Trust,0.0,otc
2026-08-06,6187,Dealer_Hedging,-26389.0,otc
2026-08-06,6274,Foreign_Investor,-2980843.0,otc
2026-08-06,6274,Investment_Trust,0.0,otc
2026-08-06,6274,Dealer_Hedging,-2980843.0,otc
2026-08-06,6510,Foreign_Investor,50264.0,otc
2026-08-06,6510,Investment_Trust,0.0,otc
2026-08-06,6510,Dealer_Hedging,50264.0,otc
2026-08-06,8299,Foreign_Investor,631548.0,otc
2026-08-06,8299,Investment_Trust,0.0,otc
2026-08-06,8299,Dealer_Hedging,631548.0,otc
2026-08-06,8358,Foreign_Investor,-1034364.0,otc
2026-08-06,8358,Investment_Trust,0.0,otc
2026-08-06,8358,Dealer_Hedging,-1034364.0,otc
2026-08-07,2301,Foreign_Investor,2128749.0,twse
2026-08-07,2301,Investment_Trust,0.0,twse
2026-08-07,2301,Dealer_Hedging,20000.0,twse
2026-08-07,2330,Foreign_Investor,641660.0,twse
2026-08-07,2330,Investment_Trust,0.0,twse
2026-08-07,2330,Dealer_Hedging,61000.0,twse
2026-08-07,2379,Foreign_Investor,213295.0,twse
2026-08-07,2379,Investment_Trust,0.0,twse
2026-08-07,2379,Dealer_Hedging,130807.0,twse
2026-08-07,3017,Foreign_Investor,-239960.0,twse
2026-08-07,3017,Investment_Trust,0.0,twse
2026-08-07,3017,Dealer_Hedging,527200.0,twse
2026-08-07,7769,Foreign_Investor,8469.0,twse
2026-08-07,7769,Investment_Trust,0.0,twse
2026-08-07,7769,Dealer_Hedging,-40000.0,twse
2026-08-07,2404,Foreign_Investor,16715.0,twse
2026-08-07,2404,Investment_Trust,0.0,twse
2026-08-07,2404,Dealer_Hedging,-2000.0,twse
2026-08-07,6669,Foreign_Investor,-138166.0,twse
2026-08-07,6669,Investment_Trust,0.0,twse
2026-08-07,6669,Dealer_Hedging,92000.0,twse
2026-08-07,2383,Foreign_Investor,-39277.0,twse
2026-08-07,2383,Investment_Trust,0.0,twse
2026-08-07,2383,Dealer_Hedging,-9000.0,twse
2026-08-07,3533,Foreign_Investor,-48679.0,twse
2026-08-07,3533,Investment_Trust,0.0,twse
2026-08-07,3533,Dealer_Hedging,17000.0,twse
2026-08-07,2454,Foreign_Investor,71648.0,twse
2026-08-07,2454,Investment_Trust,0.0,twse
2026-08-07,2454,Dealer_Hedging,-128000.0,twse
2026-08-07,2059,Foreign_Investor,-42651.0,twse
2026-08-07,2059,Investment_Trust,0.0,twse
2026-08-07,2059,Dealer_Hedging,-68000.0,twse
2026-08-07,3044,Foreign_Investor,-329076.0,twse
2026-08-07,3044,Investment_Trust,0.0,twse
2026-08-07,3044,Dealer_Hedging,161000.0,twse
2026-08-07,2368,Foreign_Investor,-797876.0,twse
2026-08-07,2368,Investment_Trust,0.0,twse
2026-08-07,2368,Dealer_Hedging,535000.0,twse
2026-08-07,2359,Foreign_Investor,-245108.0,twse
2026-08-07,2359,Investment_Trust,0.0,twse
2026-08-07,2359,Dealer_Hedging,0.0,twse
2026-08-07,1519,Foreign_Investor,-246312.0,twse
2026-08-07,1519,Investment_Trust,0.0,twse
2026-08-07,1519,Dealer_Hedging,0.0,twse
2026-08-07,6451,Foreign_Investor,-350780.0,twse
2026-08-07,6451,Investment_Trust,0.0,twse
2026-08-07,6451,Dealer_Hedging,0.0,twse
2026-08-07,3037,Foreign_Investor,-790555.0,twse
2026-08-07,3037,Investment_Trust,0.0,twse
2026-08-07,3037,Dealer_Hedging,74000.0,twse
2026-08-07,2345,Foreign_Investor,-1238787.0,twse
2026-08-07,2345,Investment_Trust,0.0,twse
2026-08-07,2345,Dealer_Hedging,-3000.0,twse
2026-08-07,8210,Foreign_Investor,-1223929.0,twse
2026-08-07,8210,Investment_Trust,0.0,twse
2026-08-07,8210,Dealer_Hedging,-36000.0,twse
2026-08-07,2308,Foreign_Investor,-1697088.0,twse
2026-08-07,2308,Investment_Trust,0.0,twse
2026-08-07,2308,Dealer_Hedging,243554.0,twse
2026-08-07,3665,Foreign_Investor,-408108.0,twse
2026-08-07,3665,Investment_Trust,0.0,twse
2026-08-07,3665,Dealer_Hedging,-1215000.0,twse
2026-08-07,6285,Foreign_Investor,-2335299.0,twse
2026-08-07,6285,Investment_Trust,0.0,twse
2026-08-07,6285,Dealer_Hedging,-57000.0,twse
2026-08-07,6239,Foreign_Investor,-3782560.0,twse
2026-08-07,6239,Investment_Trust,0.0,twse
2026-08-07,6239,Dealer_Hedging,1253000.0,twse
2026-08-07,2317,Foreign_Investor,-5328129.0,twse
2026-08-07,2317,Investment_Trust,0.0,twse
2026-08-07,2317,Dealer_Hedging,-800000.0,twse
2026-08-07,3131,Foreign_Investor,-272845.0,otc
2026-08-07,3131,Investment_Trust,0.0,otc
2026-08-07,3131,Dealer_Hedging,-272845.0,otc
2026-08-07,3455,Foreign_Investor,-229993.0,otc
2026-08-07,3455,Investment_Trust,0.0,otc
2026-08-07,3455,Dealer_Hedging,-229993.0,otc
2026-08-07,3491,Foreign_Investor,24986.0,otc
2026-08-07,3491,Investment_Trust,0.0,otc
2026-08-07,3491,Dealer_Hedging,24986.0,otc
2026-08-07,5289,Foreign_Investor,-570170.0,otc
2026-08-07,5289,Investment_Trust,0.0,otc
2026-08-07,5289,Dealer_Hedging,-570170.0,otc
2026-08-07,6187,Foreign_Investor,131911.0,otc
2026-08-07,6187,Investment_Trust,0.0,otc
2026-08-07,6187,Dealer_Hedging,131911.0,otc
2026-08-07,6274,Foreign_Investor,-1005634.0,otc
2026-08-07,6274,Investment_Trust,0.0,otc
2026-08-07,6274,Dealer_Hedging,-1005634.0,otc
2026-08-07,6510,Foreign_Investor,6436.0,otc
2026-08-07,6510,Investment_Trust,0.0,otc
2026-08-07,6510,Dealer_Hedging,6436.0,otc
2026-08-07,8299,Foreign_Investor,70002.0,otc
2026-08-07,8299,Investment_Trust,0.0,otc
2026-08-07,8299,Dealer_Hedging,70002.0,otc
2026-08-07,8358,Foreign_Investor,-6856473.0,otc
2026-08-07,8358,Investment_Trust,0.0,otc
2026-08-07,8358,Dealer_Hedging,-6856473.0,otc
2026-08-10,2317,Foreign_Investor,7881540.0,twse
2026-08-10,2317,Investment_Trust,0.0,twse
2026-08-10,2317,Dealer_Hedging,136726.0,twse
2026-08-10,6285,Foreign_Investor,3618140.0,twse
2026-08-10,6285,Investment_Trust,0.0,twse
2026-08-10,6285,Dealer_Hedging,0.0,twse
2026-08-10,3037,Foreign_Investor,3502767.0,twse
2026-08-10,3037,Investment_Trust,0.0,twse
2026-08-10,3037,Dealer_Hedging,31000.0,twse
2026-08-10,2301,Foreign_Investor,2572831.0,twse
2026-08-10,2301,Investment_Trust,0.0,twse
2026-08-10,2301,Dealer_Hedging,-25373.0,twse
2026-08-10,2359,Foreign_Investor,2350569.0,twse
2026-08-10,2359,Investment_Trust,0.0,twse
2026-08-10,2359,Dealer_Hedging,0.0,twse
2026-08-10,2308,Foreign_Investor,1370803.0,twse
2026-08-10,2308,Investment_Trust,0.0,twse
2026-08-10,2308,Dealer_Hedging,604175.0,twse
2026-08-10,2454,Foreign_Investor,1390918.0,twse
2026-08-10,2454,Investment_Trust,0.0,twse
2026-08-10,2454,Dealer_Hedging,-62773.0,twse
2026-08-10,6451,Foreign_Investor,1215938.0,twse
2026-08-10,6451,Investment_Trust,0.0,twse
2026-08-10,6451,Dealer_Hedging,0.0,twse
2026-08-10,6239,Foreign_Investor,409524.0,twse
2026-08-10,6239,Investment_Trust,0.0,twse
2026-08-10,6239,Dealer_Hedging,29000.0,twse
2026-08-10,2330,Foreign_Investor,119096.0,twse
2026-08-10,2330,Investment_Trust,0.0,twse
2026-08-10,2330,Dealer_Hedging,132372.0,twse
2026-08-10,2059,Foreign_Investor,227675.0,twse
2026-08-10,2059,Investment_Trust,0.0,twse
2026-08-10,2059,Dealer_Hedging,-10721.0,twse
2026-08-10,1519,Foreign_Investor,111134.0,twse
2026-08-10,1519,Investment_Trust,0.0,twse
2026-08-10,1519,Dealer_Hedging,0.0,twse
2026-08-10,3533,Foreign_Investor,77146.0,twse
2026-08-10,3533,Investment_Trust,0.0,twse
2026-08-10,3533,Dealer_Hedging,30358.0,twse
2026-08-10,2383,Foreign_Investor,3476.0,twse
2026-08-10,2383,Investment_Trust,0.0,twse
2026-08-10,2383,Dealer_Hedging,108995.0,twse
2026-08-10,2379,Foreign_Investor,-87971.0,twse
2026-08-10,2379,Investment_Trust,0.0,twse
2026-08-10,2379,Dealer_Hedging,30363.0,twse
2026-08-10,7769,Foreign_Investor,34623.0,twse
2026-08-10,7769,Investment_Trust,0.0,twse
2026-08-10,7769,Dealer_Hedging,-44000.0,twse
2026-08-10,2404,Foreign_Investor,-141811.0,twse
2026-08-10,2404,Investment_Trust,0.0,twse
2026-08-10,2404,Dealer_Hedging,0.0,twse
2026-08-10,6669,Foreign_Investor,-136532.0,twse
2026-08-10,6669,Investment_Trust,0.0,twse
2026-08-10,6669,Dealer_Hedging,-91013.0,twse
2026-08-10,8210,Foreign_Investor,-136204.0,twse
2026-08-10,8210,Investment_Trust,0.0,twse
2026-08-10,8210,Dealer_Hedging,-114000.0,twse
2026-08-10,3017,Foreign_Investor,-294723.0,twse
2026-08-10,3017,Investment_Trust,0.0,twse
2026-08-10,3017,Dealer_Hedging,-10821.0,twse
2026-08-10,3044,Foreign_Investor,-575324.0,twse
2026-08-10,3044,Investment_Trust,0.0,twse
2026-08-10,3044,Dealer_Hedging,288985.0,twse
2026-08-10,3665,Foreign_Investor,-529950.0,twse
2026-08-10,3665,Investment_Trust,0.0,twse
2026-08-10,3665,Dealer_Hedging,79223.0,twse
2026-08-10,2345,Foreign_Investor,-407066.0,twse
2026-08-10,2345,Investment_Trust,0.0,twse
2026-08-10,2345,Dealer_Hedging,-164000.0,twse
2026-08-10,2368,Foreign_Investor,-2693388.0,twse
2026-08-10,2368,Investment_Trust,0.0,twse
2026-08-10,2368,Dealer_Hedging,-2407612.0,twse
2026-08-10,3131,Foreign_Investor,-2002.0,otc
2026-08-10,3131,Investment_Trust,0.0,otc
2026-08-10,3131,Dealer_Hedging,-2002.0,otc
2026-08-10,3455,Foreign_Investor,23050.0,otc
2026-08-10,3455,Investment_Trust,0.0,otc
2026-08-10,3455,Dealer_Hedging,23050.0,otc
2026-08-10,3491,Foreign_Investor,-396882.0,otc
2026-08-10,3491,Investment_Trust,0.0,otc
2026-08-10,3491,Dealer_Hedging,-396882.0,otc
2026-08-10,5289,Foreign_Investor,-988619.0,otc
2026-08-10,5289,Investment_Trust,0.0,otc
2026-08-10,5289,Dealer_Hedging,-988619.0,otc
2026-08-10,6187,Foreign_Investor,74736.0,otc
2026-08-10,6187,Investment_Trust,0.0,otc
2026-08-10,6187,Dealer_Hedging,74736.0,otc
2026-08-10,6274,Foreign_Investor,-124224.0,otc
2026-08-10,6274,Investment_Trust,0.0,otc
2026-08-10,6274,Dealer_Hedging,-124224.0,otc
2026-08-10,6510,Foreign_Investor,-22595.0,otc
2026-08-10,6510,Investment_Trust,0.0,otc
2026-08-10,6510,Dealer_Hedging,-22595.0,otc
2026-08-10,8299,Foreign_Investor,-31424.0,otc
2026-08-10,8299,Investment_Trust,0.0,otc
2026-08-10,8299,Dealer_Hedging,-31424.0,otc
2026-08-10,8358,Foreign_Investor,-6145712.0,otc
2026-08-10,8358,Investment_Trust,0.0,otc
2026-08-10,8358,Dealer_Hedging,-6145712.0,otc
2026-08-11,2330,Foreign_Investor,3498237.0,twse
2026-08-11,2330,Investment_Trust,0.0,twse
2026-08-11,2330,Dealer_Hedging,357408.0,twse
2026-08-11,2368,Foreign_Investor,1450124.0,twse
2026-08-11,2368,Investment_Trust,0.0,twse
2026-08-11,2368,Dealer_Hedging,1533234.0,twse
2026-08-11,3037,Foreign_Investor,904230.0,twse
2026-08-11,3037,Investment_Trust,0.0,twse
2026-08-11,3037,Dealer_Hedging,-67792.0,twse
2026-08-11,2454,Foreign_Investor,837290.0,twse
2026-08-11,2454,Investment_Trust,0.0,twse
2026-08-11,2454,Dealer_Hedging,-167457.0,twse
2026-08-11,2383,Foreign_Investor,260365.0,twse
2026-08-11,2383,Investment_Trust,0.0,twse
2026-08-11,2383,Dealer_Hedging,118203.0,twse
2026-08-11,2379,Foreign_Investor,314491.0,twse
2026-08-11,2379,Investment_Trust,0.0,twse
2026-08-11,2379,Dealer_Hedging,32009.0,twse
2026-08-11,3017,Foreign_Investor,-5669.0,twse
2026-08-11,3017,Investment_Trust,0.0,twse
2026-08-11,3017,Dealer_Hedging,-19858.0,twse
2026-08-11,6285,Foreign_Investor,-398983.0,twse
2026-08-11,6285,Investment_Trust,0.0,twse
2026-08-11,6285,Dealer_Hedging,386007.0,twse
2026-08-11,2059,Foreign_Investor,77326.0,twse
2026-08-11,2059,Investment_Trust,0.0,twse
2026-08-11,2059,Dealer_Hedging,-4082.0,twse
2026-08-11,7769,Foreign_Investor,86827.0,twse
2026-08-11,7769,Investment_Trust,0.0,twse
2026-08-11,7769,Dealer_Hedging,-16863.0,twse
2026-08-11,6451,Foreign_Investor,26683.0,twse
2026-08-11,6451,Investment_Trust,0.0,twse
2026-08-11,6451,Dealer_Hedging,-718.0,twse
2026-08-11,1519,Foreign_Investor,-88900.0,twse
2026-08-11,1519,Investment_Trust,0.0,twse
2026-08-11,1519,Dealer_Hedging,-775.0,twse
2026-08-11,3533,Foreign_Investor,-138685.0,twse
2026-08-11,3533,Investment_Trust,0.0,twse
2026-08-11,3533,Dealer_Hedging,-1194.0,twse
2026-08-11,6669,Foreign_Investor,171340.0,twse
2026-08-11,6669,Investment_Trust,0.0,twse
2026-08-11,6669,Dealer_Hedging,-398975.0,twse
2026-08-11,2404,Foreign_Investor,-200678.0,twse
2026-08-11,2404,Investment_Trust,0.0,twse
2026-08-11,2404,Dealer_Hedging,-5485.0,twse
2026-08-11,3665,Foreign_Investor,251730.0,twse
2026-08-11,3665,Investment_Trust,0.0,twse
2026-08-11,3665,Dealer_Hedging,-607097.0,twse
2026-08-11,2345,Foreign_Investor,-184912.0,twse
2026-08-11,2345,Investment_Trust,0.0,twse
2026-08-11,2345,Dealer_Hedging,-490643.0,twse
2026-08-11,8210,Foreign_Investor,-343272.0,twse
2026-08-11,8210,Investment_Trust,0.0,twse
2026-08-11,8210,Dealer_Hedging,-318516.0,twse
2026-08-11,3044,Foreign_Investor,-1237944.0,twse
2026-08-11,3044,Investment_Trust,0.0,twse
2026-08-11,3044,Dealer_Hedging,453717.0,twse
2026-08-11,2317,Foreign_Investor,-1139492.0,twse
2026-08-11,2317,Investment_Trust,0.0,twse
2026-08-11,2317,Dealer_Hedging,397832.0,twse
2026-08-11,2301,Foreign_Investor,-307085.0,twse
2026-08-11,2301,Investment_Trust,0.0,twse
2026-08-11,2301,Dealer_Hedging,-18524.0,twse
2026-08-11,2359,Foreign_Investor,-987604.0,twse
2026-08-11,2359,Investment_Trust,0.0,twse
2026-08-11,2359,Dealer_Hedging,0.0,twse
2026-08-11,2308,Foreign_Investor,-4629095.0,twse
2026-08-11,2308,Investment_Trust,0.0,twse
2026-08-11,2308,Dealer_Hedging,1047502.0,twse
2026-08-11,6239,Foreign_Investor,-5539574.0,twse
2026-08-11,6239,Investment_Trust,0.0,twse
2026-08-11,6239,Dealer_Hedging,524657.0,twse
2026-08-11,3131,Foreign_Investor,136510.0,otc
2026-08-11,3131,Investment_Trust,0.0,otc
2026-08-11,3131,Dealer_Hedging,136510.0,otc
2026-08-11,3455,Foreign_Investor,-44304.0,otc
2026-08-11,3455,Investment_Trust,0.0,otc
2026-08-11,3455,Dealer_Hedging,-44304.0,otc
2026-08-11,3491,Foreign_Investor,112570.0,otc
2026-08-11,3491,Investment_Trust,0.0,otc
2026-08-11,3491,Dealer_Hedging,112570.0,otc
2026-08-11,5289,Foreign_Investor,-28801.0,otc
2026-08-11,5289,Investment_Trust,0.0,otc
2026-08-11,5289,Dealer_Hedging,-28801.0,otc
2026-08-11,6187,Foreign_Investor,-516283.0,otc
2026-08-11,6187,Investment_Trust,0.0,otc
2026-08-11,6187,Dealer_Hedging,-516283.0,otc
2026-08-11,6274,Foreign_Investor,49270.0,otc
2026-08-11,6274,Investment_Trust,0.0,otc
2026-08-11,6274,Dealer_Hedging,49270.0,otc
2026-08-11,6510,Foreign_Investor,-91909.0,otc
2026-08-11,6510,Investment_Trust,0.0,otc
2026-08-11,6510,Dealer_Hedging,-91909.0,otc
2026-08-11,8299,Foreign_Investor,196370.0,otc
2026-08-11,8299,Investment_Trust,0.0,otc
2026-08-11,8299,Dealer_Hedging,196370.0,otc
2026-08-11,8358,Foreign_Investor,6575215.0,otc
2026-08-11,8358,Investment_Trust,0.0,otc
2026-08-11,8358,Dealer_Hedging,6575215.0,otc
2026-08-12,2317,Foreign_Investor,29370661.0,twse
2026-08-12,2317,Investment_Trust,0.0,twse
2026-08-12,2317,Dealer_Hedging,255973.0,twse
2026-08-12,2330,Foreign_Investor,2626903.0,twse
2026-08-12,2330,Investment_Trust,0.0,twse
2026-08-12,2330,Dealer_Hedging,587054.0,twse
2026-08-12,3037,Foreign_Investor,2296751.0,twse
2026-08-12,3037,Investment_Trust,0.0,twse
2026-08-12,3037,Dealer_Hedging,-50000.0,twse
2026-08-12,2301,Foreign_Investor,706507.0,twse
2026-08-12,2301,Investment_Trust,0.0,twse
2026-08-12,2301,Dealer_Hedging,1403054.0,twse
2026-08-12,2359,Foreign_Investor,974800.0,twse
2026-08-12,2359,Investment_Trust,0.0,twse
2026-08-12,2359,Dealer_Hedging,0.0,twse
2026-08-12,2383,Foreign_Investor,305609.0,twse
2026-08-12,2383,Investment_Trust,0.0,twse
2026-08-12,2383,Dealer_Hedging,56993.0,twse
2026-08-12,3017,Foreign_Investor,139001.0,twse
2026-08-12,3017,Investment_Trust,0.0,twse
2026-08-12,3017,Dealer_Hedging,-32000.0,twse
2026-08-12,6451,Foreign_Investor,129477.0,twse
2026-08-12,6451,Investment_Trust,0.0,twse
2026-08-12,6451,Dealer_Hedging,0.0,twse
2026-08-12,7769,Foreign_Investor,67601.0,twse
2026-08-12,7769,Investment_Trust,0.0,twse
2026-08-12,7769,Dealer_Hedging,-31000.0,twse
2026-08-12,6669,Foreign_Investor,115997.0,twse
2026-08-12,6669,Investment_Trust,0.0,twse
2026-08-12,6669,Dealer_Hedging,-96019.0,twse
2026-08-12,2454,Foreign_Investor,148529.0,twse
2026-08-12,2454,Investment_Trust,0.0,twse
2026-08-12,2454,Dealer_Hedging,-122675.0,twse
2026-08-12,1519,Foreign_Investor,-58068.0,twse
2026-08-12,1519,Investment_Trust,0.0,twse
2026-08-12,1519,Dealer_Hedging,15000.0,twse
2026-08-12,2404,Foreign_Investor,-48374.0,twse
2026-08-12,2404,Investment_Trust,0.0,twse
2026-08-12,2404,Dealer_Hedging,0.0,twse
2026-08-12,2059,Foreign_Investor,-102482.0,twse
2026-08-12,2059,Investment_Trust,0.0,twse
2026-08-12,2059,Dealer_Hedging,-10007.0,twse
2026-08-12,2379,Foreign_Investor,-329351.0,twse
2026-08-12,2379,Investment_Trust,0.0,twse
2026-08-12,2379,Dealer_Hedging,35986.0,twse
2026-08-12,8210,Foreign_Investor,-256737.0,twse
2026-08-12,8210,Investment_Trust,0.0,twse
2026-08-12,8210,Dealer_Hedging,-160000.0,twse
2026-08-12,3044,Foreign_Investor,-438710.0,twse
2026-08-12,3044,Investment_Trust,0.0,twse
2026-08-12,3044,Dealer_Hedging,-3023.0,twse
2026-08-12,3533,Foreign_Investor,-581393.0,twse
2026-08-12,3533,Investment_Trust,0.0,twse
2026-08-12,3533,Dealer_Hedging,-60000.0,twse
2026-08-12,3665,Foreign_Investor,497443.0,twse
2026-08-12,3665,Investment_Trust,0.0,twse
2026-08-12,3665,Dealer_Hedging,-1178430.0,twse
2026-08-12,2345,Foreign_Investor,-908723.0,twse
2026-08-12,2345,Investment_Trust,0.0,twse
2026-08-12,2345,Dealer_Hedging,140000.0,twse
2026-08-12,2308,Foreign_Investor,-1166554.0,twse
2026-08-12,2308,Investment_Trust,0.0,twse
2026-08-12,2308,Dealer_Hedging,170791.0,twse
2026-08-12,6285,Foreign_Investor,-975641.0,twse
2026-08-12,6285,Investment_Trust,0.0,twse
2026-08-12,6285,Dealer_Hedging,-103000.0,twse
2026-08-12,2368,Foreign_Investor,-3313250.0,twse
2026-08-12,2368,Investment_Trust,0.0,twse
2026-08-12,2368,Dealer_Hedging,2124982.0,twse
2026-08-12,6239,Foreign_Investor,-2910371.0,twse
2026-08-12,6239,Investment_Trust,0.0,twse
2026-08-12,6239,Dealer_Hedging,15431.0,twse
2026-08-12,3131,Foreign_Investor,42345.0,otc
2026-08-12,3131,Investment_Trust,0.0,otc
2026-08-12,3131,Dealer_Hedging,42345.0,otc
2026-08-12,3455,Foreign_Investor,20729.0,otc
2026-08-12,3455,Investment_Trust,0.0,otc
2026-08-12,3455,Dealer_Hedging,20729.0,otc
2026-08-12,3491,Foreign_Investor,-34568.0,otc
2026-08-12,3491,Investment_Trust,0.0,otc
2026-08-12,3491,Dealer_Hedging,-34568.0,otc
2026-08-12,5289,Foreign_Investor,271572.0,otc
2026-08-12,5289,Investment_Trust,0.0,otc
2026-08-12,5289,Dealer_Hedging,271572.0,otc
2026-08-12,6187,Foreign_Investor,1225486.0,otc
2026-08-12,6187,Investment_Trust,0.0,otc
2026-08-12,6187,Dealer_Hedging,1225486.0,otc
2026-08-12,6274,Foreign_Investor,-231246.0,otc
2026-08-12,6274,Investment_Trust,0.0,otc
2026-08-12,6274,Dealer_Hedging,-231246.0,otc
2026-08-12,6510,Foreign_Investor,-53371.0,otc
2026-08-12,6510,Investment_Trust,0.0,otc
2026-08-12,6510,Dealer_Hedging,-53371.0,otc
2026-08-12,8299,Foreign_Investor,462427.0,otc
2026-08-12,8299,Investment_Trust,0.0,otc
2026-08-12,8299,Dealer_Hedging,462427.0,otc
2026-08-12,8358,Foreign_Investor,-1405020.0,otc
2026-08-12,8358,Investment_Trust,0.0,otc
2026-08-12,8358,Dealer_Hedging,-1405020.0,otc
2026-08-13,3131,Foreign_Investor,-258017.0,otc
2026-08-13,3131,Investment_Trust,0.0,otc
2026-08-13,3131,Dealer_Hedging,-258017.0,otc
2026-08-13,3455,Foreign_Investor,367989.0,otc
2026-08-13,3455,Investment_Trust,0.0,otc
2026-08-13,3455,Dealer_Hedging,367989.0,otc
2026-08-13,3491,Foreign_Investor,-125576.0,otc
2026-08-13,3491,Investment_Trust,0.0,otc
2026-08-13,3491,Dealer_Hedging,-125576.0,otc
2026-08-13,5289,Foreign_Investor,213797.0,otc
2026-08-13,5289,Investment_Trust,0.0,otc
2026-08-13,5289,Dealer_Hedging,213797.0,otc
2026-08-13,6187,Foreign_Investor,873256.0,otc
2026-08-13,6187,Investment_Trust,0.0,otc
2026-08-13,6187,Dealer_Hedging,873256.0,otc
2026-08-13,6274,Foreign_Investor,-484325.0,otc
2026-08-13,6274,Investment_Trust,0.0,otc
2026-08-13,6274,Dealer_Hedging,-484325.0,otc
2026-08-13,6510,Foreign_Investor,29.0,otc
2026-08-13,6510,Investment_Trust,0.0,otc
2026-08-13,6510,Dealer_Hedging,29.0,otc
2026-08-13,8299,Foreign_Investor,-331919.0,otc
2026-08-13,8299,Investment_Trust,0.0,otc
2026-08-13,8299,Dealer_Hedging,-331919.0,otc
2026-08-13,8358,Foreign_Investor,-3836386.0,otc
2026-08-13,8358,Investment_Trust,0.0,otc
2026-08-13,8358,Dealer_Hedging,-3836386.0,otc
2026-08-19,3037,Foreign_Investor,1638430.0,twse
2026-08-19,3037,Investment_Trust,0.0,twse
2026-08-19,3037,Dealer_Hedging,-637001.0,twse
2026-08-19,2379,Foreign_Investor,638638.0,twse
2026-08-19,2379,Investment_Trust,0.0,twse
2026-08-19,2379,Dealer_Hedging,71000.0,twse
2026-08-19,3017,Foreign_Investor,45475.0,twse
2026-08-19,3017,Investment_Trust,0.0,twse
2026-08-19,3017,Dealer_Hedging,601000.0,twse
2026-08-19,7769,Foreign_Investor,78455.0,twse
2026-08-19,7769,Investment_Trust,0.0,twse
2026-08-19,7769,Dealer_Hedging,-14000.0,twse
2026-08-19,2404,Foreign_Investor,141756.0,twse
2026-08-19,2404,Investment_Trust,0.0,twse
2026-08-19,2404,Dealer_Hedging,5000.0,twse
2026-08-19,2059,Foreign_Investor,-102444.0,twse
2026-08-19,2059,Investment_Trust,0.0,twse
2026-08-19,2059,Dealer_Hedging,19000.0,twse
2026-08-19,6451,Foreign_Investor,-103356.0,twse
2026-08-19,6451,Investment_Trust,0.0,twse
2026-08-19,6451,Dealer_Hedging,0.0,twse
2026-08-19,2383,Foreign_Investor,76221.0,twse
2026-08-19,2383,Investment_Trust,0.0,twse
2026-08-19,2383,Dealer_Hedging,-191001.0,twse
2026-08-19,6669,Foreign_Investor,174888.0,twse
2026-08-19,6669,Investment_Trust,0.0,twse
2026-08-19,6669,Dealer_Hedging,-360000.0,twse
2026-08-19,1519,Foreign_Investor,-174555.0,twse
2026-08-19,1519,Investment_Trust,0.0,twse
2026-08-19,1519,Dealer_Hedging,1000.0,twse
2026-08-19,3533,Foreign_Investor,-69499.0,twse
2026-08-19,3533,Investment_Trust,0.0,twse
2026-08-19,3533,Dealer_Hedging,-100000.0,twse
2026-08-19,8210,Foreign_Investor,-264715.0,twse
2026-08-19,8210,Investment_Trust,0.0,twse
2026-08-19,8210,Dealer_Hedging,-18000.0,twse
2026-08-19,6285,Foreign_Investor,-223157.0,twse
2026-08-19,6285,Investment_Trust,0.0,twse
2026-08-19,6285,Dealer_Hedging,-22000.0,twse
2026-08-19,3665,Foreign_Investor,-125140.0,twse
2026-08-19,3665,Investment_Trust,0.0,twse
2026-08-19,3665,Dealer_Hedging,-305000.0,twse
2026-08-19,2345,Foreign_Investor,-462188.0,twse
2026-08-19,2345,Investment_Trust,0.0,twse
2026-08-19,2345,Dealer_Hedging,-105010.0,twse
2026-08-19,2301,Foreign_Investor,-936729.0,twse
2026-08-19,2301,Investment_Trust,0.0,twse
2026-08-19,2301,Dealer_Hedging,640000.0,twse
2026-08-19,6239,Foreign_Investor,1907361.0,twse
2026-08-19,6239,Investment_Trust,0.0,twse
2026-08-19,6239,Dealer_Hedging,-2339000.0,twse
2026-08-19,2454,Foreign_Investor,-216230.0,twse
2026-08-19,2454,Investment_Trust,0.0,twse
2026-08-19,2454,Dealer_Hedging,-372250.0,twse
2026-08-19,3044,Foreign_Investor,-1147842.0,twse
2026-08-19,3044,Investment_Trust,0.0,twse
2026-08-19,3044,Dealer_Hedging,26000.0,twse
2026-08-19,2368,Foreign_Investor,-1163883.0,twse
2026-08-19,2368,Investment_Trust,0.0,twse
2026-08-19,2368,Dealer_Hedging,-305000.0,twse
2026-08-19,2308,Foreign_Investor,-2316137.0,twse
2026-08-19,2308,Investment_Trust,0.0,twse
2026-08-19,2308,Dealer_Hedging,68000.0,twse
2026-08-19,2359,Foreign_Investor,-3987631.0,twse
2026-08-19,2359,Investment_Trust,0.0,twse
2026-08-19,2359,Dealer_Hedging,0.0,twse
2026-08-19,2330,Foreign_Investor,-7417943.0,twse
2026-08-19,2330,Investment_Trust,0.0,twse
2026-08-19,2330,Dealer_Hedging,-668410.0,twse
2026-08-19,2317,Foreign_Investor,-10064384.0,twse
2026-08-19,2317,Investment_Trust,0.0,twse
2026-08-19,2317,Dealer_Hedging,-300000.0,twse
2026-08-19,3131,Foreign_Investor,30158.0,otc
2026-08-19,3131,Investment_Trust,0.0,otc
2026-08-19,3131,Dealer_Hedging,30158.0,otc
2026-08-19,3455,Foreign_Investor,-86905.0,otc
2026-08-19,3455,Investment_Trust,0.0,otc
2026-08-19,3455,Dealer_Hedging,-86905.0,otc
2026-08-19,3491,Foreign_Investor,-57424.0,otc
2026-08-19,3491,Investment_Trust,0.0,otc
2026-08-19,3491,Dealer_Hedging,-57424.0,otc
2026-08-19,5289,Foreign_Investor,292703.0,otc
2026-08-19,5289,Investment_Trust,0.0,otc
2026-08-19,5289,Dealer_Hedging,292703.0,otc
2026-08-19,6187,Foreign_Investor,-324984.0,otc
2026-08-19,6187,Investment_Trust,0.0,otc
2026-08-19,6187,Dealer_Hedging,-324984.0,otc
2026-08-19,6274,Foreign_Investor,-343322.0,otc
2026-08-19,6274,Investment_Trust,0.0,otc
2026-08-19,6274,Dealer_Hedging,-343322.0,otc
2026-08-19,6510,Foreign_Investor,-26311.0,otc
2026-08-19,6510,Investment_Trust,0.0,otc
2026-08-19,6510,Dealer_Hedging,-26311.0,otc
2026-08-19,8299,Foreign_Investor,149353.0,otc
2026-08-19,8299,Investment_Trust,0.0,otc
2026-08-19,8299,Dealer_Hedging,149353.0,otc
2026-08-19,8358,Foreign_Investor,-1023574.0,otc
2026-08-19,8358,Investment_Trust,0.0,otc
2026-08-19,8358,Dealer_Hedging,-1023574.0,otc
2026-08-20,2359,Foreign_Investor,1178523.0,twse
2026-08-20,2359,Investment_Trust,0.0,twse
2026-08-20,2359,Dealer_Hedging,0.0,twse
2026-08-20,2330,Foreign_Investor,734132.0,twse
2026-08-20,2330,Investment_Trust,0.0,twse
2026-08-20,2330,Dealer_Hedging,399419.0,twse
2026-08-20,3037,Foreign_Investor,952562.0,twse
2026-08-20,3037,Investment_Trust,0.0,twse
2026-08-20,3037,Dealer_Hedging,-73455.0,twse
2026-08-20,2383,Foreign_Investor,575514.0,twse
2026-08-20,2383,Investment_Trust,0.0,twse
2026-08-20,2383,Dealer_Hedging,56449.0,twse
2026-08-20,6451,Foreign_Investor,480385.0,twse
2026-08-20,6451,Investment_Trust,0.0,twse
2026-08-20,6451,Dealer_Hedging,0.0,twse
2026-08-20,7769,Foreign_Investor,30993.0,twse
2026-08-20,7769,Investment_Trust,0.0,twse
2026-08-20,7769,Dealer_Hedging,-19400.0,twse
2026-08-20,2059,Foreign_Investor,-62423.0,twse
2026-08-20,2059,Investment_Trust,0.0,twse
2026-08-20,2059,Dealer_Hedging,13250.0,twse
2026-08-20,6239,Foreign_Investor,-210841.0,twse
2026-08-20,6239,Investment_Trust,0.0,twse
2026-08-20,6239,Dealer_Hedging,205196.0,twse
2026-08-20,6669,Foreign_Investor,-107127.0,twse
2026-08-20,6669,Investment_Trust,0.0,twse
2026-08-20,6669,Dealer_Hedging,28650.0,twse
2026-08-20,3044,Foreign_Investor,-654415.0,twse
2026-08-20,3044,Investment_Trust,0.0,twse
2026-08-20,3044,Dealer_Hedging,594000.0,twse
2026-08-20,3665,Foreign_Investor,-215336.0,twse
2026-08-20,3665,Investment_Trust,0.0,twse
2026-08-20,3665,Dealer_Hedging,100000.0,twse
2026-08-20,6285,Foreign_Investor,-183615.0,twse
2026-08-20,6285,Investment_Trust,0.0,twse
2026-08-20,6285,Dealer_Hedging,-7000.0,twse
2026-08-20,8210,Foreign_Investor,-121783.0,twse
2026-08-20,8210,Investment_Trust,0.0,twse
2026-08-20,8210,Dealer_Hedging,-56000.0,twse
2026-08-20,3017,Foreign_Investor,-400838.0,twse
2026-08-20,3017,Investment_Trust,0.0,twse
2026-08-20,3017,Dealer_Hedging,99656.0,twse
2026-08-20,2404,Foreign_Investor,-325856.0,twse
2026-08-20,2404,Investment_Trust,0.0,twse
2026-08-20,2404,Dealer_Hedging,24000.0,twse
2026-08-20,2345,Foreign_Investor,-339124.0,twse
2026-08-20,2345,Investment_Trust,0.0,twse
2026-08-20,2345,Dealer_Hedging,-83426.0,twse
2026-08-20,3533,Foreign_Investor,-397615.0,twse
2026-08-20,3533,Investment_Trust,0.0,twse
2026-08-20,3533,Dealer_Hedging,-162000.0,twse
2026-08-20,1519,Foreign_Investor,-600413.0,twse
2026-08-20,1519,Investment_Trust,0.0,twse
2026-08-20,1519,Dealer_Hedging,0.0,twse
2026-08-20,2368,Foreign_Investor,-939700.0,twse
2026-08-20,2368,Investment_Trust,0.0,twse
2026-08-20,2368,Dealer_Hedging,-103000.0,twse
2026-08-20,2308,Foreign_Investor,-485569.0,twse
2026-08-20,2308,Investment_Trust,0.0,twse
2026-08-20,2308,Dealer_Hedging,-590279.0,twse
2026-08-20,2379,Foreign_Investor,-1994859.0,twse
2026-08-20,2379,Investment_Trust,0.0,twse
2026-08-20,2379,Dealer_Hedging,455187.0,twse
2026-08-20,2454,Foreign_Investor,-259125.0,twse
2026-08-20,2454,Investment_Trust,0.0,twse
2026-08-20,2454,Dealer_Hedging,-1222012.0,twse
2026-08-20,2317,Foreign_Investor,-4241267.0,twse
2026-08-20,2317,Investment_Trust,0.0,twse
2026-08-20,2317,Dealer_Hedging,1342000.0,twse
2026-08-20,2301,Foreign_Investor,-7749600.0,twse
2026-08-20,2301,Investment_Trust,0.0,twse
2026-08-20,2301,Dealer_Hedging,2259900.0,twse
2026-08-20,3131,Foreign_Investor,-29000.0,otc
2026-08-20,3131,Investment_Trust,0.0,otc
2026-08-20,3131,Dealer_Hedging,-29000.0,otc
2026-08-20,3455,Foreign_Investor,-57192.0,otc
2026-08-20,3455,Investment_Trust,0.0,otc
2026-08-20,3455,Dealer_Hedging,-57192.0,otc
2026-08-20,3491,Foreign_Investor,34228.0,otc
2026-08-20,3491,Investment_Trust,0.0,otc
2026-08-20,3491,Dealer_Hedging,34228.0,otc
2026-08-20,5289,Foreign_Investor,-273051.0,otc
2026-08-20,5289,Investment_Trust,0.0,otc
2026-08-20,5289,Dealer_Hedging,-273051.0,otc
2026-08-20,6187,Foreign_Investor,-513094.0,otc
2026-08-20,6187,Investment_Trust,0.0,otc
2026-08-20,6187,Dealer_Hedging,-513094.0,otc
2026-08-20,6274,Foreign_Investor,-343801.0,otc
2026-08-20,6274,Investment_Trust,0.0,otc
2026-08-20,6274,Dealer_Hedging,-343801.0,otc
2026-08-20,6510,Foreign_Investor,15145.0,otc
2026-08-20,6510,Investment_Trust,0.0,otc
2026-08-20,6510,Dealer_Hedging,15145.0,otc
2026-08-20,8299,Foreign_Investor,6307.0,otc
2026-08-20,8299,Investment_Trust,0.0,otc
2026-08-20,8299,Dealer_Hedging,6307.0,otc
2026-08-20,8358,Foreign_Investor,-1978781.0,otc
2026-08-20,8358,Investment_Trust,0.0,otc
2026-08-20,8358,Dealer_Hedging,-1978781.0,otc
2026-08-21,2330,Foreign_Investor,5795046.0,twse
2026-08-21,2330,Investment_Trust,0.0,twse
2026-08-21,2330,Dealer_Hedging,183888.0,twse
2026-08-21,3037,Foreign_Investor,2398670.0,twse
2026-08-21,3037,Investment_Trust,0.0,twse
2026-08-21,3037,Dealer_Hedging,-133934.0,twse
2026-08-21,2368,Foreign_Investor,758081.0,twse
2026-08-21,2368,Investment_Trust,0.0,twse
2026-08-21,2368,Dealer_Hedging,63874.0,twse
2026-08-21,2301,Foreign_Investor,345653.0,twse
2026-08-21,2301,Investment_Trust,0.0,twse
2026-08-21,2301,Dealer_Hedging,333282.0,twse
2026-08-21,2379,Foreign_Investor,620090.0,twse
2026-08-21,2379,Investment_Trust,0.0,twse
2026-08-21,2379,Dealer_Hedging,-3000.0,twse
2026-08-21,2059,Foreign_Investor,37405.0,twse
2026-08-21,2059,Investment_Trust,0.0,twse
2026-08-21,2059,Dealer_Hedging,25215.0,twse
2026-08-21,2383,Foreign_Investor,379439.0,twse
2026-08-21,2383,Investment_Trust,0.0,twse
2026-08-21,2383,Dealer_Hedging,-409127.0,twse
2026-08-21,2308,Foreign_Investor,-57193.0,twse
2026-08-21,2308,Investment_Trust,0.0,twse
2026-08-21,2308,Dealer_Hedging,4651.0,twse
2026-08-21,7769,Foreign_Investor,27739.0,twse
2026-08-21,7769,Investment_Trust,0.0,twse
2026-08-21,7769,Dealer_Hedging,-28621.0,twse
2026-08-21,6669,Foreign_Investor,-115665.0,twse
2026-08-21,6669,Investment_Trust,0.0,twse
2026-08-21,6669,Dealer_Hedging,31462.0,twse
2026-08-21,3017,Foreign_Investor,-67825.0,twse
2026-08-21,3017,Investment_Trust,0.0,twse
2026-08-21,3017,Dealer_Hedging,44883.0,twse
2026-08-21,8210,Foreign_Investor,-65263.0,twse
2026-08-21,8210,Investment_Trust,0.0,twse
2026-08-21,8210,Dealer_Hedging,-20000.0,twse
2026-08-21,2404,Foreign_Investor,-105846.0,twse
2026-08-21,2404,Investment_Trust,0.0,twse
2026-08-21,2404,Dealer_Hedging,1000.0,twse
2026-08-21,2345,Foreign_Investor,66970.0,twse
2026-08-21,2345,Investment_Trust,0.0,twse
2026-08-21,2345,Dealer_Hedging,-212282.0,twse
2026-08-21,3533,Foreign_Investor,-217070.0,twse
2026-08-21,3533,Investment_Trust,0.0,twse
2026-08-21,3533,Dealer_Hedging,60000.0,twse
2026-08-21,2454,Foreign_Investor,-275726.0,twse
2026-08-21,2454,Investment_Trust,0.0,twse
2026-08-21,2454,Dealer_Hedging,4648.0,twse
2026-08-21,1519,Foreign_Investor,-196002.0,twse
2026-08-21,1519,Investment_Trust,0.0,twse
2026-08-21,1519,Dealer_Hedging,0.0,twse
2026-08-21,6285,Foreign_Investor,-230583.0,twse
2026-08-21,6285,Investment_Trust,0.0,twse
2026-08-21,6285,Dealer_Hedging,0.0,twse
2026-08-21,6239,Foreign_Investor,-725459.0,twse
2026-08-21,6239,Investment_Trust,0.0,twse
2026-08-21,6239,Dealer_Hedging,-20000.0,twse
2026-08-21,3665,Foreign_Investor,-828723.0,twse
2026-08-21,3665,Investment_Trust,0.0,twse
2026-08-21,3665,Dealer_Hedging,52934.0,twse
2026-08-21,6451,Foreign_Investor,-1132624.0,twse
2026-08-21,6451,Investment_Trust,0.0,twse
2026-08-21,6451,Dealer_Hedging,0.0,twse
2026-08-21,3044,Foreign_Investor,-1273075.0,twse
2026-08-21,3044,Investment_Trust,0.0,twse
2026-08-21,3044,Dealer_Hedging,-22000.0,twse
2026-08-21,2359,Foreign_Investor,-2015963.0,twse
2026-08-21,2359,Investment_Trust,0.0,twse
2026-08-21,2359,Dealer_Hedging,0.0,twse
2026-08-21,2317,Foreign_Investor,-3528905.0,twse
2026-08-21,2317,Investment_Trust,0.0,twse
2026-08-21,2317,Dealer_Hedging,66518.0,twse
2026-08-21,3131,Foreign_Investor,-15764.0,otc
2026-08-21,3131,Investment_Trust,0.0,otc
2026-08-21,3131,Dealer_Hedging,-15764.0,otc
2026-08-21,3455,Foreign_Investor,-39075.0,otc
2026-08-21,3455,Investment_Trust,0.0,otc
2026-08-21,3455,Dealer_Hedging,-39075.0,otc
2026-08-21,3491,Foreign_Investor,-256.0,otc
2026-08-21,3491,Investment_Trust,0.0,otc
2026-08-21,3491,Dealer_Hedging,-256.0,otc
2026-08-21,5289,Foreign_Investor,792964.0,otc
2026-08-21,5289,Investment_Trust,0.0,otc
2026-08-21,5289,Dealer_Hedging,792964.0,otc
2026-08-21,6187,Foreign_Investor,-47063.0,otc
2026-08-21,6187,Investment_Trust,0.0,otc
2026-08-21,6187,Dealer_Hedging,-47063.0,otc
2026-08-21,6274,Foreign_Investor,-1332060.0,otc
2026-08-21,6274,Investment_Trust,0.0,otc
2026-08-21,6274,Dealer_Hedging,-1332060.0,otc
2026-08-21,6510,Foreign_Investor,-40025.0,otc
2026-08-21,6510,Investment_Trust,0.0,otc
2026-08-21,6510,Dealer_Hedging,-40025.0,otc
2026-08-21,8299,Foreign_Investor,659274.0,otc
2026-08-21,8299,Investment_Trust,0.0,otc
2026-08-21,8299,Dealer_Hedging,659274.0,otc
2026-08-21,8358,Foreign_Investor,5634307.0,otc
2026-08-21,8358,Investment_Trust,0.0,otc
2026-08-21,8358,Dealer_Hedging,5634307.0,otc
2026-08-24,2301,Foreign_Investor,8748267.0,twse
2026-08-24,2301,Investment_Trust,0.0,twse
2026-08-24,2301,Dealer_Hedging,111641.0,twse
2026-08-24,6239,Foreign_Investor,255533.0,twse
2026-08-24,6239,Investment_Trust,0.0,twse
2026-08-24,6239,Dealer_Hedging,-12000.0,twse
2026-08-24,3017,Foreign_Investor,384959.0,twse
2026-08-24,3017,Investment_Trust,0.0,twse
2026-08-24,3017,Dealer_Hedging,46836.0,twse
2026-08-24,3037,Foreign_Investor,546440.0,twse
2026-08-24,3037,Investment_Trust,0.0,twse
2026-08-24,3037,Dealer_Hedging,-172316.0,twse
2026-08-24,2379,Foreign_Investor,302901.0,twse
2026-08-24,2379,Investment_Trust,0.0,twse
2026-08-24,2379,Dealer_Hedging,-11000.0,twse
2026-08-24,6451,Foreign_Investor,141894.0,twse
2026-08-24,6451,Investment_Trust,0.0,twse
2026-08-24,6451,Dealer_Hedging,0.0,twse
2026-08-24,2059,Foreign_Investor,36571.0,twse
2026-08-24,2059,Investment_Trust,0.0,twse
2026-08-24,2059,Dealer_Hedging,86490.0,twse
2026-08-24,6285,Foreign_Investor,71664.0,twse
2026-08-24,6285,Investment_Trust,0.0,twse
2026-08-24,6285,Dealer_Hedging,-6000.0,twse
2026-08-24,8210,Foreign_Investor,179807.0,twse
2026-08-24,8210,Investment_Trust,0.0,twse
2026-08-24,8210,Dealer_Hedging,-146000.0,twse
2026-08-24,2383,Foreign_Investor,147567.0,twse
2026-08-24,2383,Investment_Trust,0.0,twse
2026-08-24,2383,Dealer_Hedging,-193780.0,twse
2026-08-24,7769,Foreign_Investor,-31912.0,twse
2026-08-24,7769,Investment_Trust,0.0,twse
2026-08-24,7769,Dealer_Hedging,4990.0,twse
2026-08-24,6669,Foreign_Investor,-147942.0,twse
2026-08-24,6669,Investment_Trust,0.0,twse
2026-08-24,6669,Dealer_Hedging,59281.0,twse
2026-08-24,2345,Foreign_Investor,399270.0,twse
2026-08-24,2345,Investment_Trust,0.0,twse
2026-08-24,2345,Dealer_Hedging,-471924.0,twse
2026-08-24,2404,Foreign_Investor,-48253.0,twse
2026-08-24,2404,Investment_Trust,0.0,twse
2026-08-24,2404,Dealer_Hedging,-2000.0,twse
2026-08-24,3533,Foreign_Investor,-82270.0,twse
2026-08-24,3533,Investment_Trust,0.0,twse
2026-08-24,3533,Dealer_Hedging,-1000.0,twse
2026-08-24,2454,Foreign_Investor,-132183.0,twse
2026-08-24,2454,Investment_Trust,0.0,twse
2026-08-24,2454,Dealer_Hedging,-95353.0,twse
2026-08-24,2308,Foreign_Investor,-359526.0,twse
2026-08-24,2308,Investment_Trust,0.0,twse
2026-08-24,2308,Dealer_Hedging,44196.0,twse
2026-08-24,2359,Foreign_Investor,-382510.0,twse
2026-08-24,2359,Investment_Trust,0.0,twse
2026-08-24,2359,Dealer_Hedging,0.0,twse
2026-08-24,2368,Foreign_Investor,-228554.0,twse
2026-08-24,2368,Investment_Trust,0.0,twse
2026-08-24,2368,Dealer_Hedging,-248063.0,twse
2026-08-24,1519,Foreign_Investor,-511332.0,twse
2026-08-24,1519,Investment_Trust,0.0,twse
2026-08-24,1519,Dealer_Hedging,0.0,twse
2026-08-24,3044,Foreign_Investor,-716187.0,twse
2026-08-24,3044,Investment_Trust,0.0,twse
2026-08-24,3044,Dealer_Hedging,114000.0,twse
2026-08-24,2330,Foreign_Investor,-1620725.0,twse
2026-08-24,2330,Investment_Trust,0.0,twse
2026-08-24,2330,Dealer_Hedging,157389.0,twse
2026-08-24,3665,Foreign_Investor,-1582327.0,twse
2026-08-24,3665,Investment_Trust,0.0,twse
2026-08-24,3665,Dealer_Hedging,-456033.0,twse
2026-08-24,2317,Foreign_Investor,-7545249.0,twse
2026-08-24,2317,Investment_Trust,0.0,twse
2026-08-24,2317,Dealer_Hedging,20390.0,twse
2026-08-24,3131,Foreign_Investor,61211.0,otc
2026-08-24,3131,Investment_Trust,0.0,otc
2026-08-24,3131,Dealer_Hedging,61211.0,otc
2026-08-24,3455,Foreign_Investor,41005.0,otc
2026-08-24,3455,Investment_Trust,0.0,otc
2026-08-24,3455,Dealer_Hedging,41005.0,otc
2026-08-24,3491,Foreign_Investor,-90418.0,otc
2026-08-24,3491,Investment_Trust,0.0,otc
2026-08-24,3491,Dealer_Hedging,-90418.0,otc
2026-08-24,5289,Foreign_Investor,420525.0,otc
2026-08-24,5289,Investment_Trust,0.0,otc
2026-08-24,5289,Dealer_Hedging,420525.0,otc
2026-08-24,6187,Foreign_Investor,163117.0,otc
2026-08-24,6187,Investment_Trust,0.0,otc
2026-08-24,6187,Dealer_Hedging,163117.0,otc
2026-08-24,6274,Foreign_Investor,-149357.0,otc
2026-08-24,6274,Investment_Trust,0.0,otc
2026-08-24,6274,Dealer_Hedging,-149357.0,otc
2026-08-24,6510,Foreign_Investor,-11038.0,otc
2026-08-24,6510,Investment_Trust,0.0,otc
2026-08-24,6510,Dealer_Hedging,-11038.0,otc
2026-08-24,8299,Foreign_Investor,1222196.0,otc
2026-08-24,8299,Investment_Trust,0.0,otc
2026-08-24,8299,Dealer_Hedging,1222196.0,otc
2026-08-24,8358,Foreign_Investor,-2043861.0,otc
2026-08-24,8358,Investment_Trust,0.0,otc
2026-08-24,8358,Dealer_Hedging,-2043861.0,otc
2026-08-25,3037,Foreign_Investor,3068442.0,twse
2026-08-25,3037,Investment_Trust,0.0,twse
2026-08-25,3037,Dealer_Hedging,-1043000.0,twse
2026-08-25,2301,Foreign_Investor,-658104.0,twse
2026-08-25,2301,Investment_Trust,0.0,twse
2026-08-25,2301,Dealer_Hedging,2514697.0,twse
2026-08-25,6285,Foreign_Investor,695443.0,twse
2026-08-25,6285,Investment_Trust,0.0,twse
2026-08-25,6285,Dealer_Hedging,-3000.0,twse
2026-08-25,6451,Foreign_Investor,429429.0,twse
2026-08-25,6451,Investment_Trust,0.0,twse
2026-08-25,6451,Dealer_Hedging,1000.0,twse
2026-08-25,2379,Foreign_Investor,447683.0,twse
2026-08-25,2379,Investment_Trust,0.0,twse
2026-08-25,2379,Dealer_Hedging,18954.0,twse
2026-08-25,2454,Foreign_Investor,415166.0,twse
2026-08-25,2454,Investment_Trust,0.0,twse
2026-08-25,2454,Dealer_Hedging,-149193.0,twse
2026-08-25,3017,Foreign_Investor,88378.0,twse
2026-08-25,3017,Investment_Trust,0.0,twse
2026-08-25,3017,Dealer_Hedging,148000.0,twse
2026-08-25,3044,Foreign_Investor,155914.0,twse
2026-08-25,3044,Investment_Trust,0.0,twse
2026-08-25,3044,Dealer_Hedging,-2029.0,twse
2026-08-25,2368,Foreign_Investor,-82808.0,twse
2026-08-25,2368,Investment_Trust,0.0,twse
2026-08-25,2368,Dealer_Hedging,92978.0,twse
2026-08-25,3665,Foreign_Investor,-89849.0,twse
2026-08-25,3665,Investment_Trust,0.0,twse
2026-08-25,3665,Dealer_Hedging,202992.0,twse
2026-08-25,6669,Foreign_Investor,26632.0,twse
2026-08-25,6669,Investment_Trust,0.0,twse
2026-08-25,6669,Dealer_Hedging,8376.0,twse
2026-08-25,2059,Foreign_Investor,-82957.0,twse
2026-08-25,2059,Investment_Trust,0.0,twse
2026-08-25,2059,Dealer_Hedging,55541.0,twse
2026-08-25,2383,Foreign_Investor,18706.0,twse
2026-08-25,2383,Investment_Trust,0.0,twse
2026-08-25,2383,Dealer_Hedging,-113409.0,twse
2026-08-25,7769,Foreign_Investor,36025.0,twse
2026-08-25,7769,Investment_Trust,0.0,twse
2026-08-25,7769,Dealer_Hedging,-65000.0,twse
2026-08-25,2404,Foreign_Investor,-91861.0,twse
2026-08-25,2404,Investment_Trust,0.0,twse
2026-08-25,2404,Dealer_Hedging,10000.0,twse
2026-08-25,1519,Foreign_Investor,-156419.0,twse
2026-08-25,1519,Investment_Trust,0.0,twse
2026-08-25,1519,Dealer_Hedging,0.0,twse
2026-08-25,8210,Foreign_Investor,-48672.0,twse
2026-08-25,8210,Investment_Trust,0.0,twse
2026-08-25,8210,Dealer_Hedging,-92000.0,twse
2026-08-25,2345,Foreign_Investor,-133143.0,twse
2026-08-25,2345,Investment_Trust,0.0,twse
2026-08-25,2345,Dealer_Hedging,-71500.0,twse
2026-08-25,2330,Foreign_Investor,-1151127.0,twse
2026-08-25,2330,Investment_Trust,0.0,twse
2026-08-25,2330,Dealer_Hedging,324430.0,twse
2026-08-25,3533,Foreign_Investor,-239820.0,twse
2026-08-25,3533,Investment_Trust,0.0,twse
2026-08-25,3533,Dealer_Hedging,-398000.0,twse
2026-08-25,6239,Foreign_Investor,-816523.0,twse
2026-08-25,6239,Investment_Trust,0.0,twse
2026-08-25,6239,Dealer_Hedging,-83000.0,twse
2026-08-25,2359,Foreign_Investor,-758412.0,twse
2026-08-25,2359,Investment_Trust,0.0,twse
2026-08-25,2359,Dealer_Hedging,0.0,twse
2026-08-25,2308,Foreign_Investor,-1875313.0,twse
2026-08-25,2308,Investment_Trust,0.0,twse
2026-08-25,2308,Dealer_Hedging,-97541.0,twse
2026-08-25,2317,Foreign_Investor,-15521575.0,twse
2026-08-25,2317,Investment_Trust,0.0,twse
2026-08-25,2317,Dealer_Hedging,97619.0,twse
2026-08-25,3131,Foreign_Investor,7002.0,otc
2026-08-25,3131,Investment_Trust,0.0,otc
2026-08-25,3131,Dealer_Hedging,7002.0,otc
2026-08-25,3455,Foreign_Investor,207527.0,otc
2026-08-25,3455,Investment_Trust,0.0,otc
2026-08-25,3455,Dealer_Hedging,207527.0,otc
2026-08-25,3491,Foreign_Investor,-323103.0,otc
2026-08-25,3491,Investment_Trust,0.0,otc
2026-08-25,3491,Dealer_Hedging,-323103.0,otc
2026-08-25,5289,Foreign_Investor,-794960.0,otc
2026-08-25,5289,Investment_Trust,0.0,otc
2026-08-25,5289,Dealer_Hedging,-794960.0,otc
2026-08-25,6187,Foreign_Investor,-38756.0,otc
2026-08-25,6187,Investment_Trust,0.0,otc
2026-08-25,6187,Dealer_Hedging,-38756.0,otc
2026-08-25,6274,Foreign_Investor,18244.0,otc
2026-08-25,6274,Investment_Trust,0.0,otc
2026-08-25,6274,Dealer_Hedging,18244.0,otc
2026-08-25,6510,Foreign_Investor,13170.0,otc
2026-08-25,6510,Investment_Trust,0.0,otc
2026-08-25,6510,Dealer_Hedging,13170.0,otc
2026-08-25,8299,Foreign_Investor,-274261.0,otc
2026-08-25,8299,Investment_Trust,0.0,otc
2026-08-25,8299,Dealer_Hedging,-274261.0,otc
2026-08-25,8358,Foreign_Investor,130251.0,otc
2026-08-25,8358,Investment_Trust,0.0,otc
2026-08-25,8358,Dealer_Hedging,130251.0,otc
2026-08-26,2330,Foreign_Investor,5204332.0,twse
2026-08-26,2330,Investment_Trust,0.0,twse
2026-08-26,2330,Dealer_Hedging,-626709.0,twse
2026-08-26,3037,Foreign_Investor,2916764.0,twse
2026-08-26,3037,Investment_Trust,0.0,twse
2026-08-26,3037,Dealer_Hedging,914389.0,twse
2026-08-26,6239,Foreign_Investor,2920876.0,twse
2026-08-26,6239,Investment_Trust,0.0,twse
2026-08-26,6239,Dealer_Hedging,-12000.0,twse
2026-08-26,2454,Foreign_Investor,1231850.0,twse
2026-08-26,2454,Investment_Trust,0.0,twse
2026-08-26,2454,Dealer_Hedging,-110764.0,twse
2026-08-26,6451,Foreign_Investor,1163527.0,twse
2026-08-26,6451,Investment_Trust,0.0,twse
2026-08-26,6451,Dealer_Hedging,0.0,twse
2026-08-26,2308,Foreign_Investor,605855.0,twse
2026-08-26,2308,Investment_Trust,0.0,twse
2026-08-26,2308,Dealer_Hedging,-413112.0,twse
2026-08-26,2368,Foreign_Investor,30618.0,twse
2026-08-26,2368,Investment_Trust,0.0,twse
2026-08-26,2368,Dealer_Hedging,-1158.0,twse
2026-08-26,6285,Foreign_Investor,137025.0,twse
2026-08-26,6285,Investment_Trust,0.0,twse
2026-08-26,6285,Dealer_Hedging,-7170.0,twse
2026-08-26,3044,Foreign_Investor,-76366.0,twse
2026-08-26,3044,Investment_Trust,0.0,twse
2026-08-26,3044,Dealer_Hedging,201996.0,twse
2026-08-26,2379,Foreign_Investor,155087.0,twse
2026-08-26,2379,Investment_Trust,0.0,twse
2026-08-26,2379,Dealer_Hedging,-10006.0,twse
2026-08-26,8210,Foreign_Investor,170851.0,twse
2026-08-26,8210,Investment_Trust,0.0,twse
2026-08-26,8210,Dealer_Hedging,-73000.0,twse
2026-08-26,2059,Foreign_Investor,43045.0,twse
2026-08-26,2059,Investment_Trust,0.0,twse
2026-08-26,2059,Dealer_Hedging,-6716.0,twse
2026-08-26,2383,Foreign_Investor,52099.0,twse
2026-08-26,2383,Investment_Trust,0.0,twse
2026-08-26,2383,Dealer_Hedging,22848.0,twse
2026-08-26,7769,Foreign_Investor,2450.0,twse
2026-08-26,7769,Investment_Trust,0.0,twse
2026-08-26,7769,Dealer_Hedging,-31048.0,twse
2026-08-26,1519,Foreign_Investor,-68479.0,twse
2026-08-26,1519,Investment_Trust,0.0,twse
2026-08-26,1519,Dealer_Hedging,-114.0,twse
2026-08-26,3017,Foreign_Investor,-622069.0,twse
2026-08-26,3017,Investment_Trust,0.0,twse
2026-08-26,3017,Dealer_Hedging,440846.0,twse
2026-08-26,2404,Foreign_Investor,-68623.0,twse
2026-08-26,2404,Investment_Trust,0.0,twse
2026-08-26,2404,Dealer_Hedging,-78.0,twse
2026-08-26,6669,Foreign_Investor,-459725.0,twse
2026-08-26,6669,Investment_Trust,0.0,twse
2026-08-26,6669,Dealer_Hedging,310893.0,twse
2026-08-26,2301,Foreign_Investor,-1903188.0,twse
2026-08-26,2301,Investment_Trust,0.0,twse
2026-08-26,2301,Dealer_Hedging,1186239.0,twse
2026-08-26,2345,Foreign_Investor,325725.0,twse
2026-08-26,2345,Investment_Trust,0.0,twse
2026-08-26,2345,Dealer_Hedging,-616231.0,twse
2026-08-26,3533,Foreign_Investor,-199755.0,twse
2026-08-26,3533,Investment_Trust,0.0,twse
2026-08-26,3533,Dealer_Hedging,-86743.0,twse
2026-08-26,2359,Foreign_Investor,-840819.0,twse
2026-08-26,2359,Investment_Trust,0.0,twse
2026-08-26,2359,Dealer_Hedging,0.0,twse
2026-08-26,3665,Foreign_Investor,-546568.0,twse
2026-08-26,3665,Investment_Trust,0.0,twse
2026-08-26,3665,Dealer_Hedging,-303001.0,twse
2026-08-26,2317,Foreign_Investor,-2071008.0,twse
2026-08-26,2317,Investment_Trust,0.0,twse
2026-08-26,2317,Dealer_Hedging,11683.0,twse
2026-08-26,3131,Foreign_Investor,90495.0,otc
2026-08-26,3131,Investment_Trust,0.0,otc
2026-08-26,3131,Dealer_Hedging,90495.0,otc
2026-08-26,3455,Foreign_Investor,-315967.0,otc
2026-08-26,3455,Investment_Trust,0.0,otc
2026-08-26,3455,Dealer_Hedging,-315967.0,otc
2026-08-26,3491,Foreign_Investor,-100157.0,otc
2026-08-26,3491,Investment_Trust,0.0,otc
2026-08-26,3491,Dealer_Hedging,-100157.0,otc
2026-08-26,5289,Foreign_Investor,-496914.0,otc
2026-08-26,5289,Investment_Trust,0.0,otc
2026-08-26,5289,Dealer_Hedging,-496914.0,otc
2026-08-26,6187,Foreign_Investor,-828581.0,otc
2026-08-26,6187,Investment_Trust,0.0,otc
2026-08-26,6187,Dealer_Hedging,-828581.0,otc
2026-08-26,6274,Foreign_Investor,-1075358.0,otc
2026-08-26,6274,Investment_Trust,0.0,otc
2026-08-26,6274,Dealer_Hedging,-1075358.0,otc
2026-08-26,6510,Foreign_Investor,10475.0,otc
2026-08-26,6510,Investment_Trust,0.0,otc
2026-08-26,6510,Dealer_Hedging,10475.0,otc
2026-08-26,8299,Foreign_Investor,21551.0,otc
2026-08-26,8299,Investment_Trust,0.0,otc
2026-08-26,8299,Dealer_Hedging,21551.0,otc
2026-08-26,8358,Foreign_Investor,1530753.0,otc
2026-08-26,8358,Investment_Trust,0.0,otc
2026-08-26,8358,Dealer_Hedging,1530753.0,otc
2026-08-27,2317,Foreign_Investor,18248973.0,twse
2026-08-27,2317,Investment_Trust,0.0,twse
2026-08-27,2317,Dealer_Hedging,-117203.0,twse
2026-08-27,2330,Foreign_Investor,4500595.0,twse
2026-08-27,2330,Investment_Trust,0.0,twse
2026-08-27,2330,Dealer_Hedging,-265464.0,twse
2026-08-27,1519,Foreign_Investor,732682.0,twse
2026-08-27,1519,Investment_Trust,0.0,twse
2026-08-27,1519,Dealer_Hedging,0.0,twse
2026-08-27,2308,Foreign_Investor,716238.0,twse
2026-08-27,2308,Investment_Trust,0.0,twse
2026-08-27,2308,Dealer_Hedging,281621.0,twse
2026-08-27,3037,Foreign_Investor,181470.0,twse
2026-08-27,3037,Investment_Trust,0.0,twse
2026-08-27,3037,Dealer_Hedging,490416.0,twse
2026-08-27,3017,Foreign_Investor,-383807.0,twse
2026-08-27,3017,Investment_Trust,0.0,twse
2026-08-27,3017,Dealer_Hedging,934092.0,twse
2026-08-27,3044,Foreign_Investor,167510.0,twse
2026-08-27,3044,Investment_Trust,0.0,twse
2026-08-27,3044,Dealer_Hedging,985.0,twse
2026-08-27,3665,Foreign_Investor,85614.0,twse
2026-08-27,3665,Investment_Trust,0.0,twse
2026-08-27,3665,Dealer_Hedging,-86070.0,twse
2026-08-27,7769,Foreign_Investor,70245.0,twse
2026-08-27,7769,Investment_Trust,0.0,twse
2026-08-27,7769,Dealer_Hedging,-46021.0,twse
2026-08-27,2059,Foreign_Investor,27838.0,twse
2026-08-27,2059,Investment_Trust,0.0,twse
2026-08-27,2059,Dealer_Hedging,-48025.0,twse
2026-08-27,2379,Foreign_Investor,-106550.0,twse
2026-08-27,2379,Investment_Trust,0.0,twse
2026-08-27,2379,Dealer_Hedging,-37023.0,twse
2026-08-27,6285,Foreign_Investor,-97080.0,twse
2026-08-27,6285,Investment_Trust,0.0,twse
2026-08-27,6285,Dealer_Hedging,-22000.0,twse
2026-08-27,2345,Foreign_Investor,-115778.0,twse
2026-08-27,2345,Investment_Trust,0.0,twse
2026-08-27,2345,Dealer_Hedging,22818.0,twse
2026-08-27,3533,Foreign_Investor,-178537.0,twse
2026-08-27,3533,Investment_Trust,0.0,twse
2026-08-27,3533,Dealer_Hedging,14000.0,twse
2026-08-27,2368,Foreign_Investor,-185649.0,twse
2026-08-27,2368,Investment_Trust,0.0,twse
2026-08-27,2368,Dealer_Hedging,-15137.0,twse
2026-08-27,6669,Foreign_Investor,-304062.0,twse
2026-08-27,6669,Investment_Trust,0.0,twse
2026-08-27,6669,Dealer_Hedging,-15050.0,twse
2026-08-27,8210,Foreign_Investor,-267807.0,twse
2026-08-27,8210,Investment_Trust,0.0,twse
2026-08-27,8210,Dealer_Hedging,-1000.0,twse
2026-08-27,2301,Foreign_Investor,-3239604.0,twse
2026-08-27,2301,Investment_Trust,0.0,twse
2026-08-27,2301,Dealer_Hedging,3050097.0,twse
2026-08-27,6451,Foreign_Investor,-318346.0,twse
2026-08-27,6451,Investment_Trust,0.0,twse
2026-08-27,6451,Dealer_Hedging,0.0,twse
2026-08-27,2454,Foreign_Investor,-246728.0,twse
2026-08-27,2454,Investment_Trust,0.0,twse
2026-08-27,2454,Dealer_Hedging,-12430.0,twse
2026-08-27,2383,Foreign_Investor,-215364.0,twse
2026-08-27,2383,Investment_Trust,0.0,twse
2026-08-27,2383,Dealer_Hedging,-221112.0,twse
2026-08-27,2404,Foreign_Investor,-439202.0,twse
2026-08-27,2404,Investment_Trust,0.0,twse
2026-08-27,2404,Dealer_Hedging,0.0,twse
2026-08-27,2359,Foreign_Investor,-1906753.0,twse
2026-08-27,2359,Investment_Trust,0.0,twse
2026-08-27,2359,Dealer_Hedging,0.0,twse
2026-08-27,6239,Foreign_Investor,-12845169.0,twse
2026-08-27,6239,Investment_Trust,0.0,twse
2026-08-27,6239,Dealer_Hedging,-475000.0,twse
2026-08-27,3131,Foreign_Investor,64033.0,otc
2026-08-27,3131,Investment_Trust,0.0,otc
2026-08-27,3131,Dealer_Hedging,64033.0,otc
2026-08-27,3455,Foreign_Investor,-438680.0,otc
2026-08-27,3455,Investment_Trust,0.0,otc
2026-08-27,3455,Dealer_Hedging,-438680.0,otc
2026-08-27,3491,Foreign_Investor,-14655.0,otc
2026-08-27,3491,Investment_Trust,0.0,otc
2026-08-27,3491,Dealer_Hedging,-14655.0,otc
2026-08-27,5289,Foreign_Investor,-231738.0,otc
2026-08-27,5289,Investment_Trust,0.0,otc
2026-08-27,5289,Dealer_Hedging,-231738.0,otc
2026-08-27,6187,Foreign_Investor,529510.0,otc
2026-08-27,6187,Investment_Trust,0.0,otc
2026-08-27,6187,Dealer_Hedging,529510.0,otc
2026-08-27,6274,Foreign_Investor,-2004375.0,otc
2026-08-27,6274,Investment_Trust,0.0,otc
2026-08-27,6274,Dealer_Hedging,-2004375.0,otc
2026-08-27,6510,Foreign_Investor,-1072.0,otc
2026-08-27,6510,Investment_Trust,0.0,otc
2026-08-27,6510,Dealer_Hedging,-1072.0,otc
2026-08-27,8299,Foreign_Investor,597482.0,otc
2026-08-27,8299,Investment_Trust,0.0,otc
2026-08-27,8299,Dealer_Hedging,597482.0,otc
2026-08-27,8358,Foreign_Investor,3161902.0,otc
2026-08-27,8358,Investment_Trust,0.0,otc
2026-08-27,8358,Dealer_Hedging,3161902.0,otc
2026-08-28,6239,Foreign_Investor,8790054.0,twse
2026-08-28,6239,Investment_Trust,0.0,twse
2026-08-28,6239,Dealer_Hedging,-4000.0,twse
2026-08-28,2301,Foreign_Investor,4122033.0,twse
2026-08-28,2301,Investment_Trust,0.0,twse
2026-08-28,2301,Dealer_Hedging,778641.0,twse
2026-08-28,3037,Foreign_Investor,3673341.0,twse
2026-08-28,3037,Investment_Trust,0.0,twse
2026-08-28,3037,Dealer_Hedging,-13242.0,twse
2026-08-28,2368,Foreign_Investor,493878.0,twse
2026-08-28,2368,Investment_Trust,0.0,twse
2026-08-28,2368,Dealer_Hedging,667937.0,twse
2026-08-28,2330,Foreign_Investor,3031655.0,twse
2026-08-28,2330,Investment_Trust,0.0,twse
2026-08-28,2330,Dealer_Hedging,-1764995.0,twse
2026-08-28,2454,Foreign_Investor,1096338.0,twse
2026-08-28,2454,Investment_Trust,0.0,twse
2026-08-28,2454,Dealer_Hedging,-117270.0,twse
2026-08-28,2317,Foreign_Investor,1192347.0,twse
2026-08-28,2317,Investment_Trust,0.0,twse
2026-08-28,2317,Dealer_Hedging,307759.0,twse
2026-08-28,8210,Foreign_Investor,697256.0,twse
2026-08-28,8210,Investment_Trust,0.0,twse
2026-08-28,8210,Dealer_Hedging,-12000.0,twse
2026-08-28,3044,Foreign_Investor,646053.0,twse
2026-08-28,3044,Investment_Trust,0.0,twse
2026-08-28,3044,Dealer_Hedging,51000.0,twse
2026-08-28,2308,Foreign_Investor,1163858.0,twse
2026-08-28,2308,Investment_Trust,0.0,twse
2026-08-28,2308,Dealer_Hedging,-731354.0,twse
2026-08-28,3017,Foreign_Investor,-33669.0,twse
2026-08-28,3017,Investment_Trust,0.0,twse
2026-08-28,3017,Dealer_Hedging,626941.0,twse
2026-08-28,6285,Foreign_Investor,528550.0,twse
2026-08-28,6285,Investment_Trust,0.0,twse
2026-08-28,6285,Dealer_Hedging,-140700.0,twse
2026-08-28,6669,Foreign_Investor,2303.0,twse
2026-08-28,6669,Investment_Trust,0.0,twse
2026-08-28,6669,Dealer_Hedging,92981.0,twse
2026-08-28,3533,Foreign_Investor,132965.0,twse
2026-08-28,3533,Investment_Trust,0.0,twse
2026-08-28,3533,Dealer_Hedging,361.0,twse
2026-08-28,2059,Foreign_Investor,102881.0,twse
2026-08-28,2059,Investment_Trust,0.0,twse
2026-08-28,2059,Dealer_Hedging,-58724.0,twse
2026-08-28,7769,Foreign_Investor,157026.0,twse
2026-08-28,7769,Investment_Trust,0.0,twse
2026-08-28,7769,Dealer_Hedging,-130010.0,twse
2026-08-28,2404,Foreign_Investor,-14325.0,twse
2026-08-28,2404,Investment_Trust,0.0,twse
2026-08-28,2404,Dealer_Hedging,0.0,twse
2026-08-28,3665,Foreign_Investor,-441940.0,twse
2026-08-28,3665,Investment_Trust,0.0,twse
2026-08-28,3665,Dealer_Hedging,509967.0,twse
2026-08-28,6451,Foreign_Investor,-125779.0,twse
2026-08-28,6451,Investment_Trust,0.0,twse
2026-08-28,6451,Dealer_Hedging,0.0,twse
2026-08-28,2383,Foreign_Investor,45437.0,twse
2026-08-28,2383,Investment_Trust,0.0,twse
2026-08-28,2383,Dealer_Hedging,-170053.0,twse
2026-08-28,2379,Foreign_Investor,-315011.0,twse
2026-08-28,2379,Investment_Trust,0.0,twse
2026-08-28,2379,Dealer_Hedging,76000.0,twse
2026-08-28,2359,Foreign_Investor,-402000.0,twse
2026-08-28,2359,Investment_Trust,0.0,twse
2026-08-28,2359,Dealer_Hedging,0.0,twse
2026-08-28,2345,Foreign_Investor,-531917.0,twse
2026-08-28,2345,Investment_Trust,0.0,twse
2026-08-28,2345,Dealer_Hedging,-17091.0,twse
2026-08-28,1519,Foreign_Investor,-668326.0,twse
2026-08-28,1519,Investment_Trust,0.0,twse
2026-08-28,1519,Dealer_Hedging,105000.0,twse
2026-08-28,3131,Foreign_Investor,19980.0,otc
2026-08-28,3131,Investment_Trust,0.0,otc
2026-08-28,3131,Dealer_Hedging,19980.0,otc
2026-08-28,3455,Foreign_Investor,-272810.0,otc
2026-08-28,3455,Investment_Trust,0.0,otc
2026-08-28,3455,Dealer_Hedging,-272810.0,otc
2026-08-28,3491,Foreign_Investor,-336781.0,otc
2026-08-28,3491,Investment_Trust,0.0,otc
2026-08-28,3491,Dealer_Hedging,-336781.0,otc
2026-08-28,5289,Foreign_Investor,-469434.0,otc
2026-08-28,5289,Investment_Trust,0.0,otc
2026-08-28,5289,Dealer_Hedging,-469434.0,otc
2026-08-28,6187,Foreign_Investor,345107.0,otc
2026-08-28,6187,Investment_Trust,0.0,otc
2026-08-28,6187,Dealer_Hedging,345107.0,otc
2026-08-28,6274,Foreign_Investor,258097.0,otc
2026-08-28,6274,Investment_Trust,0.0,otc
2026-08-28,6274,Dealer_Hedging,258097.0,otc
2026-08-28,6510,Foreign_Investor,8142.0,otc
2026-08-28,6510,Investment_Trust,0.0,otc
2026-08-28,6510,Dealer_Hedging,8142.0,otc
2026-08-28,8299,Foreign_Investor,-47632.0,otc
2026-08-28,8299,Investment_Trust,0.0,otc
2026-08-28,8299,Dealer_Hedging,-47632.0,otc
2026-08-28,8358,Foreign_Investor,-1193453.0,otc
2026-08-28,8358,Investment_Trust,0.0,otc
2026-08-28,8358,Dealer_Hedging,-1193453.0,otc
2026-08-31,3037,Foreign_Investor,2206912.0,twse
2026-08-31,3037,Investment_Trust,0.0,twse
2026-08-31,3037,Dealer_Hedging,42000.0,twse
2026-08-31,3017,Foreign_Investor,494312.0,twse
2026-08-31,3017,Investment_Trust,0.0,twse
2026-08-31,3017,Dealer_Hedging,-160104.0,twse
2026-08-31,2308,Foreign_Investor,271930.0,twse
2026-08-31,2308,Investment_Trust,0.0,twse
2026-08-31,2308,Dealer_Hedging,37672.0,twse
2026-08-31,3665,Foreign_Investor,280491.0,twse
2026-08-31,3665,Investment_Trust,0.0,twse
2026-08-31,3665,Dealer_Hedging,-17001.0,twse
2026-08-31,2368,Foreign_Investor,-940639.0,twse
2026-08-31,2368,Investment_Trust,0.0,twse
2026-08-31,2368,Dealer_Hedging,1662014.0,twse
2026-08-31,2059,Foreign_Investor,68325.0,twse
2026-08-31,2059,Investment_Trust,0.0,twse
2026-08-31,2059,Dealer_Hedging,-33100.0,twse
2026-08-31,2379,Foreign_Investor,-78062.0,twse
2026-08-31,2379,Investment_Trust,0.0,twse
2026-08-31,2379,Dealer_Hedging,131495.0,twse
2026-08-31,2359,Foreign_Investor,33508.0,twse
2026-08-31,2359,Investment_Trust,0.0,twse
2026-08-31,2359,Dealer_Hedging,0.0,twse
2026-08-31,2383,Foreign_Investor,151663.0,twse
2026-08-31,2383,Investment_Trust,0.0,twse
2026-08-31,2383,Dealer_Hedging,-188105.0,twse
2026-08-31,6451,Foreign_Investor,-153393.0,twse
2026-08-31,6451,Investment_Trust,0.0,twse
2026-08-31,6451,Dealer_Hedging,0.0,twse
2026-08-31,2404,Foreign_Investor,-376919.0,twse
2026-08-31,2404,Investment_Trust,0.0,twse
2026-08-31,2404,Dealer_Hedging,137000.0,twse
2026-08-31,6669,Foreign_Investor,-336977.0,twse
2026-08-31,6669,Investment_Trust,0.0,twse
2026-08-31,6669,Dealer_Hedging,-65101.0,twse
2026-08-31,3533,Foreign_Investor,-275691.0,twse
2026-08-31,3533,Investment_Trust,0.0,twse
2026-08-31,3533,Dealer_Hedging,-1102.0,twse
2026-08-31,3044,Foreign_Investor,91366.0,twse
2026-08-31,3044,Investment_Trust,0.0,twse
2026-08-31,3044,Dealer_Hedging,-481000.0,twse
2026-08-31,6285,Foreign_Investor,-320060.0,twse
2026-08-31,6285,Investment_Trust,0.0,twse
2026-08-31,6285,Dealer_Hedging,-126630.0,twse
2026-08-31,8210,Foreign_Investor,-495357.0,twse
2026-08-31,8210,Investment_Trust,0.0,twse
2026-08-31,8210,Dealer_Hedging,-50000.0,twse
2026-08-31,7769,Foreign_Investor,-246230.0,twse
2026-08-31,7769,Investment_Trust,0.0,twse
2026-08-31,7769,Dealer_Hedging,-327001.0,twse
2026-08-31,1519,Foreign_Investor,-683446.0,twse
2026-08-31,1519,Investment_Trust,0.0,twse
2026-08-31,1519,Dealer_Hedging,-3.0,twse
2026-08-31,2454,Foreign_Investor,-613435.0,twse
2026-08-31,2454,Investment_Trust,0.0,twse
2026-08-31,2454,Dealer_Hedging,-262089.0,twse
2026-08-31,2345,Foreign_Investor,-284371.0,twse
2026-08-31,2345,Investment_Trust,0.0,twse
2026-08-31,2345,Dealer_Hedging,-1042007.0,twse
2026-08-31,2301,Foreign_Investor,-4476948.0,twse
2026-08-31,2301,Investment_Trust,0.0,twse
2026-08-31,2301,Dealer_Hedging,330974.0,twse
2026-08-31,2317,Foreign_Investor,-3855072.0,twse
2026-08-31,2317,Investment_Trust,0.0,twse
2026-08-31,2317,Dealer_Hedging,24574.0,twse
2026-08-31,2330,Foreign_Investor,-4554240.0,twse
2026-08-31,2330,Investment_Trust,0.0,twse
2026-08-31,2330,Dealer_Hedging,-976130.0,twse
2026-08-31,6239,Foreign_Investor,-6544963.0,twse
2026-08-31,6239,Investment_Trust,0.0,twse
2026-08-31,6239,Dealer_Hedging,0.0,twse
2026-08-31,3131,Foreign_Investor,176208.0,otc
2026-08-31,3131,Investment_Trust,0.0,otc
2026-08-31,3131,Dealer_Hedging,176208.0,otc
2026-08-31,3455,Foreign_Investor,-231911.0,otc
2026-08-31,3455,Investment_Trust,0.0,otc
2026-08-31,3455,Dealer_Hedging,-231911.0,otc
2026-08-31,3491,Foreign_Investor,-243825.0,otc
2026-08-31,3491,Investment_Trust,0.0,otc
2026-08-31,3491,Dealer_Hedging,-243825.0,otc
2026-08-31,5289,Foreign_Investor,-152676.0,otc
2026-08-31,5289,Investment_Trust,0.0,otc
2026-08-31,5289,Dealer_Hedging,-152676.0,otc
2026-08-31,6187,Foreign_Investor,-36018.0,otc
2026-08-31,6187,Investment_Trust,0.0,otc
2026-08-31,6187,Dealer_Hedging,-36018.0,otc
2026-08-31,6274,Foreign_Investor,1128822.0,otc
2026-08-31,6274,Investment_Trust,0.0,otc
2026-08-31,6274,Dealer_Hedging,1128822.0,otc
2026-08-31,6510,Foreign_Investor,-34797.0,otc
2026-08-31,6510,Investment_Trust,0.0,otc
2026-08-31,6510,Dealer_Hedging,-34797.0,otc
2026-08-31,8299,Foreign_Investor,422100.0,otc
2026-08-31,8299,Investment_Trust,0.0,otc
2026-08-31,8299,Dealer_Hedging,422100.0,otc
2026-08-31,8358,Foreign_Investor,3516144.0,otc
2026-08-31,8358,Investment_Trust,0.0,otc
2026-08-31,8358,Dealer_Hedging,3516144.0,otc
2026-09-01,2317,Foreign_Investor,13474127.0,twse
2026-09-01,2317,Investment_Trust,0.0,twse
2026-09-01,2317,Dealer_Hedging,698763.0,twse
2026-09-01,2330,Foreign_Investor,5730863.0,twse
2026-09-01,2330,Investment_Trust,0.0,twse
2026-09-01,2330,Dealer_Hedging,103869.0,twse
2026-09-01,6239,Foreign_Investor,4130258.0,twse
2026-09-01,6239,Investment_Trust,0.0,twse
2026-09-01,6239,Dealer_Hedging,271196.0,twse
2026-09-01,3037,Foreign_Investor,4270266.0,twse
2026-09-01,3037,Investment_Trust,0.0,twse
2026-09-01,3037,Dealer_Hedging,-2554677.0,twse
2026-09-01,6285,Foreign_Investor,1204019.0,twse
2026-09-01,6285,Investment_Trust,0.0,twse
2026-09-01,6285,Dealer_Hedging,-180934.0,twse
2026-09-01,1519,Foreign_Investor,737890.0,twse
2026-09-01,1519,Investment_Trust,0.0,twse
2026-09-01,1519,Dealer_Hedging,15000.0,twse
2026-09-01,3044,Foreign_Investor,105926.0,twse
2026-09-01,3044,Investment_Trust,0.0,twse
2026-09-01,3044,Dealer_Hedging,388913.0,twse
2026-09-01,2379,Foreign_Investor,-491140.0,twse
2026-09-01,2379,Investment_Trust,0.0,twse
2026-09-01,2379,Dealer_Hedging,817046.0,twse
2026-09-01,8210,Foreign_Investor,541633.0,twse
2026-09-01,8210,Investment_Trust,0.0,twse
2026-09-01,8210,Dealer_Hedging,-184000.0,twse
2026-09-01,3533,Foreign_Investor,301366.0,twse
2026-09-01,3533,Investment_Trust,0.0,twse
2026-09-01,3533,Dealer_Hedging,-28000.0,twse
2026-09-01,3665,Foreign_Investor,-378563.0,twse
2026-09-01,3665,Investment_Trust,0.0,twse
2026-09-01,3665,Dealer_Hedging,621976.0,twse
2026-09-01,2404,Foreign_Investor,208267.0,twse
2026-09-01,2404,Investment_Trust,0.0,twse
2026-09-01,2404,Dealer_Hedging,-17000.0,twse
2026-09-01,2345,Foreign_Investor,359517.0,twse
2026-09-01,2345,Investment_Trust,0.0,twse
2026-09-01,2345,Dealer_Hedging,-337800.0,twse
2026-09-01,2059,Foreign_Investor,41916.0,twse
2026-09-01,2059,Investment_Trust,0.0,twse
2026-09-01,2059,Dealer_Hedging,-24029.0,twse
2026-09-01,2308,Foreign_Investor,-498601.0,twse
2026-09-01,2308,Investment_Trust,0.0,twse
2026-09-01,2308,Dealer_Hedging,368904.0,twse
2026-09-01,3017,Foreign_Investor,-176363.0,twse
2026-09-01,3017,Investment_Trust,0.0,twse
2026-09-01,3017,Dealer_Hedging,176000.0,twse
2026-09-01,6669,Foreign_Investor,-432783.0,twse
2026-09-01,6669,Investment_Trust,0.0,twse
2026-09-01,6669,Dealer_Hedging,18497.0,twse
2026-09-01,2383,Foreign_Investor,-188606.0,twse
2026-09-01,2383,Investment_Trust,0.0,twse
2026-09-01,2383,Dealer_Hedging,113058.0,twse
2026-09-01,2454,Foreign_Investor,-339475.0,twse
2026-09-01,2454,Investment_Trust,0.0,twse
2026-09-01,2454,Dealer_Hedging,-2906.0,twse
2026-09-01,7769,Foreign_Investor,309898.0,twse
2026-09-01,7769,Investment_Trust,0.0,twse
2026-09-01,7769,Dealer_Hedging,-415900.0,twse
2026-09-01,6451,Foreign_Investor,-263653.0,twse
2026-09-01,6451,Investment_Trust,0.0,twse
2026-09-01,6451,Dealer_Hedging,0.0,twse
2026-09-01,2359,Foreign_Investor,-1215851.0,twse
2026-09-01,2359,Investment_Trust,0.0,twse
2026-09-01,2359,Dealer_Hedging,0.0,twse
2026-09-01,2368,Foreign_Investor,-4152840.0,twse
2026-09-01,2368,Investment_Trust,0.0,twse
2026-09-01,2368,Dealer_Hedging,2129932.0,twse
2026-09-01,2301,Foreign_Investor,-3168179.0,twse
2026-09-01,2301,Investment_Trust,0.0,twse
2026-09-01,2301,Dealer_Hedging,246943.0,twse
2026-09-01,3131,Foreign_Investor,-16153.0,otc
2026-09-01,3131,Investment_Trust,0.0,otc
2026-09-01,3131,Dealer_Hedging,-16153.0,otc
2026-09-01,3455,Foreign_Investor,-88517.0,otc
2026-09-01,3455,Investment_Trust,0.0,otc
2026-09-01,3455,Dealer_Hedging,-88517.0,otc
2026-09-01,3491,Foreign_Investor,-108568.0,otc
2026-09-01,3491,Investment_Trust,0.0,otc
2026-09-01,3491,Dealer_Hedging,-108568.0,otc
2026-09-01,5289,Foreign_Investor,-93836.0,otc
2026-09-01,5289,Investment_Trust,0.0,otc
2026-09-01,5289,Dealer_Hedging,-93836.0,otc
2026-09-01,6187,Foreign_Investor,-631904.0,otc
2026-09-01,6187,Investment_Trust,0.0,otc
2026-09-01,6187,Dealer_Hedging,-631904.0,otc
2026-09-01,6274,Foreign_Investor,526168.0,otc
2026-09-01,6274,Investment_Trust,0.0,otc
2026-09-01,6274,Dealer_Hedging,526168.0,otc
2026-09-01,6510,Foreign_Investor,-113907.0,otc
2026-09-01,6510,Investment_Trust,0.0,otc
2026-09-01,6510,Dealer_Hedging,-113907.0,otc
2026-09-01,8299,Foreign_Investor,-788377.0,otc
2026-09-01,8299,Investment_Trust,0.0,otc
2026-09-01,8299,Dealer_Hedging,-788377.0,otc
2026-09-01,8358,Foreign_Investor,-3546703.0,otc
2026-09-01,8358,Investment_Trust,0.0,otc
2026-09-01,8358,Dealer_Hedging,-3546703.0,otc
2026-09-02,2301,Foreign_Investor,3072958.0,twse
2026-09-02,2301,Investment_Trust,0.0,twse
2026-09-02,2301,Dealer_Hedging,749730.0,twse
2026-09-02,7769,Foreign_Investor,165480.0,twse
2026-09-02,7769,Investment_Trust,0.0,twse
2026-09-02,7769,Dealer_Hedging,-76031.0,twse
2026-09-02,3044,Foreign_Investor,-73716.0,twse
2026-09-02,3044,Investment_Trust,0.0,twse
2026-09-02,3044,Dealer_Hedging,130985.0,twse
2026-09-02,3017,Foreign_Investor,296188.0,twse
2026-09-02,3017,Investment_Trust,0.0,twse
2026-09-02,3017,Dealer_Hedging,-242676.0,twse
2026-09-02,2059,Foreign_Investor,-32745.0,twse
2026-09-02,2059,Investment_Trust,0.0,twse
2026-09-02,2059,Dealer_Hedging,-22035.0,twse
2026-09-02,6451,Foreign_Investor,-173533.0,twse
2026-09-02,6451,Investment_Trust,0.0,twse
2026-09-02,6451,Dealer_Hedging,0.0,twse
2026-09-02,3533,Foreign_Investor,-73924.0,twse
2026-09-02,3533,Investment_Trust,0.0,twse
2026-09-02,3533,Dealer_Hedging,-2000.0,twse
2026-09-02,8210,Foreign_Investor,-166989.0,twse
2026-09-02,8210,Investment_Trust,0.0,twse
2026-09-02,8210,Dealer_Hedging,38000.0,twse
2026-09-02,1519,Foreign_Investor,-300986.0,twse
2026-09-02,1519,Investment_Trust,0.0,twse
2026-09-02,1519,Dealer_Hedging,140000.0,twse
2026-09-02,6285,Foreign_Investor,161060.0,twse
2026-09-02,6285,Investment_Trust,0.0,twse
2026-09-02,6285,Dealer_Hedging,-290521.0,twse
2026-09-02,2379,Foreign_Investor,-787082.0,twse
2026-09-02,2379,Investment_Trust,0.0,twse
2026-09-02,2379,Dealer_Hedging,580977.0,twse
2026-09-02,2454,Foreign_Investor,-1221759.0,twse
2026-09-02,2454,Investment_Trust,0.0,twse
2026-09-02,2454,Dealer_Hedging,851091.0,twse
2026-09-02,2383,Foreign_Investor,-215736.0,twse
2026-09-02,2383,Investment_Trust,0.0,twse
2026-09-02,2383,Dealer_Hedging,-120165.0,twse
2026-09-02,2359,Foreign_Investor,-367430.0,twse
2026-09-02,2359,Investment_Trust,0.0,twse
2026-09-02,2359,Dealer_Hedging,0.0,twse
2026-09-02,2345,Foreign_Investor,-301815.0,twse
2026-09-02,2345,Investment_Trust,0.0,twse
2026-09-02,2345,Dealer_Hedging,-446283.0,twse
2026-09-02,2368,Foreign_Investor,-1545400.0,twse
2026-09-02,2368,Investment_Trust,0.0,twse
2026-09-02,2368,Dealer_Hedging,724800.0,twse
2026-09-02,3037,Foreign_Investor,32792.0,twse
2026-09-02,3037,Investment_Trust,0.0,twse
2026-09-02,3037,Dealer_Hedging,-1360727.0,twse
2026-09-02,3665,Foreign_Investor,-1139056.0,twse
2026-09-02,3665,Investment_Trust,0.0,twse
2026-09-02,3665,Dealer_Hedging,-71102.0,twse
2026-09-02,2404,Foreign_Investor,-1407652.0,twse
2026-09-02,2404,Investment_Trust,0.0,twse
2026-09-02,2404,Dealer_Hedging,23000.0,twse
2026-09-02,6239,Foreign_Investor,-2137724.0,twse
2026-09-02,6239,Investment_Trust,0.0,twse
2026-09-02,6239,Dealer_Hedging,-53000.0,twse
2026-09-02,6669,Foreign_Investor,-3014199.0,twse
2026-09-02,6669,Investment_Trust,0.0,twse
2026-09-02,6669,Dealer_Hedging,-62069.0,twse
2026-09-02,2308,Foreign_Investor,-7029725.0,twse
2026-09-02,2308,Investment_Trust,0.0,twse
2026-09-02,2308,Dealer_Hedging,-1031102.0,twse
2026-09-02,2317,Foreign_Investor,-8419195.0,twse
2026-09-02,2317,Investment_Trust,0.0,twse
2026-09-02,2317,Dealer_Hedging,222708.0,twse
2026-09-02,2330,Foreign_Investor,-11986983.0,twse
2026-09-02,2330,Investment_Trust,0.0,twse
2026-09-02,2330,Dealer_Hedging,-836745.0,twse
2026-09-02,3131,Foreign_Investor,-6803.0,otc
2026-09-02,3131,Investment_Trust,0.0,otc
2026-09-02,3131,Dealer_Hedging,-6803.0,otc
2026-09-02,3455,Foreign_Investor,-270343.0,otc
2026-09-02,3455,Investment_Trust,0.0,otc
2026-09-02,3455,Dealer_Hedging,-270343.0,otc
2026-09-02,3491,Foreign_Investor,-414430.0,otc
2026-09-02,3491,Investment_Trust,0.0,otc
2026-09-02,3491,Dealer_Hedging,-414430.0,otc
2026-09-02,5289,Foreign_Investor,-213345.0,otc
2026-09-02,5289,Investment_Trust,0.0,otc
2026-09-02,5289,Dealer_Hedging,-213345.0,otc
2026-09-02,6187,Foreign_Investor,-55313.0,otc
2026-09-02,6187,Investment_Trust,0.0,otc
2026-09-02,6187,Dealer_Hedging,-55313.0,otc
2026-09-02,6274,Foreign_Investor,58182.0,otc
2026-09-02,6274,Investment_Trust,0.0,otc
2026-09-02,6274,Dealer_Hedging,58182.0,otc
2026-09-02,6510,Foreign_Investor,-589318.0,otc
2026-09-02,6510,Investment_Trust,0.0,otc
2026-09-02,6510,Dealer_Hedging,-589318.0,otc
2026-09-02,8299,Foreign_Investor,484437.0,otc
2026-09-02,8299,Investment_Trust,0.0,otc
2026-09-02,8299,Dealer_Hedging,484437.0,otc
2026-09-02,8358,Foreign_Investor,482416.0,otc
2026-09-02,8358,Investment_Trust,0.0,otc
2026-09-02,8358,Dealer_Hedging,482416.0,otc
2026-09-03,2308,Foreign_Investor,2108352.0,twse
2026-09-03,2308,Investment_Trust,0.0,twse
2026-09-03,2308,Dealer_Hedging,137504.0,twse
2026-09-03,2454,Foreign_Investor,1172391.0,twse
2026-09-03,2454,Investment_Trust,0.0,twse
2026-09-03,2454,Dealer_Hedging,451055.0,twse
2026-09-03,3017,Foreign_Investor,375859.0,twse
2026-09-03,3017,Investment_Trust,0.0,twse
2026-09-03,3017,Dealer_Hedging,104000.0,twse
2026-09-03,7769,Foreign_Investor,167333.0,twse
2026-09-03,7769,Investment_Trust,0.0,twse
2026-09-03,7769,Dealer_Hedging,-13500.0,twse
2026-09-03,2368,Foreign_Investor,1453645.0,twse
2026-09-03,2368,Investment_Trust,0.0,twse
2026-09-03,2368,Dealer_Hedging,-1298000.0,twse
2026-09-03,2404,Foreign_Investor,102275.0,twse
2026-09-03,2404,Investment_Trust,0.0,twse
2026-09-03,2404,Dealer_Hedging,-5000.0,twse
2026-09-03,3044,Foreign_Investor,37917.0,twse
2026-09-03,3044,Investment_Trust,0.0,twse
2026-09-03,3044,Dealer_Hedging,68000.0,twse
2026-09-03,3533,Foreign_Investor,3835.0,twse
2026-09-03,3533,Investment_Trust,0.0,twse
2026-09-03,3533,Dealer_Hedging,-37361.0,twse
2026-09-03,8210,Foreign_Investor,-26084.0,twse
2026-09-03,8210,Investment_Trust,0.0,twse
2026-09-03,8210,Dealer_Hedging,-11000.0,twse
2026-09-03,2059,Foreign_Investor,-15792.0,twse
2026-09-03,2059,Investment_Trust,0.0,twse
2026-09-03,2059,Dealer_Hedging,-85286.0,twse
2026-09-03,2383,Foreign_Investor,-151720.0,twse
2026-09-03,2383,Investment_Trust,0.0,twse
2026-09-03,2383,Dealer_Hedging,-99500.0,twse
2026-09-03,1519,Foreign_Investor,-327143.0,twse
2026-09-03,1519,Investment_Trust,0.0,twse
2026-09-03,1519,Dealer_Hedging,1000.0,twse
2026-09-03,2345,Foreign_Investor,-245551.0,twse
2026-09-03,2345,Investment_Trust,0.0,twse
2026-09-03,2345,Dealer_Hedging,-353000.0,twse
2026-09-03,6285,Foreign_Investor,-90851.0,twse
2026-09-03,6285,Investment_Trust,0.0,twse
2026-09-03,6285,Dealer_Hedging,-310465.0,twse
2026-09-03,6239,Foreign_Investor,-473546.0,twse
2026-09-03,6239,Investment_Trust,0.0,twse
2026-09-03,6239,Dealer_Hedging,-118000.0,twse
2026-09-03,3665,Foreign_Investor,-723938.0,twse
2026-09-03,3665,Investment_Trust,0.0,twse
2026-09-03,3665,Dealer_Hedging,-7000.0,twse
2026-09-03,2330,Foreign_Investor,-960755.0,twse
2026-09-03,2330,Investment_Trust,0.0,twse
2026-09-03,2330,Dealer_Hedging,51332.0,twse
2026-09-03,2379,Foreign_Investor,-1530340.0,twse
2026-09-03,2379,Investment_Trust,0.0,twse
2026-09-03,2379,Dealer_Hedging,418000.0,twse
2026-09-03,6669,Foreign_Investor,-1881390.0,twse
2026-09-03,6669,Investment_Trust,0.0,twse
2026-09-03,6669,Dealer_Hedging,394000.0,twse
2026-09-03,3037,Foreign_Investor,209682.0,twse
2026-09-03,3037,Investment_Trust,0.0,twse
2026-09-03,3037,Dealer_Hedging,-1912000.0,twse
2026-09-03,2359,Foreign_Investor,-2194950.0,twse
2026-09-03,2359,Investment_Trust,0.0,twse
2026-09-03,2359,Dealer_Hedging,0.0,twse
2026-09-03,2317,Foreign_Investor,-2322698.0,twse
2026-09-03,2317,Investment_Trust,0.0,twse
2026-09-03,2317,Dealer_Hedging,-248444.0,twse
2026-09-03,6451,Foreign_Investor,-4001264.0,twse
2026-09-03,6451,Investment_Trust,0.0,twse
2026-09-03,6451,Dealer_Hedging,0.0,twse
2026-09-03,2301,Foreign_Investor,-7190766.0,twse
2026-09-03,2301,Investment_Trust,0.0,twse
2026-09-03,2301,Dealer_Hedging,352000.0,twse
2026-09-03,3131,Foreign_Investor,-576.0,otc
2026-09-03,3131,Investment_Trust,0.0,otc
2026-09-03,3131,Dealer_Hedging,-576.0,otc
2026-09-03,3455,Foreign_Investor,-263940.0,otc
2026-09-03,3455,Investment_Trust,0.0,otc
2026-09-03,3455,Dealer_Hedging,-263940.0,otc
2026-09-03,3491,Foreign_Investor,-148740.0,otc
2026-09-03,3491,Investment_Trust,0.0,otc
2026-09-03,3491,Dealer_Hedging,-148740.0,otc
2026-09-03,5289,Foreign_Investor,-302284.0,otc
2026-09-03,5289,Investment_Trust,0.0,otc
2026-09-03,5289,Dealer_Hedging,-302284.0,otc
2026-09-03,6187,Foreign_Investor,-125585.0,otc
2026-09-03,6187,Investment_Trust,0.0,otc
2026-09-03,6187,Dealer_Hedging,-125585.0,otc
2026-09-03,6274,Foreign_Investor,77476.0,otc
2026-09-03,6274,Investment_Trust,0.0,otc
2026-09-03,6274,Dealer_Hedging,77476.0,otc
2026-09-03,6510,Foreign_Investor,-613798.0,otc
2026-09-03,6510,Investment_Trust,0.0,otc
2026-09-03,6510,Dealer_Hedging,-613798.0,otc
2026-09-03,8299,Foreign_Investor,65014.0,otc
2026-09-03,8299,Investment_Trust,0.0,otc
2026-09-03,8299,Dealer_Hedging,65014.0,otc
2026-09-03,8358,Foreign_Investor,446675.0,otc
2026-09-03,8358,Investment_Trust,0.0,otc
2026-09-03,8358,Dealer_Hedging,446675.0,otc
2026-09-04,2317,Foreign_Investor,26407791.0,twse
2026-09-04,2317,Investment_Trust,0.0,twse
2026-09-04,2317,Dealer_Hedging,1155278.0,twse
2026-09-04,2301,Foreign_Investor,4774853.0,twse
2026-09-04,2301,Investment_Trust,0.0,twse
2026-09-04,2301,Dealer_Hedging,512000.0,twse
2026-09-04,2330,Foreign_Investor,1885085.0,twse
2026-09-04,2330,Investment_Trust,0.0,twse
2026-09-04,2330,Dealer_Hedging,-328024.0,twse
2026-09-04,2308,Foreign_Investor,1406988.0,twse
2026-09-04,2308,Investment_Trust,0.0,twse
2026-09-04,2308,Dealer_Hedging,365940.0,twse
2026-09-04,6285,Foreign_Investor,1148676.0,twse
2026-09-04,6285,Investment_Trust,0.0,twse
2026-09-04,6285,Dealer_Hedging,-213375.0,twse
2026-09-04,2454,Foreign_Investor,534504.0,twse
2026-09-04,2454,Investment_Trust,0.0,twse
2026-09-04,2454,Dealer_Hedging,349561.0,twse
2026-09-04,3017,Foreign_Investor,448987.0,twse
2026-09-04,3017,Investment_Trust,0.0,twse
2026-09-04,3017,Dealer_Hedging,462500.0,twse
2026-09-04,2359,Foreign_Investor,438279.0,twse
2026-09-04,2359,Investment_Trust,0.0,twse
2026-09-04,2359,Dealer_Hedging,0.0,twse
2026-09-04,1519,Foreign_Investor,282634.0,twse
2026-09-04,1519,Investment_Trust,0.0,twse
2026-09-04,1519,Dealer_Hedging,1000.0,twse
2026-09-04,8210,Foreign_Investor,174344.0,twse
2026-09-04,8210,Investment_Trust,0.0,twse
2026-09-04,8210,Dealer_Hedging,-6000.0,twse
2026-09-04,3665,Foreign_Investor,-283417.0,twse
2026-09-04,3665,Investment_Trust,0.0,twse
2026-09-04,3665,Dealer_Hedging,333000.0,twse
2026-09-04,7769,Foreign_Investor,40559.0,twse
2026-09-04,7769,Investment_Trust,0.0,twse
2026-09-04,7769,Dealer_Hedging,-6000.0,twse
2026-09-04,2379,Foreign_Investor,-182315.0,twse
2026-09-04,2379,Investment_Trust,0.0,twse
2026-09-04,2379,Dealer_Hedging,142000.0,twse
2026-09-04,2059,Foreign_Investor,86229.0,twse
2026-09-04,2059,Investment_Trust,0.0,twse
2026-09-04,2059,Dealer_Hedging,-59500.0,twse
2026-09-04,3533,Foreign_Investor,-8417.0,twse
2026-09-04,3533,Investment_Trust,0.0,twse
2026-09-04,3533,Dealer_Hedging,-1000.0,twse
2026-09-04,6451,Foreign_Investor,-89609.0,twse
2026-09-04,6451,Investment_Trust,0.0,twse
2026-09-04,6451,Dealer_Hedging,0.0,twse
2026-09-04,2404,Foreign_Investor,-150882.0,twse
2026-09-04,2404,Investment_Trust,0.0,twse
2026-09-04,2404,Dealer_Hedging,14000.0,twse
2026-09-04,2383,Foreign_Investor,-20749.0,twse
2026-09-04,2383,Investment_Trust,0.0,twse
2026-09-04,2383,Dealer_Hedging,-208500.0,twse
2026-09-04,6669,Foreign_Investor,-432408.0,twse
2026-09-04,6669,Investment_Trust,0.0,twse
2026-09-04,6669,Dealer_Hedging,325544.0,twse
2026-09-04,2345,Foreign_Investor,-265365.0,twse
2026-09-04,2345,Investment_Trust,0.0,twse
2026-09-04,2345,Dealer_Hedging,-63900.0,twse
2026-09-04,3044,Foreign_Investor,-339036.0,twse
2026-09-04,3044,Investment_Trust,0.0,twse
2026-09-04,3044,Dealer_Hedging,31000.0,twse
2026-09-04,6239,Foreign_Investor,-927418.0,twse
2026-09-04,6239,Investment_Trust,0.0,twse
2026-09-04,6239,Dealer_Hedging,-116000.0,twse
2026-09-04,2368,Foreign_Investor,-1463009.0,twse
2026-09-04,2368,Investment_Trust,0.0,twse
2026-09-04,2368,Dealer_Hedging,103000.0,twse
2026-09-04,3037,Foreign_Investor,2585200.0,twse
2026-09-04,3037,Investment_Trust,0.0,twse
2026-09-04,3037,Dealer_Hedging,-4448000.0,twse
2026-09-04,3131,Foreign_Investor,-27131.0,otc
2026-09-04,3131,Investment_Trust,0.0,otc
2026-09-04,3131,Dealer_Hedging,-27131.0,otc
2026-09-04,3455,Foreign_Investor,-4078.0,otc
2026-09-04,3455,Investment_Trust,0.0,otc
2026-09-04,3455,Dealer_Hedging,-4078.0,otc
2026-09-04,3491,Foreign_Investor,-2920.0,otc
2026-09-04,3491,Investment_Trust,0.0,otc
2026-09-04,3491,Dealer_Hedging,-2920.0,otc
2026-09-04,5289,Foreign_Investor,-112989.0,otc
2026-09-04,5289,Investment_Trust,0.0,otc
2026-09-04,5289,Dealer_Hedging,-112989.0,otc
2026-09-04,6187,Foreign_Investor,-101815.0,otc
2026-09-04,6187,Investment_Trust,0.0,otc
2026-09-04,6187,Dealer_Hedging,-101815.0,otc
2026-09-04,6274,Foreign_Investor,1025403.0,otc
2026-09-04,6274,Investment_Trust,0.0,otc
2026-09-04,6274,Dealer_Hedging,1025403.0,otc
2026-09-04,6510,Foreign_Investor,-381396.0,otc
2026-09-04,6510,Investment_Trust,0.0,otc
2026-09-04,6510,Dealer_Hedging,-381396.0,otc
2026-09-04,8299,Foreign_Investor,122140.0,otc
2026-09-04,8299,Investment_Trust,0.0,otc
2026-09-04,8299,Dealer_Hedging,122140.0,otc
2026-09-04,8358,Foreign_Investor,908089.0,otc
2026-09-04,8358,Investment_Trust,0.0,otc
2026-09-04,8358,Dealer_Hedging,908089.0,otc
2026-09-07,2330,Foreign_Investor,16135314.0,twse
2026-09-07,2330,Investment_Trust,0.0,twse
2026-09-07,2330,Dealer_Hedging,-367588.0,twse
2026-09-07,2454,Foreign_Investor,2913002.0,twse
2026-09-07,2454,Investment_Trust,0.0,twse
2026-09-07,2454,Dealer_Hedging,911729.0,twse
2026-09-07,3037,Foreign_Investor,1079698.0,twse
2026-09-07,3037,Investment_Trust,0.0,twse
2026-09-07,3037,Dealer_Hedging,360000.0,twse
2026-09-07,6239,Foreign_Investor,1441177.0,twse
2026-09-07,6239,Investment_Trust,0.0,twse
2026-09-07,6239,Dealer_Hedging,-12392.0,twse
2026-09-07,2368,Foreign_Investor,166760.0,twse
2026-09-07,2368,Investment_Trust,0.0,twse
2026-09-07,2368,Dealer_Hedging,639972.0,twse
2026-09-07,1519,Foreign_Investor,483735.0,twse
2026-09-07,1519,Investment_Trust,0.0,twse
2026-09-07,1519,Dealer_Hedging,112000.0,twse
2026-09-07,7769,Foreign_Investor,339158.0,twse
2026-09-07,7769,Investment_Trust,0.0,twse
2026-09-07,7769,Dealer_Hedging,60000.0,twse
2026-09-07,2308,Foreign_Investor,186882.0,twse
2026-09-07,2308,Investment_Trust,0.0,twse
2026-09-07,2308,Dealer_Hedging,-9759.0,twse
2026-09-07,2404,Foreign_Investor,167840.0,twse
2026-09-07,2404,Investment_Trust,0.0,twse
2026-09-07,2404,Dealer_Hedging,33000.0,twse
2026-09-07,2383,Foreign_Investor,131003.0,twse
2026-09-07,2383,Investment_Trust,0.0,twse
2026-09-07,2383,Dealer_Hedging,35489.0,twse
2026-09-07,3044,Foreign_Investor,15964.0,twse
2026-09-07,3044,Investment_Trust,0.0,twse
2026-09-07,3044,Dealer_Hedging,37964.0,twse
2026-09-07,2345,Foreign_Investor,13602.0,twse
2026-09-07,2345,Investment_Trust,0.0,twse
2026-09-07,2345,Dealer_Hedging,32130.0,twse
2026-09-07,3533,Foreign_Investor,13167.0,twse
2026-09-07,3533,Investment_Trust,0.0,twse
2026-09-07,3533,Dealer_Hedging,0.0,twse
2026-09-07,6451,Foreign_Investor,-4041.0,twse
2026-09-07,6451,Investment_Trust,0.0,twse
2026-09-07,6451,Dealer_Hedging,0.0,twse
2026-09-07,2059,Foreign_Investor,-23187.0,twse
2026-09-07,2059,Investment_Trust,0.0,twse
2026-09-07,2059,Dealer_Hedging,20988.0,twse
2026-09-07,2379,Foreign_Investor,-226011.0,twse
2026-09-07,2379,Investment_Trust,0.0,twse
2026-09-07,2379,Dealer_Hedging,130568.0,twse
2026-09-07,2359,Foreign_Investor,-123856.0,twse
2026-09-07,2359,Investment_Trust,0.0,twse
2026-09-07,2359,Dealer_Hedging,0.0,twse
2026-09-07,3017,Foreign_Investor,-811711.0,twse
2026-09-07,3017,Investment_Trust,0.0,twse
2026-09-07,3017,Dealer_Hedging,207000.0,twse
2026-09-07,3665,Foreign_Investor,-615935.0,twse
2026-09-07,3665,Investment_Trust,0.0,twse
2026-09-07,3665,Dealer_Hedging,2990.0,twse
2026-09-07,6285,Foreign_Investor,-780254.0,twse
2026-09-07,6285,Investment_Trust,0.0,twse
2026-09-07,6285,Dealer_Hedging,-39675.0,twse
2026-09-07,8210,Foreign_Investor,-675999.0,twse
2026-09-07,8210,Investment_Trust,0.0,twse
2026-09-07,8210,Dealer_Hedging,-332000.0,twse
2026-09-07,6669,Foreign_Investor,-1105688.0,twse
2026-09-07,6669,Investment_Trust,0.0,twse
2026-09-07,6669,Dealer_Hedging,-748621.0,twse
2026-09-07,2317,Foreign_Investor,-2609789.0,twse
2026-09-07,2317,Investment_Trust,0.0,twse
2026-09-07,2317,Dealer_Hedging,39195.0,twse
2026-09-07,2301,Foreign_Investor,-9722056.0,twse
2026-09-07,2301,Investment_Trust,0.0,twse
2026-09-07,2301,Dealer_Hedging,112018.0,twse
2026-09-07,3131,Foreign_Investor,244496.0,otc
2026-09-07,3131,Investment_Trust,0.0,otc
2026-09-07,3131,Dealer_Hedging,244496.0,otc
2026-09-07,3455,Foreign_Investor,-107741.0,otc
2026-09-07,3455,Investment_Trust,0.0,otc
2026-09-07,3455,Dealer_Hedging,-107741.0,otc
2026-09-07,3491,Foreign_Investor,-262683.0,otc
2026-09-07,3491,Investment_Trust,0.0,otc
2026-09-07,3491,Dealer_Hedging,-262683.0,otc
2026-09-07,5289,Foreign_Investor,-85191.0,otc
2026-09-07,5289,Investment_Trust,0.0,otc
2026-09-07,5289,Dealer_Hedging,-85191.0,otc
2026-09-07,6187,Foreign_Investor,36148.0,otc
2026-09-07,6187,Investment_Trust,0.0,otc
2026-09-07,6187,Dealer_Hedging,36148.0,otc
2026-09-07,6274,Foreign_Investor,955948.0,otc
2026-09-07,6274,Investment_Trust,0.0,otc
2026-09-07,6274,Dealer_Hedging,955948.0,otc
2026-09-07,6510,Foreign_Investor,-389685.0,otc
2026-09-07,6510,Investment_Trust,0.0,otc
2026-09-07,6510,Dealer_Hedging,-389685.0,otc
2026-09-07,8299,Foreign_Investor,551555.0,otc
2026-09-07,8299,Investment_Trust,0.0,otc
2026-09-07,8299,Dealer_Hedging,551555.0,otc
2026-09-07,8358,Foreign_Investor,44904.0,otc
2026-09-07,8358,Investment_Trust,0.0,otc
2026-09-07,8358,Dealer_Hedging,44904.0,otc
2026-09-08,2330,Foreign_Investor,5496736.0,twse
2026-09-08,2330,Investment_Trust,0.0,twse
2026-09-08,2330,Dealer_Hedging,1048266.0,twse
2026-09-08,3037,Foreign_Investor,1802661.0,twse
2026-09-08,3037,Investment_Trust,0.0,twse
2026-09-08,3037,Dealer_Hedging,-194484.0,twse
2026-09-08,7769,Foreign_Investor,155691.0,twse
2026-09-08,7769,Investment_Trust,0.0,twse
2026-09-08,7769,Dealer_Hedging,295080.0,twse
2026-09-08,2454,Foreign_Investor,270931.0,twse
2026-09-08,2454,Investment_Trust,0.0,twse
2026-09-08,2454,Dealer_Hedging,190562.0,twse
2026-09-08,2059,Foreign_Investor,17951.0,twse
2026-09-08,2059,Investment_Trust,0.0,twse
2026-09-08,2059,Dealer_Hedging,-197537.0,twse
2026-09-08,3017,Foreign_Investor,442002.0,twse
2026-09-08,3017,Investment_Trust,0.0,twse
2026-09-08,3017,Dealer_Hedging,-578118.0,twse
2026-09-08,6451,Foreign_Investor,-159992.0,twse
2026-09-08,6451,Investment_Trust,0.0,twse
2026-09-08,6451,Dealer_Hedging,0.0,twse
2026-09-08,2404,Foreign_Investor,-224590.0,twse
2026-09-08,2404,Investment_Trust,0.0,twse
2026-09-08,2404,Dealer_Hedging,50000.0,twse
2026-09-08,3533,Foreign_Investor,-229140.0,twse
2026-09-08,3533,Investment_Trust,0.0,twse
2026-09-08,3533,Dealer_Hedging,1000.0,twse
2026-09-08,2383,Foreign_Investor,-177118.0,twse
2026-09-08,2383,Investment_Trust,0.0,twse
2026-09-08,2383,Dealer_Hedging,-12122.0,twse
2026-09-08,8210,Foreign_Investor,265347.0,twse
2026-09-08,8210,Investment_Trust,0.0,twse
2026-09-08,8210,Dealer_Hedging,-482000.0,twse
2026-09-08,2368,Foreign_Investor,-730909.0,twse
2026-09-08,2368,Investment_Trust,0.0,twse
2026-09-08,2368,Dealer_Hedging,474834.0,twse
2026-09-08,1519,Foreign_Investor,-276702.0,twse
2026-09-08,1519,Investment_Trust,0.0,twse
2026-09-08,1519,Dealer_Hedging,1487.0,twse
2026-09-08,2359,Foreign_Investor,-319634.0,twse
2026-09-08,2359,Investment_Trust,0.0,twse
2026-09-08,2359,Dealer_Hedging,0.0,twse
2026-09-08,6285,Foreign_Investor,-233984.0,twse
2026-09-08,6285,Investment_Trust,0.0,twse
2026-09-08,6285,Dealer_Hedging,-53844.0,twse
2026-09-08,3044,Foreign_Investor,-384256.0,twse
2026-09-08,3044,Investment_Trust,0.0,twse
2026-09-08,3044,Dealer_Hedging,25949.0,twse
2026-09-08,6669,Foreign_Investor,159828.0,twse
2026-09-08,6669,Investment_Trust,0.0,twse
2026-09-08,6669,Dealer_Hedging,-769241.0,twse
2026-09-08,2379,Foreign_Investor,-405286.0,twse
2026-09-08,2379,Investment_Trust,0.0,twse
2026-09-08,2379,Dealer_Hedging,69725.0,twse
2026-09-08,3665,Foreign_Investor,-619256.0,twse
2026-09-08,3665,Investment_Trust,0.0,twse
2026-09-08,3665,Dealer_Hedging,-192080.0,twse
2026-09-08,2308,Foreign_Investor,-739438.0,twse
2026-09-08,2308,Investment_Trust,0.0,twse
2026-09-08,2308,Dealer_Hedging,-496282.0,twse
2026-09-08,2301,Foreign_Investor,-2934651.0,twse
2026-09-08,2301,Investment_Trust,0.0,twse
2026-09-08,2301,Dealer_Hedging,233107.0,twse
2026-09-08,2345,Foreign_Investor,-2124416.0,twse
2026-09-08,2345,Investment_Trust,0.0,twse
2026-09-08,2345,Dealer_Hedging,-798032.0,twse
2026-09-08,6239,Foreign_Investor,-3573679.0,twse
2026-09-08,6239,Investment_Trust,0.0,twse
2026-09-08,6239,Dealer_Hedging,-17196.0,twse
2026-09-08,2317,Foreign_Investor,-13289577.0,twse
2026-09-08,2317,Investment_Trust,0.0,twse
2026-09-08,2317,Dealer_Hedging,-24702.0,twse
2026-09-08,3131,Foreign_Investor,-24119.0,otc
2026-09-08,3131,Investment_Trust,0.0,otc
2026-09-08,3131,Dealer_Hedging,-24119.0,otc
2026-09-08,3455,Foreign_Investor,-65230.0,otc
2026-09-08,3455,Investment_Trust,0.0,otc
2026-09-08,3455,Dealer_Hedging,-65230.0,otc
2026-09-08,3491,Foreign_Investor,-323234.0,otc
2026-09-08,3491,Investment_Trust,0.0,otc
2026-09-08,3491,Dealer_Hedging,-323234.0,otc
2026-09-08,5289,Foreign_Investor,-586309.0,otc
2026-09-08,5289,Investment_Trust,0.0,otc
2026-09-08,5289,Dealer_Hedging,-586309.0,otc
2026-09-08,6187,Foreign_Investor,127746.0,otc
2026-09-08,6187,Investment_Trust,0.0,otc
2026-09-08,6187,Dealer_Hedging,127746.0,otc
2026-09-08,6274,Foreign_Investor,-435745.0,otc
2026-09-08,6274,Investment_Trust,0.0,otc
2026-09-08,6274,Dealer_Hedging,-435745.0,otc
2026-09-08,6510,Foreign_Investor,-143119.0,otc
2026-09-08,6510,Investment_Trust,0.0,otc
2026-09-08,6510,Dealer_Hedging,-143119.0,otc
2026-09-08,8299,Foreign_Investor,130676.0,otc
2026-09-08,8299,Investment_Trust,0.0,otc
2026-09-08,8299,Dealer_Hedging,130676.0,otc
2026-09-08,8358,Foreign_Investor,714920.0,otc
2026-09-08,8358,Investment_Trust,0.0,otc
2026-09-08,8358,Dealer_Hedging,714920.0,otc
2026-09-09,6239,Foreign_Investor,5010185.0,twse
2026-09-09,6239,Investment_Trust,0.0,twse
2026-09-09,6239,Dealer_Hedging,-24000.0,twse
2026-09-09,3037,Foreign_Investor,3790792.0,twse
2026-09-09,3037,Investment_Trust,0.0,twse
2026-09-09,3037,Dealer_Hedging,870789.0,twse
2026-09-09,2317,Foreign_Investor,3133336.0,twse
2026-09-09,2317,Investment_Trust,0.0,twse
2026-09-09,2317,Dealer_Hedging,-34206.0,twse
2026-09-09,2379,Foreign_Investor,1245215.0,twse
2026-09-09,2379,Investment_Trust,0.0,twse
2026-09-09,2379,Dealer_Hedging,-69141.0,twse
2026-09-09,3044,Foreign_Investor,1052807.0,twse
2026-09-09,3044,Investment_Trust,0.0,twse
2026-09-09,3044,Dealer_Hedging,-15087.0,twse
2026-09-09,2345,Foreign_Investor,1647241.0,twse
2026-09-09,2345,Investment_Trust,0.0,twse
2026-09-09,2345,Dealer_Hedging,-850078.0,twse
2026-09-09,2301,Foreign_Investor,1655974.0,twse
2026-09-09,2301,Investment_Trust,0.0,twse
2026-09-09,2301,Dealer_Hedging,-964952.0,twse
2026-09-09,1519,Foreign_Investor,404322.0,twse
2026-09-09,1519,Investment_Trust,0.0,twse
2026-09-09,1519,Dealer_Hedging,0.0,twse
2026-09-09,2308,Foreign_Investor,898023.0,twse
2026-09-09,2308,Investment_Trust,0.0,twse
2026-09-09,2308,Dealer_Hedging,-432453.0,twse
2026-09-09,2404,Foreign_Investor,135101.0,twse
2026-09-09,2404,Investment_Trust,0.0,twse
2026-09-09,2404,Dealer_Hedging,1000.0,twse
2026-09-09,7769,Foreign_Investor,90795.0,twse
2026-09-09,7769,Investment_Trust,0.0,twse
2026-09-09,7769,Dealer_Hedging,9948.0,twse
2026-09-09,3533,Foreign_Investor,66987.0,twse
2026-09-09,3533,Investment_Trust,0.0,twse
2026-09-09,3533,Dealer_Hedging,-1000.0,twse
2026-09-09,8210,Foreign_Investor,315720.0,twse
2026-09-09,8210,Investment_Trust,0.0,twse
2026-09-09,8210,Dealer_Hedging,-259000.0,twse
2026-09-09,3017,Foreign_Investor,55280.0,twse
2026-09-09,3017,Investment_Trust,0.0,twse
2026-09-09,3017,Dealer_Hedging,5706.0,twse
2026-09-09,2059,Foreign_Investor,41909.0,twse
2026-09-09,2059,Investment_Trust,0.0,twse
2026-09-09,2059,Dealer_Hedging,-17080.0,twse
2026-09-09,2383,Foreign_Investor,174095.0,twse
2026-09-09,2383,Investment_Trust,0.0,twse
2026-09-09,2383,Dealer_Hedging,-162294.0,twse
2026-09-09,6285,Foreign_Investor,-51499.0,twse
2026-09-09,6285,Investment_Trust,0.0,twse
2026-09-09,6285,Dealer_Hedging,-55143.0,twse
2026-09-09,3665,Foreign_Investor,-173554.0,twse
2026-09-09,3665,Investment_Trust,0.0,twse
2026-09-09,3665,Dealer_Hedging,-159017.0,twse
2026-09-09,6451,Foreign_Investor,-267506.0,twse
2026-09-09,6451,Investment_Trust,0.0,twse
2026-09-09,6451,Dealer_Hedging,0.0,twse
2026-09-09,2359,Foreign_Investor,-397970.0,twse
2026-09-09,2359,Investment_Trust,0.0,twse
2026-09-09,2359,Dealer_Hedging,0.0,twse
2026-09-09,2368,Foreign_Investor,-1101149.0,twse
2026-09-09,2368,Investment_Trust,0.0,twse
2026-09-09,2368,Dealer_Hedging,498617.0,twse
2026-09-09,2454,Foreign_Investor,-757599.0,twse
2026-09-09,2454,Investment_Trust,0.0,twse
2026-09-09,2454,Dealer_Hedging,172636.0,twse
2026-09-09,6669,Foreign_Investor,-52369.0,twse
2026-09-09,6669,Investment_Trust,0.0,twse
2026-09-09,6669,Dealer_Hedging,-1016503.0,twse
2026-09-09,2330,Foreign_Investor,-2558862.0,twse
2026-09-09,2330,Investment_Trust,0.0,twse
2026-09-09,2330,Dealer_Hedging,-228623.0,twse
2026-09-09,3131,Foreign_Investor,-39036.0,otc
2026-09-09,3131,Investment_Trust,0.0,otc
2026-09-09,3131,Dealer_Hedging,-39036.0,otc
2026-09-09,3455,Foreign_Investor,-6959.0,otc
2026-09-09,3455,Investment_Trust,0.0,otc
2026-09-09,3455,Dealer_Hedging,-6959.0,otc
2026-09-09,3491,Foreign_Investor,-79510.0,otc
2026-09-09,3491,Investment_Trust,0.0,otc
2026-09-09,3491,Dealer_Hedging,-79510.0,otc
2026-09-09,5289,Foreign_Investor,-264497.0,otc
2026-09-09,5289,Investment_Trust,0.0,otc
2026-09-09,5289,Dealer_Hedging,-264497.0,otc
2026-09-09,6187,Foreign_Investor,-582786.0,otc
2026-09-09,6187,Investment_Trust,0.0,otc
2026-09-09,6187,Dealer_Hedging,-582786.0,otc
2026-09-09,6274,Foreign_Investor,2131027.0,otc
2026-09-09,6274,Investment_Trust,0.0,otc
2026-09-09,6274,Dealer_Hedging,2131027.0,otc
2026-09-09,6510,Foreign_Investor,39435.0,otc
2026-09-09,6510,Investment_Trust,0.0,otc
2026-09-09,6510,Dealer_Hedging,39435.0,otc
2026-09-09,8299,Foreign_Investor,56582.0,otc
2026-09-09,8299,Investment_Trust,0.0,otc
2026-09-09,8299,Dealer_Hedging,56582.0,otc
2026-09-09,8358,Foreign_Investor,637006.0,otc
2026-09-09,8358,Investment_Trust,0.0,otc
2026-09-09,8358,Dealer_Hedging,637006.0,otc
2026-09-16,2379,Foreign_Investor,949632.0,twse
2026-09-16,2379,Investment_Trust,0.0,twse
2026-09-16,2379,Dealer_Hedging,-29000.0,twse
2026-09-16,2454,Foreign_Investor,997028.0,twse
2026-09-16,2454,Investment_Trust,0.0,twse
2026-09-16,2454,Dealer_Hedging,-457422.0,twse
2026-09-16,6239,Foreign_Investor,1435719.0,twse
2026-09-16,6239,Investment_Trust,0.0,twse
2026-09-16,6239,Dealer_Hedging,-806000.0,twse
2026-09-16,6451,Foreign_Investor,704551.0,twse
2026-09-16,6451,Investment_Trust,0.0,twse
2026-09-16,6451,Dealer_Hedging,2000.0,twse
2026-09-16,1519,Foreign_Investor,-25977.0,twse
2026-09-16,1519,Investment_Trust,0.0,twse
2026-09-16,1519,Dealer_Hedging,195365.0,twse
2026-09-16,3533,Foreign_Investor,228945.0,twse
2026-09-16,3533,Investment_Trust,0.0,twse
2026-09-16,3533,Dealer_Hedging,-58150.0,twse
2026-09-16,2404,Foreign_Investor,61299.0,twse
2026-09-16,2404,Investment_Trust,0.0,twse
2026-09-16,2404,Dealer_Hedging,-43000.0,twse
2026-09-16,7769,Foreign_Investor,-37200.0,twse
2026-09-16,7769,Investment_Trust,0.0,twse
2026-09-16,7769,Dealer_Hedging,11000.0,twse
2026-09-16,2059,Foreign_Investor,-63429.0,twse
2026-09-16,2059,Investment_Trust,0.0,twse
2026-09-16,2059,Dealer_Hedging,59000.0,twse
2026-09-16,3017,Foreign_Investor,-200344.0,twse
2026-09-16,3017,Investment_Trust,0.0,twse
2026-09-16,3017,Dealer_Hedging,80000.0,twse
2026-09-16,2359,Foreign_Investor,-148744.0,twse
2026-09-16,2359,Investment_Trust,0.0,twse
2026-09-16,2359,Dealer_Hedging,0.0,twse
2026-09-16,8210,Foreign_Investor,98956.0,twse
2026-09-16,8210,Investment_Trust,0.0,twse
2026-09-16,8210,Dealer_Hedging,-243000.0,twse
2026-09-16,2383,Foreign_Investor,67823.0,twse
2026-09-16,2383,Investment_Trust,0.0,twse
2026-09-16,2383,Dealer_Hedging,-147000.0,twse
2026-09-16,3665,Foreign_Investor,-251094.0,twse
2026-09-16,3665,Investment_Trust,0.0,twse
2026-09-16,3665,Dealer_Hedging,10000.0,twse
2026-09-16,3044,Foreign_Investor,-887201.0,twse
2026-09-16,3044,Investment_Trust,0.0,twse
2026-09-16,3044,Dealer_Hedging,481000.0,twse
2026-09-16,2345,Foreign_Investor,-258252.0,twse
2026-09-16,2345,Investment_Trust,0.0,twse
2026-09-16,2345,Dealer_Hedging,-128504.0,twse
2026-09-16,2308,Foreign_Investor,-844243.0,twse
2026-09-16,2308,Investment_Trust,0.0,twse
2026-09-16,2308,Dealer_Hedging,546888.0,twse
2026-09-16,2368,Foreign_Investor,-349215.0,twse
2026-09-16,2368,Investment_Trust,0.0,twse
2026-09-16,2368,Dealer_Hedging,-260000.0,twse
2026-09-16,3037,Foreign_Investor,-1301686.0,twse
2026-09-16,3037,Investment_Trust,0.0,twse
2026-09-16,3037,Dealer_Hedging,-169000.0,twse
2026-09-16,6285,Foreign_Investor,-1565050.0,twse
2026-09-16,6285,Investment_Trust,0.0,twse
2026-09-16,6285,Dealer_Hedging,-736000.0,twse
2026-09-16,2317,Foreign_Investor,-1688228.0,twse
2026-09-16,2317,Investment_Trust,0.0,twse
2026-09-16,2317,Dealer_Hedging,1281857.0,twse
2026-09-16,2301,Foreign_Investor,-1279251.0,twse
2026-09-16,2301,Investment_Trust,0.0,twse
2026-09-16,2301,Dealer_Hedging,12000.0,twse
2026-09-16,6669,Foreign_Investor,-2768693.0,twse
2026-09-16,6669,Investment_Trust,0.0,twse
2026-09-16,6669,Dealer_Hedging,213780.0,twse
2026-09-16,2330,Foreign_Investor,-8744380.0,twse
2026-09-16,2330,Investment_Trust,0.0,twse
2026-09-16,2330,Dealer_Hedging,166543.0,twse
2026-09-16,3131,Foreign_Investor,-40075.0,otc
2026-09-16,3131,Investment_Trust,0.0,otc
2026-09-16,3131,Dealer_Hedging,-40075.0,otc
2026-09-16,3455,Foreign_Investor,197406.0,otc
2026-09-16,3455,Investment_Trust,0.0,otc
2026-09-16,3455,Dealer_Hedging,197406.0,otc
2026-09-16,3491,Foreign_Investor,148076.0,otc
2026-09-16,3491,Investment_Trust,0.0,otc
2026-09-16,3491,Dealer_Hedging,148076.0,otc
2026-09-16,5289,Foreign_Investor,-3702.0,otc
2026-09-16,5289,Investment_Trust,0.0,otc
2026-09-16,5289,Dealer_Hedging,-3702.0,otc
2026-09-16,6187,Foreign_Investor,-147831.0,otc
2026-09-16,6187,Investment_Trust,0.0,otc
2026-09-16,6187,Dealer_Hedging,-147831.0,otc
2026-09-16,6274,Foreign_Investor,400408.0,otc
2026-09-16,6274,Investment_Trust,0.0,otc
2026-09-16,6274,Dealer_Hedging,400408.0,otc
2026-09-16,6510,Foreign_Investor,5041.0,otc
2026-09-16,6510,Investment_Trust,0.0,otc
2026-09-16,6510,Dealer_Hedging,5041.0,otc
2026-09-16,8299,Foreign_Investor,319825.0,otc
2026-09-16,8299,Investment_Trust,0.0,otc
2026-09-16,8299,Dealer_Hedging,319825.0,otc
2026-09-16,8358,Foreign_Investor,1262333.0,otc
2026-09-16,8358,Investment_Trust,0.0,otc
2026-09-16,8358,Dealer_Hedging,1262333.0,otc
2026-09-17,2317,Foreign_Investor,8880253.0,twse
2026-09-17,2317,Investment_Trust,0.0,twse
2026-09-17,2317,Dealer_Hedging,109104.0,twse
2026-09-17,2330,Foreign_Investor,4794190.0,twse
2026-09-17,2330,Investment_Trust,0.0,twse
2026-09-17,2330,Dealer_Hedging,534410.0,twse
2026-09-17,2379,Foreign_Investor,1511281.0,twse
2026-09-17,2379,Investment_Trust,0.0,twse
2026-09-17,2379,Dealer_Hedging,-80000.0,twse
2026-09-17,6239,Foreign_Investor,1275987.0,twse
2026-09-17,6239,Investment_Trust,0.0,twse
2026-09-17,6239,Dealer_Hedging,-4000.0,twse
2026-09-17,6285,Foreign_Investor,944875.0,twse
2026-09-17,6285,Investment_Trust,0.0,twse
2026-09-17,6285,Dealer_Hedging,3000.0,twse
2026-09-17,2454,Foreign_Investor,300476.0,twse
2026-09-17,2454,Investment_Trust,0.0,twse
2026-09-17,2454,Dealer_Hedging,-40815.0,twse
2026-09-17,3665,Foreign_Investor,155576.0,twse
2026-09-17,3665,Investment_Trust,0.0,twse
2026-09-17,3665,Dealer_Hedging,75000.0,twse
2026-09-17,2301,Foreign_Investor,24125.0,twse
2026-09-17,2301,Investment_Trust,0.0,twse
2026-09-17,2301,Dealer_Hedging,42000.0,twse
2026-09-17,7769,Foreign_Investor,44008.0,twse
2026-09-17,7769,Investment_Trust,0.0,twse
2026-09-17,7769,Dealer_Hedging,-1000.0,twse
2026-09-17,1519,Foreign_Investor,16882.0,twse
2026-09-17,1519,Investment_Trust,0.0,twse
2026-09-17,1519,Dealer_Hedging,3000.0,twse
2026-09-17,3533,Foreign_Investor,25689.0,twse
2026-09-17,3533,Investment_Trust,0.0,twse
2026-09-17,3533,Dealer_Hedging,-41054.0,twse
2026-09-17,2059,Foreign_Investor,-124112.0,twse
2026-09-17,2059,Investment_Trust,0.0,twse
2026-09-17,2059,Dealer_Hedging,42056.0,twse
2026-09-17,2404,Foreign_Investor,-16618.0,twse
2026-09-17,2404,Investment_Trust,0.0,twse
2026-09-17,2404,Dealer_Hedging,-55000.0,twse
2026-09-17,3017,Foreign_Investor,-154755.0,twse
2026-09-17,3017,Investment_Trust,0.0,twse
2026-09-17,3017,Dealer_Hedging,11229.0,twse
2026-09-17,8210,Foreign_Investor,-49134.0,twse
2026-09-17,8210,Investment_Trust,0.0,twse
2026-09-17,8210,Dealer_Hedging,-57000.0,twse
2026-09-17,6451,Foreign_Investor,-124444.0,twse
2026-09-17,6451,Investment_Trust,0.0,twse
2026-09-17,6451,Dealer_Hedging,0.0,twse
2026-09-17,2308,Foreign_Investor,-662977.0,twse
2026-09-17,2308,Investment_Trust,0.0,twse
2026-09-17,2308,Dealer_Hedging,253707.0,twse
2026-09-17,2383,Foreign_Investor,275422.0,twse
2026-09-17,2383,Investment_Trust,0.0,twse
2026-09-17,2383,Dealer_Hedging,-743000.0,twse
2026-09-17,2359,Foreign_Investor,-582270.0,twse
2026-09-17,2359,Investment_Trust,0.0,twse
2026-09-17,2359,Dealer_Hedging,0.0,twse
2026-09-17,6669,Foreign_Investor,64967.0,twse
2026-09-17,6669,Investment_Trust,0.0,twse
2026-09-17,6669,Dealer_Hedging,-580500.0,twse
2026-09-17,3037,Foreign_Investor,806925.0,twse
2026-09-17,3037,Investment_Trust,0.0,twse
2026-09-17,3037,Dealer_Hedging,-1519000.0,twse
2026-09-17,3044,Foreign_Investor,-565096.0,twse
2026-09-17,3044,Investment_Trust,0.0,twse
2026-09-17,3044,Dealer_Hedging,-22000.0,twse
2026-09-17,2345,Foreign_Investor,480351.0,twse
2026-09-17,2345,Investment_Trust,0.0,twse
2026-09-17,2345,Dealer_Hedging,-1210000.0,twse
2026-09-17,2368,Foreign_Investor,-3669475.0,twse
2026-09-17,2368,Investment_Trust,0.0,twse
2026-09-17,2368,Dealer_Hedging,36000.0,twse
2026-09-17,3131,Foreign_Investor,-19066.0,otc
2026-09-17,3131,Investment_Trust,0.0,otc
2026-09-17,3131,Dealer_Hedging,-19066.0,otc
2026-09-17,3455,Foreign_Investor,499301.0,otc
2026-09-17,3455,Investment_Trust,0.0,otc
2026-09-17,3455,Dealer_Hedging,499301.0,otc
2026-09-17,3491,Foreign_Investor,-382287.0,otc
2026-09-17,3491,Investment_Trust,0.0,otc
2026-09-17,3491,Dealer_Hedging,-382287.0,otc
2026-09-17,5289,Foreign_Investor,-287565.0,otc
2026-09-17,5289,Investment_Trust,0.0,otc
2026-09-17,5289,Dealer_Hedging,-287565.0,otc
2026-09-17,6187,Foreign_Investor,-325970.0,otc
2026-09-17,6187,Investment_Trust,0.0,otc
2026-09-17,6187,Dealer_Hedging,-325970.0,otc
2026-09-17,6274,Foreign_Investor,1103907.0,otc
2026-09-17,6274,Investment_Trust,0.0,otc
2026-09-17,6274,Dealer_Hedging,1103907.0,otc
2026-09-17,6510,Foreign_Investor,-78205.0,otc
2026-09-17,6510,Investment_Trust,0.0,otc
2026-09-17,6510,Dealer_Hedging,-78205.0,otc
2026-09-17,8299,Foreign_Investor,-289816.0,otc
2026-09-17,8299,Investment_Trust,0.0,otc
2026-09-17,8299,Dealer_Hedging,-289816.0,otc
2026-09-17,8358,Foreign_Investor,-6582309.0,otc
2026-09-17,8358,Investment_Trust,0.0,otc
2026-09-17,8358,Dealer_Hedging,-6582309.0,otc
2026-09-18,2330,Foreign_Investor,6039352.0,twse
2026-09-18,2330,Investment_Trust,0.0,twse
2026-09-18,2330,Dealer_Hedging,-273476.0,twse
2026-09-18,3037,Foreign_Investor,3073914.0,twse
2026-09-18,3037,Investment_Trust,0.0,twse
2026-09-18,3037,Dealer_Hedging,811935.0,twse
2026-09-18,6239,Foreign_Investor,5113233.0,twse
2026-09-18,6239,Investment_Trust,0.0,twse
2026-09-18,6239,Dealer_Hedging,-2618835.0,twse
2026-09-18,2308,Foreign_Investor,2830326.0,twse
2026-09-18,2308,Investment_Trust,0.0,twse
2026-09-18,2308,Dealer_Hedging,-20146.0,twse
2026-09-18,2454,Foreign_Investor,2886195.0,twse
2026-09-18,2454,Investment_Trust,0.0,twse
2026-09-18,2454,Dealer_Hedging,-119993.0,twse
2026-09-18,2368,Foreign_Investor,70518.0,twse
2026-09-18,2368,Investment_Trust,0.0,twse
2026-09-18,2368,Dealer_Hedging,737542.0,twse
2026-09-18,3665,Foreign_Investor,758512.0,twse
2026-09-18,3665,Investment_Trust,0.0,twse
2026-09-18,3665,Dealer_Hedging,315753.0,twse
2026-09-18,2379,Foreign_Investor,976575.0,twse
2026-09-18,2379,Investment_Trust,0.0,twse
2026-09-18,2379,Dealer_Hedging,-11652.0,twse
2026-09-18,2404,Foreign_Investor,744459.0,twse
2026-09-18,2404,Investment_Trust,0.0,twse
2026-09-18,2404,Dealer_Hedging,-60000.0,twse
2026-09-18,6451,Foreign_Investor,610681.0,twse
2026-09-18,6451,Investment_Trust,0.0,twse
2026-09-18,6451,Dealer_Hedging,0.0,twse
2026-09-18,3044,Foreign_Investor,518662.0,twse
2026-09-18,3044,Investment_Trust,0.0,twse
2026-09-18,3044,Dealer_Hedging,-23322.0,twse
2026-09-18,1519,Foreign_Investor,273189.0,twse
2026-09-18,1519,Investment_Trust,0.0,twse
2026-09-18,1519,Dealer_Hedging,22000.0,twse
2026-09-18,3017,Foreign_Investor,-1310.0,twse
2026-09-18,3017,Investment_Trust,0.0,twse
2026-09-18,3017,Dealer_Hedging,41794.0,twse
2026-09-18,7769,Foreign_Investor,44092.0,twse
2026-09-18,7769,Investment_Trust,0.0,twse
2026-09-18,7769,Dealer_Hedging,2351.0,twse
2026-09-18,3533,Foreign_Investor,-77446.0,twse
2026-09-18,3533,Investment_Trust,0.0,twse
2026-09-18,3533,Dealer_Hedging,-48941.0,twse
2026-09-18,2059,Foreign_Investor,-129133.0,twse
2026-09-18,2059,Investment_Trust,0.0,twse
2026-09-18,2059,Dealer_Hedging,2330.0,twse
2026-09-18,8210,Foreign_Investor,64940.0,twse
2026-09-18,8210,Investment_Trust,0.0,twse
2026-09-18,8210,Dealer_Hedging,-212000.0,twse
2026-09-18,2383,Foreign_Investor,315586.0,twse
2026-09-18,2383,Investment_Trust,0.0,twse
2026-09-18,2383,Dealer_Hedging,-580397.0,twse
2026-09-18,6285,Foreign_Investor,-526669.0,twse
2026-09-18,6285,Investment_Trust,0.0,twse
2026-09-18,6285,Dealer_Hedging,2000.0,twse
2026-09-18,2359,Foreign_Investor,-641900.0,twse
2026-09-18,2359,Investment_Trust,0.0,twse
2026-09-18,2359,Dealer_Hedging,0.0,twse
2026-09-18,2345,Foreign_Investor,-255616.0,twse
2026-09-18,2345,Investment_Trust,0.0,twse
2026-09-18,2345,Dealer_Hedging,-666784.0,twse
2026-09-18,6669,Foreign_Investor,-325425.0,twse
2026-09-18,6669,Investment_Trust,0.0,twse
2026-09-18,6669,Dealer_Hedging,-677007.0,twse
2026-09-18,2301,Foreign_Investor,-3141261.0,twse
2026-09-18,2301,Investment_Trust,0.0,twse
2026-09-18,2301,Dealer_Hedging,11300.0,twse
2026-09-18,2317,Foreign_Investor,-6697630.0,twse
2026-09-18,2317,Investment_Trust,0.0,twse
2026-09-18,2317,Dealer_Hedging,-544169.0,twse
2026-09-18,3131,Foreign_Investor,2345.0,otc
2026-09-18,3131,Investment_Trust,0.0,otc
2026-09-18,3131,Dealer_Hedging,2345.0,otc
2026-09-18,3455,Foreign_Investor,-199155.0,otc
2026-09-18,3455,Investment_Trust,0.0,otc
2026-09-18,3455,Dealer_Hedging,-199155.0,otc
2026-09-18,3491,Foreign_Investor,235557.0,otc
2026-09-18,3491,Investment_Trust,0.0,otc
2026-09-18,3491,Dealer_Hedging,235557.0,otc
2026-09-18,5289,Foreign_Investor,350613.0,otc
2026-09-18,5289,Investment_Trust,0.0,otc
2026-09-18,5289,Dealer_Hedging,350613.0,otc
2026-09-18,6187,Foreign_Investor,20232.0,otc
2026-09-18,6187,Investment_Trust,0.0,otc
2026-09-18,6187,Dealer_Hedging,20232.0,otc
2026-09-18,6274,Foreign_Investor,688315.0,otc
2026-09-18,6274,Investment_Trust,0.0,otc
2026-09-18,6274,Dealer_Hedging,688315.0,otc
2026-09-18,6510,Foreign_Investor,-64672.0,otc
2026-09-18,6510,Investment_Trust,0.0,otc
2026-09-18,6510,Dealer_Hedging,-64672.0,otc
2026-09-18,8299,Foreign_Investor,1737016.0,otc
2026-09-18,8299,Investment_Trust,0.0,otc
2026-09-18,8299,Dealer_Hedging,1737016.0,otc
2026-09-18,8358,Foreign_Investor,1462914.0,otc
2026-09-18,8358,Investment_Trust,0.0,otc
2026-09-18,8358,Dealer_Hedging,1462914.0,otc
2026-09-21,2308,Foreign_Investor,2274214.0,twse
2026-09-21,2308,Investment_Trust,0.0,twse
2026-09-21,2308,Dealer_Hedging,3392561.0,twse
2026-09-21,2330,Foreign_Investor,2689504.0,twse
2026-09-21,2330,Investment_Trust,0.0,twse
2026-09-21,2330,Dealer_Hedging,544606.0,twse
2026-09-21,2454,Foreign_Investor,3156867.0,twse
2026-09-21,2454,Investment_Trust,0.0,twse
2026-09-21,2454,Dealer_Hedging,307803.0,twse
2026-09-21,3037,Foreign_Investor,1438541.0,twse
2026-09-21,3037,Investment_Trust,0.0,twse
2026-09-21,3037,Dealer_Hedging,263934.0,twse
2026-09-21,2301,Foreign_Investor,1657198.0,twse
2026-09-21,2301,Investment_Trust,0.0,twse
2026-09-21,2301,Dealer_Hedging,-162084.0,twse
2026-09-21,2379,Foreign_Investor,1612927.0,twse
2026-09-21,2379,Investment_Trust,0.0,twse
2026-09-21,2379,Dealer_Hedging,-18453.0,twse
2026-09-21,6285,Foreign_Investor,892243.0,twse
2026-09-21,6285,Investment_Trust,0.0,twse
2026-09-21,6285,Dealer_Hedging,2000.0,twse
2026-09-21,6239,Foreign_Investor,1581973.0,twse
2026-09-21,6239,Investment_Trust,0.0,twse
2026-09-21,6239,Dealer_Hedging,-1231175.0,twse
2026-09-21,3044,Foreign_Investor,389834.0,twse
2026-09-21,3044,Investment_Trust,0.0,twse
2026-09-21,3044,Dealer_Hedging,-20000.0,twse
2026-09-21,2359,Foreign_Investor,-5000.0,twse
2026-09-21,2359,Investment_Trust,0.0,twse
2026-09-21,2359,Dealer_Hedging,0.0,twse
2026-09-21,1519,Foreign_Investor,-38879.0,twse
2026-09-21,1519,Investment_Trust,0.0,twse
2026-09-21,1519,Dealer_Hedging,-1000.0,twse
2026-09-21,2383,Foreign_Investor,369859.0,twse
2026-09-21,2383,Investment_Trust,0.0,twse
2026-09-21,2383,Dealer_Hedging,-553021.0,twse
2026-09-21,2059,Foreign_Investor,-114412.0,twse
2026-09-21,2059,Investment_Trust,0.0,twse
2026-09-21,2059,Dealer_Hedging,14005.0,twse
2026-09-21,3665,Foreign_Investor,-342723.0,twse
2026-09-21,3665,Investment_Trust,0.0,twse
2026-09-21,3665,Dealer_Hedging,233334.0,twse
2026-09-21,2404,Foreign_Investor,-603031.0,twse
2026-09-21,2404,Investment_Trust,0.0,twse
2026-09-21,2404,Dealer_Hedging,456000.0,twse
2026-09-21,8210,Foreign_Investor,171935.0,twse
2026-09-21,8210,Investment_Trust,0.0,twse
2026-09-21,8210,Dealer_Hedging,-335000.0,twse
2026-09-21,3533,Foreign_Investor,-175036.0,twse
2026-09-21,3533,Investment_Trust,0.0,twse
2026-09-21,3533,Dealer_Hedging,-22000.0,twse
2026-09-21,3017,Foreign_Investor,-176396.0,twse
2026-09-21,3017,Investment_Trust,0.0,twse
2026-09-21,3017,Dealer_Hedging,-27855.0,twse
2026-09-21,6451,Foreign_Investor,-277878.0,twse
2026-09-21,6451,Investment_Trust,0.0,twse
2026-09-21,6451,Dealer_Hedging,0.0,twse
2026-09-21,6669,Foreign_Investor,199717.0,twse
2026-09-21,6669,Investment_Trust,0.0,twse
2026-09-21,6669,Dealer_Hedging,-716626.0,twse
2026-09-21,2345,Foreign_Investor,182324.0,twse
2026-09-21,2345,Investment_Trust,0.0,twse
2026-09-21,2345,Dealer_Hedging,-778580.0,twse
2026-09-21,7769,Foreign_Investor,-203983.0,twse
2026-09-21,7769,Investment_Trust,0.0,twse
2026-09-21,7769,Dealer_Hedging,-456010.0,twse
2026-09-21,2368,Foreign_Investor,-1587862.0,twse
2026-09-21,2368,Investment_Trust,0.0,twse
2026-09-21,2368,Dealer_Hedging,-134046.0,twse
2026-09-21,2317,Foreign_Investor,-5703695.0,twse
2026-09-21,2317,Investment_Trust,0.0,twse
2026-09-21,2317,Dealer_Hedging,406651.0,twse
2026-09-21,3131,Foreign_Investor,-142535.0,otc
2026-09-21,3131,Investment_Trust,0.0,otc
2026-09-21,3131,Dealer_Hedging,-142535.0,otc
2026-09-21,3455,Foreign_Investor,107344.0,otc
2026-09-21,3455,Investment_Trust,0.0,otc
2026-09-21,3455,Dealer_Hedging,107344.0,otc
2026-09-21,3491,Foreign_Investor,-180109.0,otc
2026-09-21,3491,Investment_Trust,0.0,otc
2026-09-21,3491,Dealer_Hedging,-180109.0,otc
2026-09-21,5289,Foreign_Investor,25700.0,otc
2026-09-21,5289,Investment_Trust,0.0,otc
2026-09-21,5289,Dealer_Hedging,25700.0,otc
2026-09-21,6187,Foreign_Investor,-41487.0,otc
2026-09-21,6187,Investment_Trust,0.0,otc
2026-09-21,6187,Dealer_Hedging,-41487.0,otc
2026-09-21,6274,Foreign_Investor,3272654.0,otc
2026-09-21,6274,Investment_Trust,0.0,otc
2026-09-21,6274,Dealer_Hedging,3272654.0,otc
2026-09-21,6510,Foreign_Investor,-322161.0,otc
2026-09-21,6510,Investment_Trust,0.0,otc
2026-09-21,6510,Dealer_Hedging,-322161.0,otc
2026-09-21,8299,Foreign_Investor,456157.0,otc
2026-09-21,8299,Investment_Trust,0.0,otc
2026-09-21,8299,Dealer_Hedging,456157.0,otc
2026-09-21,8358,Foreign_Investor,63473.0,otc
2026-09-21,8358,Investment_Trust,0.0,otc
2026-09-21,8358,Dealer_Hedging,63473.0,otc
