date,stock_id,type,value,origin_name
2026-03-31,1101,EPS,0.1,基本每股盈餘
2026-03-31,8279,Revenue,416660000.0,營業收入
2026-03-31,5312,EPS,1.48,基本每股盈餘
2026-03-31,2640,EPS,2.36,基本每股盈餘
2026-03-31,6237,EPS,-0.24,基本每股盈餘
2026-03-31,1527,EPS,0.32,基本每股盈餘
2026-03-31,7777,EPS,-0.25,基本每股盈餘
2026-03-31,4935,EPS,0.4,基本每股盈餘
2026-03-31,9950,EPS,-0.03,基本每股盈餘
2026-03-31,4938,EPS,0.58,基本每股盈餘
2026-03-31,6153,EPS,-0.56,基本每股盈餘
2026-03-31,5276,EPS,0.57,基本每股盈餘
2026-03-31,1517,Revenue,438193000.0,營業收入
2026-03-31,2432,EPS,0.26,基本每股盈餘
2026-03-31,6582,EPS,-0.26,基本每股盈餘
2026-03-31,6560,EPS,0.37,基本每股盈餘
2026-03-31,6645,EPS,-0.76,基本每股盈餘
2026-03-31,2617,EPS,0.71,基本每股盈餘
2026-03-31,6712,EPS,1.39,基本每股盈餘
2026-03-31,4930,Revenue,1399643000.0,營業收入
2026-03-31,1565,EPS,1.39,基本每股盈餘
2026-03-31,2236,EPS,0.19,基本每股盈餘
2026-03-31,8261,Revenue,781527000.0,營業收入
2026-03-31,9918,EPS,0.63,基本每股盈餘
2026-03-31,6180,Revenue,2590985000.0,營業收入
2026-03-31,4535,EPS,0.29,基本每股盈餘
2026-03-31,2610,EPS,0.85,基本每股盈餘
2026-03-31,8916,EPS,0.17,基本每股盈餘
2026-03-31,4137,EPS,1.41,基本每股盈餘
2026-03-31,1474,EPS,0.09,基本每股盈餘
2026-03-31,8464,EPS,5.62,基本每股盈餘
2026-03-31,4763,EPS,1.13,基本每股盈餘
2026-03-31,2308,EPS,7.91,基本每股盈餘
2026-03-31,8996,EPS,6.54,基本每股盈餘
2026-03-31,1587,EPS,0.04,基本每股盈餘
2026-03-31,6807,EPS,0.63,基本每股盈餘
2026-03-31,6579,EPS,3.81,基本每股盈餘
2026-03-31,1467,EPS,0.11,基本每股盈餘
2026-03-31,6838,Revenue,45422000.0,營業收入
2026-03-31,6588,EPS,-0.08,基本每股盈餘
2026-03-31,1717,EPS,0.37,基本每股盈餘
2026-03-31,6661,EPS,-0.27,基本每股盈餘
2026-03-31,6123,EPS,0.7,基本每股盈餘
2026-03-31,6789,EPS,1.5,基本每股盈餘
2026-03-31,8289,EPS,0.28,基本每股盈餘
2026-03-31,8210,EPS,10.73,基本每股盈餘
2026-03-31,6843,EPS,0.4,基本每股盈餘
2026-03-31,6139,EPS,9.45,基本每股盈餘
2026-03-31,6732,Revenue,1044409000.0,營業收入
2026-03-31,5546,Revenue,198123000.0,營業收入
2026-03-31,6527,Revenue,188304000.0,營業收入
2026-03-31,3150,Revenue,81088000.0,營業收入
2026-03-31,8926,EPS,2.11,基本每股盈餘
2026-03-31,5225,EPS,1.54,基本每股盈餘
2026-03-31,8068,EPS,-0.12,基本每股盈餘
2026-03-31,5284,Revenue,1166233000.0,營業收入
2026-03-31,5434,EPS,6.86,基本每股盈餘
2026-03-31,8401,EPS,0.46,基本每股盈餘
2026-03-31,3313,EPS,0.07,基本每股盈餘
2026-03-31,3570,EPS,4.12,基本每股盈餘
2026-03-31,5228,EPS,0.99,基本每股盈餘
2026-03-31,1599,EPS,0.28,基本每股盈餘
2026-03-31,4967,EPS,27.0,基本每股盈餘
2026-03-31,2606,EPS,1.17,基本每股盈餘
2026-03-31,2442,EPS,1.14,基本每股盈餘
2026-03-31,7760,EPS,0.7,基本每股盈餘
2026-03-31,3114,EPS,0.73,基本每股盈餘
2026-03-31,4417,EPS,0.83,基本每股盈餘
2026-03-31,6120,EPS,-0.15,基本每股盈餘
2026-03-31,6216,EPS,-0.12,基本每股盈餘
2026-03-31,2748,EPS,0.94,基本每股盈餘
2026-03-31,3131,EPS,16.11,基本每股盈餘
2026-03-31,2340,EPS,-0.49,基本每股盈餘
2026-03-31,2603,Revenue,86511471000.0,營業收入
2026-03-31,4114,EPS,0.38,基本每股盈餘
2026-03-31,2395,EPS,3.85,基本每股盈餘
2026-03-31,1587,Revenue,754074000.0,營業收入
2026-03-31,9927,EPS,1.12,基本每股盈餘
2026-03-31,6620,Revenue,209615000.0,營業收入
2026-03-31,2630,EPS,0.09,基本每股盈餘
2026-03-31,3489,EPS,-0.03,基本每股盈餘
2026-03-31,4772,Revenue,856585000.0,營業收入
2026-03-31,3191,EPS,-0.32,基本每股盈餘
2026-03-31,6271,EPS,1.89,基本每股盈餘
2026-03-31,1735,Revenue,599713000.0,營業收入
2026-03-31,3305,EPS,1.73,基本每股盈餘
2026-03-31,8488,EPS,-0.19,基本每股盈餘
2026-03-31,3551,EPS,2.46,基本每股盈餘
2026-03-31,5538,EPS,1.12,基本每股盈餘
2026-03-31,1907,EPS,0.13,基本每股盈餘
2026-03-31,2368,EPS,6.87,基本每股盈餘
2026-03-31,4401,Revenue,877394000.0,營業收入
2026-03-31,5202,EPS,-0.19,基本每股盈餘
2026-03-31,2612,EPS,1.24,基本每股盈餘
2026-03-31,3416,EPS,1.8,基本每股盈餘
2026-03-31,3564,EPS,-0.32,基本每股盈餘
2026-03-31,2538,EPS,0.02,基本每股盈餘
2026-03-31,2211,EPS,1.07,基本每股盈餘
2026-03-31,8478,EPS,3.8,基本每股盈餘
2026-03-31,8043,Revenue,1902765000.0,營業收入
2026-03-31,6197,Revenue,2025886000.0,營業收入
2026-03-31,1817,Revenue,611528000.0,營業收入
2026-03-31,5274,EPS,37.41,基本每股盈餘
2026-03-31,6491,EPS,6.06,基本每股盈餘
2026-03-31,8933,EPS,-0.3,基本每股盈餘
2026-03-31,1731,Revenue,452346000.0,營業收入
2026-03-31,2608,Revenue,3102760000.0,營業收入
2026-03-31,3213,EPS,2.59,基本每股盈餘
2026-03-31,6127,EPS,-0.51,基本每股盈餘
2026-03-31,5315,EPS,0.44,基本每股盈餘
2026-03-31,6895,Revenue,96763000.0,營業收入
2026-03-31,1742,EPS,-0.13,基本每股盈餘
2026-03-31,4558,EPS,0.06,基本每股盈餘
2026-03-31,1721,EPS,-0.36,基本每股盈餘
2026-03-31,6158,Revenue,407796000.0,營業收入
2026-03-31,5520,EPS,2.48,基本每股盈餘
2026-03-31,3206,EPS,0.26,基本每股盈餘
2026-03-31,6934,EPS,-1.43,基本每股盈餘
2026-03-31,4966,Revenue,3989734000.0,營業收入
2026-03-31,3684,EPS,0.7,基本每股盈餘
2026-03-31,2405,EPS,0.0,基本每股盈餘
2026-03-31,6996,Revenue,720075000.0,營業收入
2026-03-31,4974,EPS,1.09,基本每股盈餘
2026-03-31,6210,EPS,-0.41,基本每股盈餘
2026-03-31,8071,EPS,-0.39,基本每股盈餘
2026-03-31,6958,EPS,0.2,基本每股盈餘
2026-03-31,4746,EPS,0.16,基本每股盈餘
2026-03-31,7786,EPS,1.2,基本每股盈餘
2026-03-31,8279,EPS,1.23,基本每股盈餘
2026-03-31,2402,EPS,0.07,基本每股盈餘
2026-03-31,5487,EPS,-0.06,基本每股盈餘
2026-03-31,2375,EPS,0.78,基本每股盈餘
2026-03-31,1799,EPS,0.16,基本每股盈餘
2026-03-31,3465,EPS,-0.92,基本每股盈餘
2026-03-31,5222,EPS,0.22,基本每股盈餘
2026-03-31,6669,EPS,75.95,基本每股盈餘
2026-03-31,7765,EPS,3.38,基本每股盈餘
2026-03-31,6596,EPS,2.08,基本每股盈餘
2026-03-31,1617,EPS,0.08,基本每股盈餘
2026-03-31,6955,EPS,0.97,基本每股盈餘
2026-03-31,1709,Revenue,2424471000.0,營業收入
2026-03-31,6259,EPS,0.43,基本每股盈餘
2026-03-31,5344,EPS,0.02,基本每股盈餘
2026-03-31,6703,EPS,1.87,基本每股盈餘
2026-03-31,7743,EPS,0.05,基本每股盈餘
2026-03-31,5474,EPS,0.6,基本每股盈餘
2026-03-31,3632,EPS,0.06,基本每股盈餘
2026-03-31,6221,EPS,0.35,基本每股盈餘
2026-03-31,4924,EPS,0.35,基本每股盈餘
2026-03-31,6103,EPS,-0.19,基本每股盈餘
2026-03-31,6811,Revenue,2956867000.0,營業收入
2026-03-31,2233,EPS,1.59,基本每股盈餘
2026-03-31,8083,Revenue,344553000.0,營業收入
2026-03-31,2732,Revenue,1341834000.0,營業收入
2026-03-31,8086,EPS,1.51,基本每股盈餘
2026-03-31,2070,EPS,0.28,基本每股盈餘
2026-03-31,3490,EPS,2.07,基本每股盈餘
2026-03-31,7792,EPS,1.71,基本每股盈餘
2026-03-31,7705,EPS,0.35,基本每股盈餘
2026-03-31,6742,EPS,-0.35,基本每股盈餘
2026-03-31,5498,EPS,0.0,基本每股盈餘
2026-03-31,2755,EPS,1.65,基本每股盈餘
2026-03-31,6127,Revenue,243405000.0,營業收入
2026-03-31,6138,EPS,3.68,基本每股盈餘
2026-03-31,3702,EPS,3.3,基本每股盈餘
2026-03-31,6881,EPS,5.23,基本每股盈餘
2026-03-31,1626,Revenue,1835215000.0,營業收入
2026-03-31,6928,EPS,-0.04,基本每股盈餘
2026-03-31,2743,EPS,1.71,基本每股盈餘
2026-03-31,4119,EPS,0.17,基本每股盈餘
2026-03-31,5299,Revenue,386610000.0,營業收入
2026-03-31,6124,EPS,0.17,基本每股盈餘
2026-03-31,8440,Revenue,179842000.0,營業收入
2026-03-31,6613,EPS,3.84,基本每股盈餘
2026-03-31,2351,EPS,1.22,基本每股盈餘
2026-03-31,6914,EPS,2.34,基本每股盈餘
2026-03-31,6949,EPS,-1.18,基本每股盈餘
2026-03-31,6885,EPS,-0.5,基本每股盈餘
2026-03-31,3432,EPS,-0.23,基本每股盈餘
2026-03-31,6291,Revenue,660065000.0,營業收入
2026-03-31,6922,Revenue,511998000.0,營業收入
2026-03-31,1725,Revenue,2199773000.0,營業收入
2026-03-31,1616,EPS,0.28,基本每股盈餘
2026-03-31,6697,EPS,0.79,基本每股盈餘
2026-03-31,6175,EPS,0.74,基本每股盈餘
2026-03-31,6890,EPS,0.75,基本每股盈餘
2026-03-31,1475,Revenue,347966000.0,營業收入
2026-03-31,2364,EPS,0.83,基本每股盈餘
2026-03-31,6921,EPS,-0.27,基本每股盈餘
2026-03-31,8074,EPS,0.52,基本每股盈餘
2026-03-31,6213,EPS,0.87,基本每股盈餘
2026-03-31,6477,EPS,-0.02,基本每股盈餘
2026-03-31,7584,EPS,-1.23,基本每股盈餘
2026-03-31,7803,EPS,-0.78,基本每股盈餘
2026-03-31,6577,EPS,1.67,基本每股盈餘
2026-03-31,2022,EPS,-0.09,基本每股盈餘
2026-03-31,6952,EPS,0.32,基本每股盈餘
2026-03-31,9907,EPS,0.17,基本每股盈餘
2026-03-31,4906,EPS,-0.32,基本每股盈餘
2026-03-31,2017,EPS,-0.14,基本每股盈餘
2026-03-31,2301,Revenue,43407292000.0,營業收入
2026-03-31,2534,EPS,-0.02,基本每股盈餘
2026-03-31,9937,EPS,0.66,基本每股盈餘
2026-03-31,2013,EPS,0.66,基本每股盈餘
2026-03-31,6821,EPS,0.32,基本每股盈餘
2026-03-31,2482,EPS,-0.23,基本每股盈餘
2026-03-31,3532,EPS,-0.18,基本每股盈餘
2026-03-31,2323,EPS,-0.41,基本每股盈餘
2026-03-31,6509,EPS,1.19,基本每股盈餘
2026-03-31,2392,EPS,-0.46,基本每股盈餘
2026-03-31,5353,EPS,0.5,基本每股盈餘
2026-03-31,6931,EPS,0.49,基本每股盈餘
2026-03-31,5284,EPS,4.13,基本每股盈餘
2026-03-31,8466,EPS,-0.89,基本每股盈餘
2026-03-31,6666,Revenue,227573000.0,營業收入
2026-03-31,3691,EPS,2.97,基本每股盈餘
2026-03-31,8404,EPS,0.17,基本每股盈餘
2026-03-31,5701,EPS,-0.17,基本每股盈餘
2026-03-31,1786,Revenue,205322000.0,營業收入
2026-03-31,2013,Revenue,4623919000.0,營業收入
2026-03-31,1734,EPS,0.39,基本每股盈餘
2026-03-31,6201,EPS,0.64,基本每股盈餘
2026-03-31,1708,EPS,1.11,基本每股盈餘
2026-03-31,2357,Revenue,208369726000.0,營業收入
2026-03-31,1565,Revenue,899543000.0,營業收入
2026-03-31,6672,EPS,1.73,基本每股盈餘
2026-03-31,2038,EPS,0.16,基本每股盈餘
2026-03-31,6768,EPS,1.2,基本每股盈餘
2026-03-31,5516,EPS,0.55,基本每股盈餘
2026-03-31,1614,EPS,0.47,基本每股盈餘
2026-03-31,4529,EPS,-0.17,基本每股盈餘
2026-03-31,8091,EPS,2.56,基本每股盈餘
2026-03-31,9905,EPS,0.35,基本每股盈餘
2026-03-31,2316,EPS,3.53,基本每股盈餘
2026-03-31,6147,EPS,0.59,基本每股盈餘
2026-03-31,6870,EPS,1.1,基本每股盈餘
2026-03-31,2722,Revenue,132188000.0,營業收入
2026-03-31,1737,EPS,0.47,基本每股盈餘
2026-03-31,1720,EPS,1.3,基本每股盈餘
2026-03-31,1813,EPS,0.11,基本每股盈餘
2026-03-31,7708,Revenue,721570000.0,營業收入
2026-03-31,3152,EPS,1.39,基本每股盈餘
2026-03-31,6841,EPS,0.26,基本每股盈餘
2026-03-31,2645,EPS,2.58,基本每股盈餘
2026-03-31,2762,EPS,2.01,基本每股盈餘
2026-03-31,3083,EPS,0.3,基本每股盈餘
2026-03-31,1506,EPS,0.02,基本每股盈餘
2026-03-31,6657,EPS,-0.53,基本每股盈餘
2026-03-31,1470,Revenue,191305000.0,營業收入
2026-03-31,2230,EPS,-1.21,基本每股盈餘
2026-03-31,6165,EPS,1.09,基本每股盈餘
2026-03-31,1611,EPS,0.13,基本每股盈餘
2026-03-31,3081,Revenue,904389000.0,營業收入
2026-03-31,6527,EPS,1.33,基本每股盈餘
2026-03-31,3332,EPS,1.38,基本每股盈餘
2026-03-31,3287,EPS,1.01,基本每股盈餘
2026-03-31,6550,EPS,-0.64,基本每股盈餘
2026-03-31,1597,EPS,0.43,基本每股盈餘
2026-03-31,8482,EPS,0.66,基本每股盈餘
2026-03-31,3026,EPS,2.86,基本每股盈餘
2026-03-31,8150,EPS,0.72,基本每股盈餘
2026-03-31,5392,EPS,-0.3,基本每股盈餘
2026-03-31,2520,EPS,0.52,基本每股盈餘
2026-03-31,3029,EPS,1.77,基本每股盈餘
2026-03-31,3168,Revenue,869660000.0,營業收入
2026-03-31,3288,EPS,-0.08,基本每股盈餘
2026-03-31,8411,EPS,0.19,基本每股盈餘
2026-03-31,3540,EPS,0.15,基本每股盈餘
2026-03-31,6446,Revenue,5121378000.0,營業收入
2026-03-31,3322,Revenue,784415000.0,營業收入
2026-03-31,3022,EPS,0.96,基本每股盈餘
2026-03-31,7723,EPS,-0.9,基本每股盈餘
2026-03-31,5371,EPS,-0.3,基本每股盈餘
2026-03-31,3138,EPS,-0.02,基本每股盈餘
2026-03-31,1604,EPS,0.51,基本每股盈餘
2026-03-31,3086,EPS,-0.01,基本每股盈餘
2026-03-31,2354,EPS,0.47,基本每股盈餘
2026-03-31,7780,EPS,0.13,基本每股盈餘
2026-03-31,3308,EPS,0.01,基本每股盈餘
2026-03-31,3290,EPS,2.65,基本每股盈餘
2026-03-31,3019,Revenue,6209310000.0,營業收入
2026-03-31,7753,Revenue,196264000.0,營業收入
2026-03-31,6237,Revenue,120321000.0,營業收入
2026-03-31,2460,EPS,0.11,基本每股盈餘
2026-03-31,5522,EPS,1.76,基本每股盈餘
2026-03-31,6568,EPS,1.34,基本每股盈餘
2026-03-31,7732,EPS,0.82,基本每股盈餘
2026-03-31,6155,Revenue,163900000.0,營業收入
2026-03-31,2493,EPS,1.26,基本每股盈餘
2026-03-31,2941,EPS,0.89,基本每股盈餘
2026-03-31,2444,EPS,-0.51,基本每股盈餘
2026-03-31,3259,EPS,-0.6,基本每股盈餘
2026-03-31,2542,EPS,1.15,基本每股盈餘
2026-03-31,8049,EPS,0.44,基本每股盈餘
2026-03-31,2106,EPS,0.12,基本每股盈餘
2026-03-31,3092,Revenue,414421000.0,營業收入
2026-03-31,3528,EPS,2.83,基本每股盈餘
2026-03-31,4726,EPS,-0.56,基本每股盈餘
2026-03-31,2706,Revenue,89870000.0,營業收入
2026-03-31,1515,EPS,0.07,基本每股盈餘
2026-03-31,2388,EPS,0.08,基本每股盈餘
2026-03-31,6679,EPS,3.7,基本每股盈餘
2026-03-31,2527,EPS,3.45,基本每股盈餘
2026-03-31,3004,EPS,1.92,基本每股盈餘
2026-03-31,8941,EPS,1.36,基本每股盈餘
2026-03-31,5016,EPS,0.36,基本每股盈餘
2026-03-31,3311,EPS,0.5,基本每股盈餘
2026-03-31,3006,EPS,7.22,基本每股盈餘
2026-03-31,6279,EPS,1.6,基本每股盈餘
2026-03-31,5291,EPS,0.17,基本每股盈餘
2026-03-31,1616,Revenue,1302894000.0,營業收入
2026-03-31,6207,EPS,0.06,基本每股盈餘
2026-03-31,3058,EPS,-0.19,基本每股盈餘
2026-03-31,2382,EPS,5.5,基本每股盈餘
2026-03-31,1805,EPS,0.14,基本每股盈餘
2026-03-31,1611,Revenue,252470000.0,營業收入
2026-03-31,3064,EPS,-0.27,基本每股盈餘
2026-03-31,3051,EPS,0.45,基本每股盈餘
2026-03-31,1540,Revenue,86231000.0,營業收入
2026-03-31,4106,EPS,0.46,基本每股盈餘
2026-03-31,3067,EPS,0.12,基本每股盈餘
2026-03-31,3055,EPS,-0.15,基本每股盈餘
2026-03-31,8424,EPS,1.47,基本每股盈餘
2026-03-31,6129,EPS,-0.17,基本每股盈餘
2026-03-31,4195,EPS,-0.54,基本每股盈餘
2026-03-31,2385,Revenue,22871041000.0,營業收入
2026-03-31,2504,EPS,0.7,基本每股盈餘
2026-03-31,2484,EPS,0.33,基本每股盈餘
2026-03-31,3002,EPS,-0.01,基本每股盈餘
2026-03-31,3694,EPS,1.02,基本每股盈餘
2026-03-31,3265,EPS,1.76,基本每股盈餘
2026-03-31,4994,EPS,0.42,基本每股盈餘
2026-03-31,3088,EPS,2.25,基本每股盈餘
2026-03-31,8906,EPS,-0.28,基本每股盈餘
2026-03-31,3094,EPS,0.07,基本每股盈餘
2026-03-31,2497,Revenue,1130838000.0,營業收入
2026-03-31,3518,EPS,2.81,基本每股盈餘
2026-03-31,3324,EPS,12.61,基本每股盈餘
2026-03-31,2102,EPS,0.01,基本每股盈餘
2026-03-31,3252,Revenue,140524000.0,營業收入
2026-03-31,6116,EPS,-0.06,基本每股盈餘
2026-03-31,4164,EPS,0.13,基本每股盈餘
2026-03-31,3289,EPS,2.05,基本每股盈餘
2026-03-31,8489,EPS,0.38,基本每股盈餘
2026-03-31,3176,EPS,-0.38,基本每股盈餘
2026-03-31,7631,EPS,1.76,基本每股盈餘
2026-03-31,2104,EPS,-0.81,基本每股盈餘
2026-03-31,8107,EPS,0.03,基本每股盈餘
2026-03-31,6689,Revenue,2999372000.0,營業收入
2026-03-31,2615,EPS,2.73,基本每股盈餘
2026-03-31,5211,EPS,-0.18,基本每股盈餘
2026-03-31,4943,Revenue,531722000.0,營業收入
2026-03-31,3164,EPS,0.05,基本每股盈餘
2026-03-31,4999,EPS,-0.54,基本每股盈餘
2026-03-31,3229,EPS,0.55,基本每股盈餘
2026-03-31,3226,EPS,0.02,基本每股盈餘
2026-03-31,6756,EPS,0.64,基本每股盈餘
2026-03-31,6418,Revenue,174686000.0,營業收入
2026-03-31,3221,Revenue,546579000.0,營業收入
2026-03-31,6435,Revenue,947542000.0,營業收入
2026-03-31,1529,Revenue,248511000.0,營業收入
2026-03-31,4432,EPS,2.97,基本每股盈餘
2026-03-31,7828,EPS,1.02,基本每股盈餘
2026-03-31,1528,Revenue,712104000.0,營業收入
2026-03-31,6415,EPS,1.98,基本每股盈餘
2026-03-31,9946,EPS,2.56,基本每股盈餘
2026-03-31,3450,EPS,0.69,基本每股盈餘
2026-03-31,1733,Revenue,519723000.0,營業收入
2026-03-31,8016,EPS,4.6,基本每股盈餘
2026-03-31,8222,EPS,0.37,基本每股盈餘
2026-03-31,3211,EPS,2.05,基本每股盈餘
2026-03-31,2514,EPS,0.42,基本每股盈餘
2026-03-31,5460,EPS,0.09,基本每股盈餘
2026-03-31,8038,EPS,0.24,基本每股盈餘
2026-03-31,8048,EPS,0.57,基本每股盈餘
2026-03-31,8147,EPS,0.9,基本每股盈餘
2026-03-31,2073,Revenue,116048000.0,營業收入
2026-03-31,6281,EPS,1.13,基本每股盈餘
2026-03-31,1465,EPS,0.27,基本每股盈餘
2026-03-31,5251,Revenue,89043000.0,營業收入
2026-03-31,6525,EPS,1.62,基本每股盈餘
2026-03-31,1776,EPS,0.35,基本每股盈餘
2026-03-31,7714,EPS,1.58,基本每股盈餘
2026-03-31,3512,EPS,0.46,基本每股盈餘
2026-03-31,1519,EPS,3.29,基本每股盈餘
2026-03-31,4566,EPS,0.37,基本每股盈餘
2026-03-31,7750,EPS,15.38,基本每股盈餘
2026-03-31,8416,Revenue,414241000.0,營業收入
2026-03-31,8028,EPS,1.61,基本每股盈餘
2026-03-31,2332,Revenue,3440889000.0,營業收入
2026-03-31,3563,EPS,4.61,基本每股盈餘
2026-03-31,3548,EPS,-1.35,基本每股盈餘
2026-03-31,2438,EPS,-0.32,基本每股盈餘
2026-03-31,1623,Revenue,1862335000.0,營業收入
2026-03-31,6472,EPS,0.21,基本每股盈餘
2026-03-31,5902,EPS,0.46,基本每股盈餘
2026-03-31,6203,EPS,1.37,基本每股盈餘
2026-03-31,6735,EPS,0.29,基本每股盈餘
2026-03-31,3376,EPS,0.15,基本每股盈餘
2026-03-31,4154,EPS,-0.25,基本每股盈餘
2026-03-31,3622,Revenue,363419000.0,營業收入
2026-03-31,6168,EPS,0.02,基本每股盈餘
2026-03-31,8064,EPS,0.35,基本每股盈餘
2026-03-31,6426,EPS,0.74,基本每股盈餘
2026-03-31,6806,EPS,-6.73,基本每股盈餘
2026-03-31,3046,EPS,1.2,基本每股盈餘
2026-03-31,2027,Revenue,31174326000.0,營業收入
2026-03-31,6865,Revenue,47648000.0,營業收入
2026-03-31,6671,EPS,0.26,基本每股盈餘
2026-03-31,6592,EPS,0.76,基本每股盈餘
2026-03-31,5011,EPS,0.52,基本每股盈餘
2026-03-31,6133,EPS,0.13,基本每股盈餘
2026-03-31,6767,EPS,0.09,基本每股盈餘
2026-03-31,5905,Revenue,620780000.0,營業收入
2026-03-31,2352,EPS,0.2,基本每股盈餘
2026-03-31,3073,EPS,0.0,基本每股盈餘
2026-03-31,7721,EPS,0.21,基本每股盈餘
2026-03-31,2008,EPS,0.13,基本每股盈餘
2026-03-31,2459,EPS,1.41,基本每股盈餘
2026-03-31,2614,EPS,0.3,基本每股盈餘
2026-03-31,8092,EPS,-0.28,基本每股盈餘
2026-03-31,5523,EPS,-0.04,基本每股盈餘
2026-03-31,6637,Revenue,189624000.0,營業收入
2026-03-31,3504,Revenue,684957000.0,營業收入
2026-03-31,2506,Revenue,324393000.0,營業收入
2026-03-31,1714,Revenue,7139550000.0,營業收入
2026-03-31,6547,EPS,-0.09,基本每股盈餘
2026-03-31,5011,Revenue,1168014000.0,營業收入
2026-03-31,1726,EPS,2.03,基本每股盈餘
2026-03-31,7768,EPS,1.62,基本每股盈餘
2026-03-31,7820,EPS,0.79,基本每股盈餘
2026-03-31,3294,Revenue,680593000.0,營業收入
2026-03-31,6126,EPS,0.35,基本每股盈餘
2026-03-31,6227,EPS,3.0,基本每股盈餘
2026-03-31,6796,EPS,-0.32,基本每股盈餘
2026-03-31,6918,EPS,1.39,基本每股盈餘
2026-03-31,4133,EPS,0.28,基本每股盈餘
2026-03-31,7738,EPS,2.8,基本每股盈餘
2026-03-31,3276,EPS,0.0,基本每股盈餘
2026-03-31,9941,EPS,1.82,基本每股盈餘
2026-03-31,8416,EPS,3.36,基本每股盈餘
2026-03-31,8182,EPS,0.14,基本每股盈餘
2026-03-31,1810,Revenue,1034852000.0,營業收入
2026-03-31,1517,EPS,-0.19,基本每股盈餘
2026-03-31,6741,EPS,1.15,基本每股盈餘
2026-03-31,6194,EPS,0.33,基本每股盈餘
2026-03-31,4915,EPS,1.3,基本每股盈餘
2026-03-31,7818,EPS,0.88,基本每股盈餘
2026-03-31,3673,EPS,1.33,基本每股盈餘
2026-03-31,4173,EPS,0.26,基本每股盈餘
2026-03-31,7810,EPS,1.83,基本每股盈餘
2026-03-31,8462,EPS,2.42,基本每股盈餘
2026-03-31,2414,Revenue,8173355000.0,營業收入
2026-03-31,4147,EPS,0.06,基本每股盈餘
2026-03-31,3044,EPS,5.61,基本每股盈餘
2026-03-31,1503,Revenue,11558778000.0,營業收入
2026-03-31,2515,EPS,0.16,基本每股盈餘
2026-03-31,8044,EPS,-0.39,基本每股盈餘
2026-03-31,1707,Revenue,2277961000.0,營業收入
2026-03-31,1522,Revenue,6675148000.0,營業收入
2026-03-31,8088,EPS,1.04,基本每股盈餘
2026-03-31,6906,EPS,0.6,基本每股盈餘
2026-03-31,5511,Revenue,2405631000.0,營業收入
2026-03-31,2067,EPS,-0.68,基本每股盈餘
2026-03-31,6223,EPS,12.53,基本每股盈餘
2026-03-31,1730,EPS,1.48,基本每股盈餘
2026-03-31,5206,Revenue,1684386000.0,營業收入
2026-03-31,9931,EPS,0.69,基本每股盈餘
2026-03-31,1721,Revenue,393220000.0,營業收入
2026-03-31,3708,EPS,0.13,基本每股盈餘
2026-03-31,6441,EPS,-1.36,基本每股盈餘
2026-03-31,3499,Revenue,60734000.0,營業收入
2026-03-31,1526,EPS,-0.44,基本每股盈餘
2026-03-31,1477,Revenue,8896989000.0,營業收入
2026-03-31,9955,EPS,0.05,基本每股盈餘
2026-03-31,5356,EPS,0.28,基本每股盈餘
2026-03-31,5469,EPS,1.23,基本每股盈餘
2026-03-31,6158,EPS,-1.11,基本每股盈餘
2026-03-31,3631,EPS,-0.15,基本每股盈餘
2026-03-31,2419,EPS,0.07,基本每股盈餘
2026-03-31,4148,Revenue,527663000.0,營業收入
2026-03-31,2408,Revenue,49086932000.0,營業收入
2026-03-31,6550,Revenue,37091000.0,營業收入
2026-03-31,3581,EPS,0.31,基本每股盈餘
2026-03-31,9919,Revenue,677599000.0,營業收入
2026-03-31,1905,Revenue,4394312000.0,營業收入
2026-03-31,4960,EPS,-0.27,基本每股盈餘
2026-03-31,3646,Revenue,167472000.0,營業收入
2026-03-31,1240,Revenue,689952000.0,營業收入
2026-03-31,2748,Revenue,776929000.0,營業收入
2026-03-31,1815,Revenue,1881439000.0,營業收入
2026-03-31,3363,EPS,-0.98,基本每股盈餘
2026-03-31,4763,Revenue,2711414000.0,營業收入
2026-03-31,6962,EPS,0.58,基本每股盈餘
2026-03-31,6834,Revenue,419741000.0,營業收入
2026-03-31,6994,EPS,0.48,基本每股盈餘
2026-03-31,6188,EPS,0.45,基本每股盈餘
2026-03-31,6023,EPS,2.19,基本每股盈餘
2026-03-31,6855,EPS,2.03,基本每股盈餘
2026-03-31,8040,Revenue,196292000.0,營業收入
2026-03-31,2302,EPS,0.25,基本每股盈餘
2026-03-31,6144,EPS,-0.22,基本每股盈餘
2026-03-31,3231,EPS,3.06,基本每股盈餘
2026-03-31,6722,EPS,0.34,基本每股盈餘
2026-03-31,8044,Revenue,9588620000.0,營業收入
2026-03-31,6414,Revenue,37112748000.0,營業收入
2026-03-31,8354,Revenue,172776000.0,營業收入
2026-03-31,3494,EPS,-0.29,基本每股盈餘
2026-03-31,5014,EPS,0.32,基本每股盈餘
2026-03-31,8383,EPS,1.04,基本每股盈餘
2026-03-31,1713,Revenue,112434000.0,營業收入
2026-03-31,2029,Revenue,3111785000.0,營業收入
2026-03-31,1784,Revenue,314699000.0,營業收入
2026-03-31,8937,EPS,-0.07,基本每股盈餘
2026-03-31,9934,Revenue,4675859000.0,營業收入
2026-03-31,6208,Revenue,752827000.0,營業收入
2026-03-31,1220,Revenue,695415000.0,營業收入
2026-03-31,1321,Revenue,880894000.0,營業收入
2026-03-31,4503,EPS,0.81,基本每股盈餘
2026-03-31,8249,Revenue,989460000.0,營業收入
2026-03-31,4104,Revenue,2342958000.0,營業收入
2026-03-31,3297,EPS,-0.05,基本每股盈餘
2026-03-31,4426,EPS,-0.28,基本每股盈餘
2026-03-31,3268,EPS,-0.09,基本每股盈餘
2026-03-31,6720,Revenue,88288000.0,營業收入
2026-03-31,3236,EPS,0.1,基本每股盈餘
2026-03-31,2466,EPS,0.03,基本每股盈餘
2026-03-31,4205,EPS,0.89,基本每股盈餘
2026-03-31,4157,EPS,-0.02,基本每股盈餘
2026-03-31,8155,Revenue,1535726000.0,營業收入
2026-03-31,8066,EPS,-0.91,基本每股盈餘
2026-03-31,1213,Revenue,77083000.0,營業收入
2026-03-31,3211,Revenue,3344523000.0,營業收入
2026-03-31,6451,Revenue,1553381000.0,營業收入
2026-03-31,2923,Revenue,2068437000.0,營業收入
2026-03-31,6642,Revenue,141191000.0,營業收入
2026-03-31,6292,Revenue,286697000.0,營業收入
2026-03-31,2642,EPS,-0.75,基本每股盈餘
2026-03-31,2755,Revenue,824535000.0,營業收入
2026-03-31,3232,EPS,0.18,基本每股盈餘
2026-03-31,4952,EPS,0.5,基本每股盈餘
2026-03-31,6613,Revenue,2341667000.0,營業收入
2026-03-31,1796,EPS,-0.16,基本每股盈餘
2026-03-31,4569,EPS,3.22,基本每股盈餘
2026-03-31,7734,Revenue,876246000.0,營業收入
2026-03-31,4119,Revenue,375798000.0,營業收入
2026-03-31,3011,EPS,-0.73,基本每股盈餘
2026-03-31,3402,EPS,1.56,基本每股盈餘
2026-03-31,1323,Revenue,530894000.0,營業收入
2026-03-31,2536,Revenue,885984000.0,營業收入
2026-03-31,2636,EPS,1.1,基本每股盈餘
2026-03-31,3015,EPS,0.37,基本每股盈餘
2026-03-31,2305,Revenue,246934000.0,營業收入
2026-03-31,1595,EPS,-0.74,基本每股盈餘
2026-03-31,1325,Revenue,57239000.0,營業收入
2026-03-31,3691,Revenue,2506700000.0,營業收入
2026-03-31,6843,Revenue,180022000.0,營業收入
2026-03-31,6506,Revenue,571346000.0,營業收入
2026-03-31,1231,EPS,1.0,基本每股盈餘
2026-03-31,3535,EPS,0.99,基本每股盈餘
2026-03-31,5353,Revenue,425010000.0,營業收入
2026-03-31,6683,Revenue,664648000.0,營業收入
2026-03-31,1457,Revenue,647286000.0,營業收入
2026-03-31,8929,EPS,-0.06,基本每股盈餘
2026-03-31,6716,Revenue,368918000.0,營業收入
2026-03-31,5434,Revenue,18536692000.0,營業收入
2026-03-31,2731,Revenue,8129667000.0,營業收入
2026-03-31,2719,Revenue,522665000.0,營業收入
2026-03-31,4566,Revenue,1354549000.0,營業收入
2026-03-31,6590,Revenue,161723000.0,營業收入
2026-03-31,6443,Revenue,406130000.0,營業收入
2026-03-31,6771,Revenue,131486000.0,營業收入
2026-03-31,3646,EPS,-0.36,基本每股盈餘
2026-03-31,3162,Revenue,1956307000.0,營業收入
2026-03-31,8087,EPS,0.86,基本每股盈餘
2026-03-31,9928,EPS,-0.51,基本每股盈餘
2026-03-31,1730,Revenue,651549000.0,營業收入
2026-03-31,9904,Revenue,63091727000.0,營業收入
2026-03-31,1535,Revenue,2203311000.0,營業收入
2026-03-31,6654,EPS,-0.2,基本每股盈餘
2026-03-31,6615,EPS,0.67,基本每股盈餘
2026-03-31,2397,EPS,0.76,基本每股盈餘
2026-03-31,1264,EPS,5.5,基本每股盈餘
2026-03-31,9912,Revenue,113108000.0,營業收入
2026-03-31,8096,Revenue,10173410000.0,營業收入
2026-03-31,2542,Revenue,16191907000.0,營業收入
2026-03-31,3122,EPS,-0.29,基本每股盈餘
2026-03-31,2707,EPS,5.73,基本每股盈餘
2026-03-31,6166,EPS,1.57,基本每股盈餘
2026-03-31,2451,Revenue,13628469000.0,營業收入
2026-03-31,9918,Revenue,634691000.0,營業收入
2026-03-31,1441,Revenue,289127000.0,營業收入
2026-03-31,1785,Revenue,14557891000.0,營業收入
2026-03-31,6753,EPS,2.7,基本每股盈餘
2026-03-31,3709,EPS,3.69,基本每股盈餘
2026-03-31,6183,EPS,1.07,基本每股盈餘
2026-03-31,3466,EPS,-0.31,基本每股盈餘
2026-03-31,6996,EPS,3.27,基本每股盈餘
2026-03-31,3583,Revenue,3120325000.0,營業收入
2026-03-31,1727,Revenue,519337000.0,營業收入
2026-03-31,2208,Revenue,4731963000.0,營業收入
2026-03-31,6875,EPS,-0.73,基本每股盈餘
2026-03-31,2729,Revenue,1653229000.0,營業收入
2026-03-31,3583,EPS,4.14,基本每股盈餘
2026-03-31,6890,Revenue,7077691000.0,營業收入
2026-03-31,6732,EPS,2.19,基本每股盈餘
2026-03-31,1762,Revenue,361225000.0,營業收入
2026-03-31,1313,Revenue,14431164000.0,營業收入
2026-03-31,3466,Revenue,51916000.0,營業收入
2026-03-31,8931,Revenue,620784000.0,營業收入
2026-03-31,1437,Revenue,173801000.0,營業收入
2026-03-31,4588,EPS,0.63,基本每股盈餘
2026-03-31,7712,EPS,1.42,基本每股盈餘
2026-03-31,5426,EPS,0.28,基本每股盈餘
2026-03-31,2489,Revenue,5814686000.0,營業收入
2026-03-31,6276,EPS,-0.9,基本每股盈餘
2026-03-31,1325,EPS,-0.08,基本每股盈餘
2026-03-31,1203,EPS,0.49,基本每股盈餘
2026-03-31,3570,Revenue,682437000.0,營業收入
2026-03-31,6689,EPS,0.53,基本每股盈餘
2026-03-31,2368,Revenue,19312774000.0,營業收入
2026-03-31,7703,EPS,1.08,基本每股盈餘
2026-03-31,2477,EPS,0.11,基本每股盈餘
2026-03-31,4439,EPS,2.59,基本每股盈餘
2026-03-31,6271,Revenue,2819237000.0,營業收入
2026-03-31,2395,Revenue,20385264000.0,營業收入
2026-03-31,1414,EPS,0.06,基本每股盈餘
2026-03-31,1417,Revenue,73795000.0,營業收入
2026-03-31,3057,Revenue,167729000.0,營業收入
2026-03-31,5529,EPS,0.67,基本每股盈餘
2026-03-31,3588,EPS,0.37,基本每股盈餘
2026-03-31,1294,EPS,1.41,基本每股盈餘
2026-03-31,7782,EPS,0.55,基本每股盈餘
2026-03-31,1108,EPS,0.17,基本每股盈餘
2026-03-31,2426,EPS,0.06,基本每股盈餘
2026-03-31,8383,Revenue,1005026000.0,營業收入
2026-03-31,2453,EPS,0.9,基本每股盈餘
2026-03-31,1525,Revenue,281735000.0,營業收入
2026-03-31,1476,EPS,6.69,基本每股盈餘
2026-03-31,6291,EPS,3.0,基本每股盈餘
2026-03-31,8102,Revenue,101432000.0,營業收入
2026-03-31,7786,Revenue,1772975000.0,營業收入
2026-03-31,6692,EPS,-0.92,基本每股盈餘
2026-03-31,4551,EPS,2.7,基本每股盈餘
2026-03-31,6461,Revenue,17616000.0,營業收入
2026-03-31,5263,EPS,0.67,基本每股盈餘
2026-03-31,2070,Revenue,157528000.0,營業收入
2026-03-31,3593,Revenue,132981000.0,營業收入
2026-03-31,8096,EPS,1.9,基本每股盈餘
2026-03-31,1465,Revenue,98482000.0,營業收入
2026-03-31,6263,Revenue,448681000.0,營業收入
2026-03-31,8040,EPS,0.13,基本每股盈餘
2026-03-31,6902,EPS,1.64,基本每股盈餘
2026-03-31,8099,Revenue,1165296000.0,營業收入
2026-03-31,8443,Revenue,285102000.0,營業收入
2026-03-31,7842,EPS,1.33,基本每股盈餘
2026-03-31,6767,Revenue,82366000.0,營業收入
2026-03-31,5455,Revenue,7365000.0,營業收入
2026-03-31,6142,EPS,-0.18,基本每股盈餘
2026-03-31,1341,EPS,1.62,基本每股盈餘
2026-03-31,5210,Revenue,65583000.0,營業收入
2026-03-31,6873,Revenue,1424144000.0,營業收入
2026-03-31,9946,Revenue,2286025000.0,營業收入
2026-03-31,6165,Revenue,846893000.0,營業收入
2026-03-31,1308,Revenue,1301918000.0,營業收入
2026-03-31,2330,Revenue,1134103440000.0,營業收入
2026-03-31,6203,Revenue,543305000.0,營業收入
2026-03-31,6605,EPS,4.41,基本每股盈餘
2026-03-31,6902,Revenue,303108000.0,營業收入
2026-03-31,2727,Revenue,6518701000.0,營業收入
2026-03-31,4147,Revenue,166081000.0,營業收入
2026-03-31,4609,Revenue,18318000.0,營業收入
2026-03-31,2906,EPS,0.07,基本每股盈餘
2026-03-31,2729,EPS,1.64,基本每股盈餘
2026-03-31,2596,EPS,0.2,基本每股盈餘
2026-03-31,4768,EPS,-0.58,基本每股盈餘
2026-03-31,6570,Revenue,242443000.0,營業收入
2026-03-31,8201,Revenue,121001000.0,營業收入
2026-03-31,3441,EPS,0.47,基本每股盈餘
2026-03-31,5228,Revenue,180627000.0,營業收入
2026-03-31,4128,Revenue,501633000.0,營業收入
2026-03-31,4104,EPS,1.12,基本每股盈餘
2026-03-31,8163,Revenue,6024739000.0,營業收入
2026-03-31,8104,Revenue,461998000.0,營業收入
2026-03-31,4755,EPS,1.01,基本每股盈餘
2026-03-31,8941,Revenue,747327000.0,營業收入
2026-03-31,6177,Revenue,4844225000.0,營業收入
2026-03-31,8424,Revenue,267292000.0,營業收入
2026-03-31,8086,Revenue,1222318000.0,營業收入
2026-03-31,1533,EPS,0.84,基本每股盈餘
2026-03-31,3588,Revenue,397055000.0,營業收入
2026-03-31,6113,Revenue,217190000.0,營業收入
2026-03-31,4721,EPS,1.67,基本每股盈餘
2026-03-31,5450,EPS,0.07,基本每股盈餘
2026-03-31,8227,EPS,0.64,基本每股盈餘
2026-03-31,7795,EPS,0.21,基本每股盈餘
2026-03-31,5222,Revenue,177696000.0,營業收入
2026-03-31,4721,Revenue,761345000.0,營業收入
2026-03-31,2495,EPS,0.33,基本每股盈餘
2026-03-31,3712,EPS,-1.94,基本每股盈餘
2026-03-31,6609,EPS,-0.16,基本每股盈餘
2026-03-31,1310,EPS,-0.94,基本每股盈餘
2026-03-31,1570,EPS,0.23,基本每股盈餘
2026-03-31,4739,EPS,1.51,基本每股盈餘
2026-03-31,5907,Revenue,725245000.0,營業收入
2026-03-31,3360,Revenue,2313282000.0,營業收入
2026-03-31,1788,Revenue,1145185000.0,營業收入
2026-03-31,1569,Revenue,806019000.0,營業收入
2026-03-31,2947,Revenue,585913000.0,營業收入
2026-03-31,5213,EPS,-0.12,基本每股盈餘
2026-03-31,6967,EPS,1.07,基本每股盈餘
2026-03-31,4129,EPS,0.91,基本每股盈餘
2026-03-31,2033,EPS,0.09,基本每股盈餘
2026-03-31,6781,EPS,10.64,基本每股盈餘
2026-03-31,3665,Revenue,20863649000.0,營業收入
2026-03-31,7734,EPS,14.68,基本每股盈餘
2026-03-31,3078,Revenue,1696610000.0,營業收入
2026-03-31,2489,EPS,0.15,基本每股盈餘
2026-03-31,2734,Revenue,556664000.0,營業收入
2026-03-31,2734,EPS,0.17,基本每股盈餘
2026-03-31,4527,EPS,0.65,基本每股盈餘
2026-03-31,5460,Revenue,69777000.0,營業收入
2026-03-31,6168,Revenue,502953000.0,營業收入
2026-03-31,1232,Revenue,5894059000.0,營業收入
2026-03-31,3564,Revenue,559664000.0,營業收入
2026-03-31,6641,Revenue,380896000.0,營業收入
2026-03-31,6142,Revenue,430546000.0,營業收入
2026-03-31,4749,EPS,3.66,基本每股盈餘
2026-03-31,1110,Revenue,582643000.0,營業收入
2026-03-31,1513,Revenue,6490639000.0,營業收入
2026-03-31,2390,EPS,0.54,基本每股盈餘
2026-03-31,6781,Revenue,4529845000.0,營業收入
2026-03-31,1786,EPS,0.29,基本每股盈餘
2026-03-31,1413,EPS,-0.13,基本每股盈餘
2026-03-31,8024,Revenue,34683000.0,營業收入
2026-03-31,8435,Revenue,155822000.0,營業收入
2026-03-31,2352,Revenue,51541496000.0,營業收入
2026-03-31,6951,EPS,1.49,基本每股盈餘
2026-03-31,6279,Revenue,2123415000.0,營業收入
2026-03-31,1309,Revenue,3333032000.0,營業收入
2026-03-31,1104,EPS,0.41,基本每股盈餘
2026-03-31,3388,EPS,1.2,基本每股盈餘
2026-03-31,2727,EPS,5.04,基本每股盈餘
2026-03-31,8171,EPS,-0.2,基本每股盈餘
2026-03-31,6194,Revenue,264225000.0,營業收入
2026-03-31,6485,Revenue,338036000.0,營業收入
2026-03-31,3707,EPS,-0.35,基本每股盈餘
2026-03-31,1323,EPS,0.36,基本每股盈餘
2026-03-31,8437,Revenue,53618000.0,營業收入
2026-03-31,8234,EPS,-0.44,基本每股盈餘
2026-03-31,3605,Revenue,2821542000.0,營業收入
2026-03-31,1723,Revenue,1277807000.0,營業收入
2026-03-31,3484,EPS,0.63,基本每股盈餘
2026-03-31,5465,EPS,0.39,基本每股盈餘
2026-03-31,6123,Revenue,1137759000.0,營業收入
2026-03-31,2438,Revenue,170684000.0,營業收入
2026-03-31,2033,Revenue,175517000.0,營業收入
2026-03-31,5234,EPS,2.21,基本每股盈餘
2026-03-31,8182,Revenue,668369000.0,營業收入
2026-03-31,4169,EPS,-0.45,基本每股盈餘
2026-03-31,6742,Revenue,85699000.0,營業收入
2026-03-31,4767,EPS,0.58,基本每股盈餘
2026-03-31,8272,EPS,0.39,基本每股盈餘
2026-03-31,2433,EPS,0.51,基本每股盈餘
2026-03-31,8024,EPS,-0.55,基本每股盈餘
2026-03-31,8150,Revenue,6935628000.0,營業收入
2026-03-31,5536,Revenue,11603182000.0,營業收入
2026-03-31,8215,Revenue,4546266000.0,營業收入
2026-03-31,1295,Revenue,214544000.0,營業收入
2026-03-31,1423,EPS,0.15,基本每股盈餘
2026-03-31,1460,Revenue,1697865000.0,營業收入
2026-03-31,5531,Revenue,142618000.0,營業收入
2026-03-31,1234,EPS,0.29,基本每股盈餘
2026-03-31,2392,Revenue,20284345000.0,營業收入
2026-03-31,6967,Revenue,379255000.0,營業收入
2026-03-31,8354,EPS,0.3,基本每股盈餘
2026-03-31,6830,EPS,-0.61,基本每股盈餘
2026-03-31,2464,EPS,0.24,基本每股盈餘
2026-03-31,2377,EPS,4.04,基本每股盈餘
2026-03-31,1436,Revenue,72625000.0,營業收入
2026-03-31,3592,Revenue,5437400000.0,營業收入
2026-03-31,3492,EPS,0.31,基本每股盈餘
2026-03-31,6944,EPS,10.08,基本每股盈餘
2026-03-31,7705,Revenue,1604380000.0,營業收入
2026-03-31,3479,Revenue,2143821000.0,營業收入
2026-03-31,4577,EPS,-0.21,基本每股盈餘
2026-03-31,1558,EPS,1.23,基本每股盈餘
2026-03-31,7556,EPS,2.52,基本每股盈餘
2026-03-31,3062,Revenue,1113318000.0,營業收入
2026-03-31,4173,Revenue,411381000.0,營業收入
2026-03-31,2471,EPS,0.49,基本每股盈餘
2026-03-31,1295,EPS,0.39,基本每股盈餘
2026-03-31,4933,EPS,1.9,基本每股盈餘
2026-03-31,9911,Revenue,2910126000.0,營業收入
2026-03-31,2640,Revenue,815153000.0,營業收入
2026-03-31,3171,EPS,1.44,基本每股盈餘
2026-03-31,8935,EPS,-0.09,基本每股盈餘
2026-03-31,6908,EPS,0.41,基本每股盈餘
2026-03-31,1810,EPS,3.64,基本每股盈餘
2026-03-31,6465,Revenue,71104000.0,營業收入
2026-03-31,6937,EPS,0.96,基本每股盈餘
2026-03-31,6785,EPS,-0.53,基本每股盈餘
2026-03-31,5371,Revenue,9361901000.0,營業收入
2026-03-31,3447,Revenue,823559000.0,營業收入
2026-03-31,2910,Revenue,134947000.0,營業收入
2026-03-31,6461,EPS,-0.63,基本每股盈餘
2026-03-31,2431,EPS,-0.2,基本每股盈餘
2026-03-31,1235,EPS,-0.54,基本每股盈餘
2026-03-31,6243,EPS,-0.03,基本每股盈餘
2026-03-31,6928,Revenue,547857000.0,營業收入
2026-03-31,9944,EPS,0.65,基本每股盈餘
2026-03-31,3556,EPS,1.19,基本每股盈餘
2026-03-31,2724,Revenue,32041000.0,營業收入
2026-03-31,6219,EPS,0.74,基本每股盈餘
2026-03-31,6411,Revenue,656873000.0,營業收入
2026-03-31,6962,Revenue,3917703000.0,營業收入
2026-03-31,2948,EPS,0.4,基本每股盈餘
2026-03-31,6147,Revenue,5755687000.0,營業收入
2026-03-31,4582,Revenue,242286000.0,營業收入
2026-03-31,1336,EPS,0.1,基本每股盈餘
2026-03-31,8367,EPS,0.67,基本每股盈餘
2026-03-31,5243,Revenue,3137328000.0,營業收入
2026-03-31,6205,EPS,0.38,基本每股盈餘
2026-03-31,8222,Revenue,234428000.0,營業收入
2026-03-31,6603,EPS,0.03,基本每股盈餘
2026-03-31,8367,Revenue,784501000.0,營業收入
2026-03-31,8083,EPS,2.74,基本每股盈餘
2026-03-31,8908,EPS,0.46,基本每股盈餘
2026-03-31,6411,EPS,0.54,基本每股盈餘
2026-03-31,1781,Revenue,96969000.0,營業收入
2026-03-31,4938,Revenue,244105400000.0,營業收入
2026-03-31,2329,EPS,0.33,基本每股盈餘
2026-03-31,6103,Revenue,25764000.0,營業收入
2026-03-31,6642,EPS,0.74,基本每股盈餘
2026-03-31,2739,Revenue,1423271000.0,營業收入
2026-03-31,3437,Revenue,346453000.0,營業收入
2026-03-31,8446,EPS,1.78,基本每股盈餘
2026-03-31,2305,EPS,0.16,基本每股盈餘
2026-03-31,2377,Revenue,56256838000.0,營業收入
2026-03-31,6922,EPS,2.6,基本每股盈餘
2026-03-31,2323,Revenue,2075463000.0,營業收入
2026-03-31,4442,EPS,1.17,基本每股盈餘
2026-03-31,6170,Revenue,823238000.0,營業收入
2026-03-31,3551,Revenue,810912000.0,營業收入
2026-03-31,6176,EPS,2.29,基本每股盈餘
2026-03-31,8071,Revenue,526281000.0,營業收入
2026-03-31,6523,Revenue,276348000.0,營業收入
2026-03-31,8487,EPS,2.58,基本每股盈餘
2026-03-31,6568,Revenue,345254000.0,營業收入
2026-03-31,4120,EPS,-0.29,基本每股盈餘
2026-03-31,6720,EPS,0.51,基本每股盈餘
2026-03-31,2236,Revenue,2731169000.0,營業收入
2026-03-31,6789,Revenue,2348443000.0,營業收入
2026-03-31,1342,Revenue,917285000.0,營業收入
2026-03-31,6216,Revenue,136879000.0,營業收入
2026-03-31,6958,Revenue,2567497000.0,營業收入
2026-03-31,4999,Revenue,389987000.0,營業收入
2026-03-31,7765,Revenue,597577000.0,營業收入
2026-03-31,5514,Revenue,666499000.0,營業收入
2026-03-31,2369,EPS,0.1,基本每股盈餘
2026-03-31,1538,EPS,-1.11,基本每股盈餘
2026-03-31,6121,EPS,6.83,基本每股盈餘
2026-03-31,7402,Revenue,101383000.0,營業收入
2026-03-31,4572,EPS,0.92,基本每股盈餘
2026-03-31,6277,EPS,1.08,基本每股盈餘
2026-03-31,1539,EPS,0.08,基本每股盈餘
2026-03-31,7747,Revenue,439513000.0,營業收入
2026-03-31,4736,EPS,2.99,基本每股盈餘
2026-03-31,2106,Revenue,8698617000.0,營業收入
2026-03-31,6276,Revenue,238814000.0,營業收入
2026-03-31,6166,Revenue,3443841000.0,營業收入
2026-03-31,6556,EPS,1.72,基本每股盈餘
2026-03-31,6509,Revenue,1380643000.0,營業收入
2026-03-31,3373,EPS,-0.26,基本每股盈餘
2026-03-31,1340,Revenue,11435000.0,營業收入
2026-03-31,1569,EPS,-0.73,基本每股盈餘
2026-03-31,5607,EPS,0.98,基本每股盈餘
2026-03-31,2480,EPS,2.63,基本每股盈餘
2026-03-31,1742,Revenue,17633000.0,營業收入
2026-03-31,4554,EPS,0.04,基本每股盈餘
2026-03-31,8114,EPS,2.75,基本每股盈餘
2026-03-31,2702,EPS,0.19,基本每股盈餘
2026-03-31,5478,Revenue,1935421000.0,營業收入
2026-03-31,2926,Revenue,1722858000.0,營業收入
2026-03-31,1440,Revenue,3372657000.0,營業收入
2026-03-31,6672,Revenue,1245827000.0,營業收入
2026-03-31,6146,EPS,2.97,基本每股盈餘
2026-03-31,4561,EPS,0.25,基本每股盈餘
2026-03-31,4923,Revenue,250251000.0,營業收入
2026-03-31,1608,EPS,0.37,基本每股盈餘
2026-03-31,3605,EPS,0.67,基本每股盈餘
2026-03-31,4139,EPS,-0.55,基本每股盈餘
2026-03-31,4305,EPS,1.13,基本每股盈餘
2026-03-31,8046,EPS,2.03,基本每股盈餘
2026-03-31,6751,EPS,0.3,基本每股盈餘
2026-03-31,5511,EPS,2.54,基本每股盈餘
2026-03-31,6464,EPS,1.39,基本每股盈餘
2026-03-31,9802,Revenue,3674610000.0,營業收入
2026-03-31,7810,Revenue,174255000.0,營業收入
2026-03-31,1444,Revenue,2121686000.0,營業收入
2026-03-31,2024,Revenue,233432000.0,營業收入
2026-03-31,5213,Revenue,1250786000.0,營業收入
2026-03-31,9958,Revenue,4568125000.0,營業收入
2026-03-31,8488,Revenue,1012821000.0,營業收入
2026-03-31,6491,Revenue,1885667000.0,營業收入
2026-03-31,7709,EPS,0.37,基本每股盈餘
2026-03-31,1463,EPS,-0.01,基本每股盈餘
2026-03-31,4911,EPS,0.23,基本每股盈餘
2026-03-31,4542,EPS,0.4,基本每股盈餘
2026-03-31,6144,Revenue,38391000.0,營業收入
2026-03-31,1338,EPS,-1.15,基本每股盈餘
2026-03-31,4540,EPS,-0.19,基本每股盈餘
2026-03-31,7584,Revenue,225324000.0,營業收入
2026-03-31,5465,Revenue,1072506000.0,營業收入
2026-03-31,9944,Revenue,704581000.0,營業收入
2026-03-31,6191,EPS,1.59,基本每股盈餘
2026-03-31,3499,EPS,-0.51,基本每股盈餘
2026-03-31,6477,Revenue,225003000.0,營業收入
2026-03-31,3317,EPS,0.84,基本每股盈餘
2026-03-31,7828,Revenue,152278000.0,營業收入
2026-03-31,5392,Revenue,2145944000.0,營業收入
2026-03-31,1516,Revenue,26221000.0,營業收入
2026-03-31,3484,Revenue,1083036000.0,營業收入
2026-03-31,6161,Revenue,349069000.0,營業收入
2026-03-31,9925,Revenue,2117745000.0,營業收入
2026-03-31,1806,Revenue,663911000.0,營業收入
2026-03-31,5907,EPS,-1.01,基本每股盈餘
2026-03-31,6741,Revenue,541135000.0,營業收入
2026-03-31,2706,EPS,0.14,基本每股盈餘
2026-03-31,5009,Revenue,2877277000.0,營業收入
2026-03-31,3712,Revenue,5952868000.0,營業收入
2026-03-31,6239,EPS,2.5,基本每股盈餘
2026-03-31,6028,EPS,2.48,基本每股盈餘
2026-03-31,2901,EPS,0.11,基本每股盈餘
2026-03-31,5474,Revenue,289445000.0,營業收入
2026-03-31,8215,EPS,-0.64,基本每股盈餘
2026-03-31,4584,EPS,0.91,基本每股盈餘
2026-03-31,3489,Revenue,271895000.0,營業收入
2026-03-31,2486,EPS,0.29,基本每股盈餘
2026-03-31,4510,EPS,0.2,基本每股盈餘
2026-03-31,4153,Revenue,222900000.0,營業收入
2026-03-31,3356,EPS,2.21,基本每股盈餘
2026-03-31,6763,EPS,0.55,基本每股盈餘
2026-03-31,6949,Revenue,6368000.0,營業收入
2026-03-31,2905,EPS,0.03,基本每股盈餘
2026-03-31,6918,Revenue,219385000.0,營業收入
2026-03-31,3130,EPS,3.57,基本每股盈餘
2026-03-31,2059,Revenue,5449725000.0,營業收入
2026-03-31,8104,EPS,-0.39,基本每股盈餘
2026-03-31,5299,EPS,1.65,基本每股盈餘
2026-03-31,8249,EPS,0.37,基本每股盈餘
2026-03-31,4915,Revenue,15918649000.0,營業收入
2026-03-31,3479,EPS,2.22,基本每股盈餘
2026-03-31,6875,Revenue,1792000.0,營業收入
2026-03-31,8033,EPS,0.34,基本每股盈餘
2026-03-31,1309,EPS,-0.53,基本每股盈餘
2026-03-31,7714,Revenue,446007000.0,營業收入
2026-03-31,2313,Revenue,19548062000.0,營業收入
2026-03-31,5314,EPS,0.37,基本每股盈餘
2026-03-31,6223,Revenue,3933067000.0,營業收入
2026-03-31,6873,EPS,0.25,基本每股盈餘
2026-03-31,6175,Revenue,1118439000.0,營業收入
2026-03-31,3540,Revenue,1269154000.0,營業收入
2026-03-31,2243,EPS,0.66,基本每股盈餘
2026-03-31,5234,Revenue,1201300000.0,營業收入
2026-03-31,6944,Revenue,4706862000.0,營業收入
2026-03-31,1108,Revenue,980706000.0,營業收入
2026-03-31,6535,Revenue,4483000.0,營業收入
2026-03-31,6712,Revenue,190491000.0,營業收入
2026-03-31,4561,Revenue,230944000.0,營業收入
2026-03-31,2022,Revenue,3459605000.0,營業收入
2026-03-31,3622,EPS,1.09,基本每股盈餘
2026-03-31,6150,Revenue,1565259000.0,營業收入
2026-03-31,3447,EPS,0.17,基本每股盈餘
2026-03-31,6791,Revenue,201630000.0,營業收入
2026-03-31,1256,Revenue,1141779000.0,營業收入
2026-03-31,3038,Revenue,732363000.0,營業收入
2026-03-31,6605,Revenue,4732845000.0,營業收入
2026-03-31,2385,EPS,2.0,基本每股盈餘
2026-03-31,5403,Revenue,769225000.0,營業收入
2026-03-31,2453,Revenue,1583059000.0,營業收入
2026-03-31,4133,Revenue,87906000.0,營業收入
2026-03-31,4961,Revenue,4501219000.0,營業收入
2026-03-31,2017,Revenue,670622000.0,營業收入
2026-03-31,1219,EPS,0.11,基本每股盈餘
2026-03-31,1110,EPS,0.05,基本每股盈餘
2026-03-31,2206,Revenue,14947523000.0,營業收入
2026-03-31,8114,Revenue,3538762000.0,營業收入
2026-03-31,2347,Revenue,126357648000.0,營業收入
2026-03-31,8401,Revenue,367381000.0,營業收入
2026-03-31,2498,Revenue,652623000.0,營業收入
2026-03-31,3356,Revenue,281264000.0,營業收入
2026-03-31,3520,Revenue,305953000.0,營業收入
2026-03-31,4188,Revenue,6387000.0,營業收入
2026-03-31,7709,Revenue,183912000.0,營業收入
2026-03-31,1109,Revenue,855342000.0,營業收入
2026-03-31,6180,EPS,0.63,基本每股盈餘
2026-03-31,8299,EPS,68.8,基本每股盈餘
2026-03-31,8940,EPS,1.34,基本每股盈餘
2026-03-31,4545,Revenue,528259000.0,營業收入
2026-03-31,8048,Revenue,269678000.0,營業收入
2026-03-31,1419,EPS,9.37,基本每股盈餘
2026-03-31,3532,Revenue,3308768000.0,營業收入
2026-03-31,4569,Revenue,499360000.0,營業收入
2026-03-31,5439,Revenue,2537737000.0,營業收入
2026-03-31,4924,Revenue,230437000.0,營業收入
2026-03-31,2414,EPS,1.17,基本每股盈餘
2026-03-31,8046,Revenue,11177241000.0,營業收入
2026-03-31,6910,Revenue,81613000.0,營業收入
2026-03-31,2545,Revenue,1966951000.0,營業收入
2026-03-31,3048,Revenue,33502237000.0,營業收入
2026-03-31,4807,Revenue,614904000.0,營業收入
2026-03-31,8289,Revenue,444457000.0,營業收入
2026-03-31,8163,EPS,0.2,基本每股盈餘
2026-03-31,2313,EPS,1.26,基本每股盈餘
2026-03-31,8929,Revenue,179243000.0,營業收入
2026-03-31,7780,Revenue,463842000.0,營業收入
2026-03-31,3596,Revenue,12784117000.0,營業收入
2026-03-31,6796,Revenue,147416000.0,營業收入
2026-03-31,2324,Revenue,201303536000.0,營業收入
2026-03-31,1236,Revenue,545487000.0,營業收入
2026-03-31,2243,Revenue,558167000.0,營業收入
2026-03-31,5274,Revenue,3146757000.0,營業收入
2026-03-31,5547,EPS,0.37,基本每股盈餘
2026-03-31,3715,EPS,-0.74,基本每股盈餘
2026-03-31,1103,Revenue,688370000.0,營業收入
2026-03-31,4923,EPS,0.1,基本每股盈餘
2026-03-31,8234,Revenue,1146731000.0,營業收入
2026-03-31,2114,Revenue,388362000.0,營業收入
2026-03-31,4563,Revenue,550598000.0,營業收入
2026-03-31,1455,Revenue,1265739000.0,營業收入
2026-03-31,6020,EPS,0.49,基本每股盈餘
2026-03-31,1201,Revenue,5001067000.0,營業收入
2026-03-31,5523,Revenue,1137000.0,營業收入
2026-03-31,4943,EPS,-0.23,基本每股盈餘
2026-03-31,3694,Revenue,3021746000.0,營業收入
2026-03-31,6683,EPS,6.23,基本每股盈餘
2026-03-31,2233,Revenue,813177000.0,營業收入
2026-03-31,1468,EPS,0.17,基本每股盈餘
2026-03-31,4120,Revenue,1150930000.0,營業收入
2026-03-31,2359,Revenue,890066000.0,營業收入
2026-03-31,6185,Revenue,154595000.0,營業收入
2026-03-31,4442,Revenue,437136000.0,營業收入
2026-03-31,3373,Revenue,93484000.0,營業收入
2026-03-31,1225,Revenue,3261472000.0,營業收入
2026-03-31,6859,Revenue,172666000.0,營業收入
2026-03-31,2486,Revenue,1620292000.0,營業收入
2026-03-31,6725,EPS,2.59,基本每股盈餘
2026-03-31,6592,Revenue,5805627000.0,營業收入
2026-03-31,6523,EPS,1.88,基本每股盈餘
2026-03-31,3717,EPS,0.47,基本每股盈餘
2026-03-31,1312,EPS,-1.17,基本每股盈餘
2026-03-31,9925,EPS,0.47,基本每股盈餘
2026-03-31,6197,EPS,3.21,基本每股盈餘
2026-03-31,8028,Revenue,1303393000.0,營業收入
2026-03-31,4167,Revenue,233578000.0,營業收入
2026-03-31,7770,Revenue,53394000.0,營業收入
2026-03-31,6914,Revenue,1436180000.0,營業收入
2026-03-31,6508,EPS,0.36,基本每股盈餘
2026-03-31,8446,Revenue,217552000.0,營業收入
2026-03-31,8038,Revenue,165435000.0,營業收入
2026-03-31,6219,Revenue,1148689000.0,營業收入
2026-03-31,6221,Revenue,1023884000.0,營業收入
2026-03-31,1201,EPS,0.2,基本每股盈餘
2026-03-31,4510,Revenue,444506000.0,營業收入
2026-03-31,1815,EPS,0.79,基本每股盈餘
2026-03-31,2316,Revenue,1022324000.0,營業收入
2026-03-31,6415,Revenue,4860017000.0,營業收入
2026-03-31,2419,Revenue,2075187000.0,營業收入
2026-03-31,1235,Revenue,58970000.0,營業收入
2026-03-31,6596,Revenue,604059000.0,營業收入
2026-03-31,9950,Revenue,570615000.0,營業收入
2026-03-31,5481,Revenue,21998000.0,營業收入
2026-03-31,5227,EPS,-1.43,基本每股盈餘
2026-03-31,4554,Revenue,114360000.0,營業收入
2026-03-31,3031,Revenue,285293000.0,營業收入
2026-03-31,3416,Revenue,946676000.0,營業收入
2026-03-31,7712,Revenue,330173000.0,營業收入
2026-03-31,6881,Revenue,644410000.0,營業收入
2026-03-31,6838,EPS,-0.1,基本每股盈餘
2026-03-31,6661,Revenue,83766000.0,營業收入
2026-03-31,1423,Revenue,31233000.0,營業收入
2026-03-31,2477,Revenue,506123000.0,營業收入
2026-03-31,2493,Revenue,937502000.0,營業收入
2026-03-31,2497,EPS,0.8,基本每股盈餘
2026-03-31,5314,Revenue,1303356000.0,營業收入
2026-03-31,6934,Revenue,3685000.0,營業收入
2026-03-31,2939,Revenue,76237000.0,營業收入
2026-03-31,2636,Revenue,4846226000.0,營業收入
2026-03-31,6246,Revenue,275194000.0,營業收入
2026-03-31,4441,Revenue,1889968000.0,營業收入
2026-03-31,1314,Revenue,4092344000.0,營業收入
2026-03-31,2926,EPS,0.17,基本每股盈餘
2026-03-31,5706,Revenue,714091000.0,營業收入
2026-03-31,6515,Revenue,2980415000.0,營業收入
2026-03-31,3349,Revenue,61245000.0,營業收入
2026-03-31,2901,Revenue,33925000.0,營業收入
2026-03-31,6173,EPS,1.19,基本每股盈餘
2026-03-31,4726,Revenue,196814000.0,營業收入
2026-03-31,6152,Revenue,331599000.0,營業收入
2026-03-31,2484,Revenue,558493000.0,營業收入
2026-03-31,1203,Revenue,1323768000.0,營業收入
2026-03-31,4401,EPS,0.16,基本每股盈餘
2026-03-31,1452,Revenue,328337000.0,營業收入
2026-03-31,2480,Revenue,2420984000.0,營業收入
2026-03-31,3520,EPS,-0.07,基本每股盈餘
2026-03-31,4966,EPS,6.77,基本每股盈餘
2026-03-31,3715,Revenue,5631562000.0,營業收入
2026-03-31,4162,Revenue,239795000.0,營業收入
2026-03-31,3546,Revenue,519510000.0,營業收入
2026-03-31,2362,Revenue,4941226000.0,營業收入
2026-03-31,6654,Revenue,121893000.0,營業收入
2026-03-31,1414,Revenue,113452000.0,營業收入
2026-03-31,3363,Revenue,381969000.0,營業收入
2026-03-31,4535,Revenue,591586000.0,營業收入
2026-03-31,1444,EPS,0.07,基本每股盈餘
2026-03-31,3028,Revenue,17721795000.0,營業收入
2026-03-31,1227,Revenue,7770446000.0,營業收入
2026-03-31,1213,EPS,-0.37,基本每股盈餘
2026-03-31,6697,Revenue,419478000.0,營業收入
2026-03-31,5514,EPS,0.32,基本每股盈餘
2026-03-31,6190,Revenue,2491500000.0,營業收入
2026-03-31,1324,Revenue,169793000.0,營業收入
2026-03-31,3504,EPS,0.05,基本每股盈餘
2026-03-31,7732,Revenue,299982000.0,營業收入
2026-03-31,4107,Revenue,546438000.0,營業收入
2026-03-31,4905,Revenue,208841000.0,營業收入
2026-03-31,1312,Revenue,7516970000.0,營業收入
2026-03-31,2606,Revenue,3891765000.0,營業收入
2026-03-31,6188,Revenue,2171362000.0,營業收入
2026-03-31,8466,Revenue,646708000.0,營業收入
2026-03-31,4153,EPS,0.42,基本每股盈餘
2026-03-31,2610,Revenue,56997031000.0,營業收入
2026-03-31,1471,EPS,-0.03,基本每股盈餘
2026-03-31,4755,Revenue,1140680000.0,營業收入
2026-03-31,2227,EPS,-0.89,基本每股盈餘
2026-03-31,2612,Revenue,1239781000.0,營業收入
2026-03-31,6598,Revenue,217115000.0,營業收入
2026-03-31,2460,Revenue,1130635000.0,營業收入
2026-03-31,6667,Revenue,1542902000.0,營業收入
2026-03-31,4584,Revenue,262818000.0,營業收入
2026-03-31,3388,Revenue,2004341000.0,營業收入
2026-03-31,6757,Revenue,5537922000.0,營業收入
2026-03-31,6207,Revenue,272649000.0,營業收入
2026-03-31,3034,Revenue,23145303000.0,營業收入
2026-03-31,1437,EPS,0.68,基本每股盈餘
2026-03-31,4417,Revenue,678050000.0,營業收入
2026-03-31,3628,Revenue,804199000.0,營業收入
2026-03-31,5211,Revenue,58020000.0,營業收入
2026-03-31,6205,Revenue,292528000.0,營業收入
2026-03-31,2230,Revenue,733737000.0,營業收入
2026-03-31,3689,EPS,2.04,基本每股盈餘
2026-03-31,3709,Revenue,11809621000.0,營業收入
2026-03-31,4406,Revenue,76818000.0,營業收入
2026-03-31,2645,Revenue,4739309000.0,營業收入
2026-03-31,4744,Revenue,239954000.0,營業收入
2026-03-31,6129,Revenue,332276000.0,營業收入
2026-03-31,3704,Revenue,6310208000.0,營業收入
2026-03-31,6225,Revenue,6077000.0,營業收入
2026-03-31,2248,Revenue,593726000.0,營業收入
2026-03-31,6952,Revenue,561789000.0,營業收入
2026-03-31,2211,Revenue,3331378000.0,營業收入
2026-03-31,3492,Revenue,197402000.0,營業收入
2026-03-31,2630,Revenue,1096139000.0,營業收入
2026-03-31,6139,Revenue,20346268000.0,營業收入
2026-03-31,5469,Revenue,15693986000.0,營業收入
2026-03-31,6692,Revenue,137029000.0,營業收入
2026-03-31,4169,Revenue,172891000.0,營業收入
2026-03-31,4114,Revenue,1627778000.0,營業收入
2026-03-31,2104,Revenue,3507985000.0,營業收入
2026-03-31,4960,Revenue,1822834000.0,營業收入
2026-03-31,6136,Revenue,171722000.0,營業收入
2026-03-31,8131,Revenue,2944616000.0,營業收入
2026-03-31,4558,Revenue,303832000.0,營業收入
2026-03-31,4529,Revenue,1254000.0,營業收入
2026-03-31,4414,Revenue,3299887000.0,營業收入
2026-03-31,6465,EPS,1.31,基本每股盈餘
2026-03-31,2472,EPS,1.6,基本每股盈餘
2026-03-31,4139,Revenue,254096000.0,營業收入
2026-03-31,6625,EPS,1.42,基本每股盈餘
2026-03-31,6862,EPS,1.0,基本每股盈餘
2026-03-31,8429,Revenue,22983000.0,營業收入
2026-03-31,2506,EPS,0.13,基本每股盈餘
2026-03-31,4305,Revenue,234276000.0,營業收入
2026-03-31,4716,EPS,0.17,基本每股盈餘
2026-03-31,7803,Revenue,10800000.0,營業收入
2026-03-31,2468,Revenue,628511000.0,營業收入
2026-03-31,4736,Revenue,1074466000.0,營業收入
2026-03-31,2603,EPS,3.84,基本每股盈餘
2026-03-31,4572,Revenue,182818000.0,營業收入
2026-03-31,3176,Revenue,261496000.0,營業收入
2026-03-31,6708,Revenue,51931000.0,營業收入
2026-03-31,3332,Revenue,474553000.0,營業收入
2026-03-31,4164,Revenue,1160484000.0,營業收入
2026-03-31,2762,Revenue,2811384000.0,營業收入
2026-03-31,6531,Revenue,2099951000.0,營業收入
2026-03-31,2108,Revenue,2595684000.0,營業收入
2026-03-31,1796,Revenue,153198000.0,營業收入
2026-03-31,3490,Revenue,48656000.0,營業收入
2026-03-31,2608,EPS,0.47,基本每股盈餘
2026-03-31,8926,Revenue,13705478000.0,營業收入
2026-03-31,6588,Revenue,95642000.0,營業收入
2026-03-31,6235,Revenue,1642000000.0,營業收入
2026-03-31,4767,Revenue,232361000.0,營業收入
2026-03-31,3044,Revenue,20964231000.0,營業收入
2026-03-31,3094,Revenue,47206000.0,營業收入
2026-03-31,5328,Revenue,234435000.0,營業收入
2026-03-31,2067,Revenue,230032000.0,營業收入
2026-03-31,3294,EPS,-0.45,基本每股盈餘
2026-03-31,3114,Revenue,734092000.0,營業收入
2026-03-31,3041,EPS,-0.48,基本每股盈餘
2026-03-31,4426,Revenue,217210000.0,營業收入
2026-03-31,3297,Revenue,50212000.0,營業收入
2026-03-31,3122,Revenue,81453000.0,營業收入
2026-03-31,4556,Revenue,168484000.0,營業收入
2026-03-31,6028,Revenue,1492835000.0,營業收入
2026-03-31,3317,Revenue,708192000.0,營業收入
2026-03-31,3290,Revenue,902201000.0,營業收入
2026-03-31,7716,EPS,0.17,基本每股盈餘
2026-03-31,3322,EPS,-0.64,基本每股盈餘
2026-03-31,3308,Revenue,1568000.0,營業收入
2026-03-31,3552,Revenue,1734733000.0,營業收入
2026-03-31,3221,EPS,0.36,基本每股盈餘
2026-03-31,3324,Revenue,8551657000.0,營業收入
2026-03-31,3311,Revenue,527357000.0,營業收入
2026-03-31,4523,Revenue,356096000.0,營業收入
2026-03-31,3226,Revenue,339879000.0,營業收入
2026-03-31,3289,Revenue,1083458000.0,營業收入
2026-03-31,2906,Revenue,2284987000.0,營業收入
2026-03-31,3305,Revenue,3764700000.0,營業收入
2026-03-31,3229,Revenue,342922000.0,營業收入
2026-03-31,3288,Revenue,18029000.0,營業收入
2026-03-31,2504,Revenue,5032863000.0,營業收入
2026-03-31,6259,Revenue,171262000.0,營業收入
2026-03-31,2423,EPS,1.3,基本每股盈餘
2026-03-31,2201,EPS,0.35,基本每股盈餘
2026-03-31,4716,Revenue,134779000.0,營業收入
2026-03-31,3689,Revenue,1923908000.0,營業收入
2026-03-31,5878,Revenue,222431000.0,營業收入
2026-03-31,2482,Revenue,113886000.0,營業收入
2026-03-31,8940,Revenue,624039000.0,營業收入
2026-03-31,4303,EPS,-0.48,基本每股盈餘
2026-03-31,2547,EPS,0.06,基本每股盈餘
2026-03-31,6246,EPS,-0.68,基本每股盈餘
2026-03-31,3663,EPS,0.26,基本每股盈餘
2026-03-31,8299,Revenue,40966953000.0,營業收入
2026-03-31,3632,Revenue,72621000.0,營業收入
2026-03-31,2428,Revenue,2053739000.0,營業收入
2026-03-31,4768,Revenue,441245000.0,營業收入
2026-03-31,8437,EPS,-0.4,基本每股盈餘
2026-03-31,4911,Revenue,32218000.0,營業收入
2026-03-31,2617,Revenue,1083585000.0,營業收入
2026-03-31,1240,EPS,0.89,基本每股盈餘
2026-03-31,4581,EPS,0.88,基本每股盈餘
2026-03-31,3402,Revenue,1372885000.0,營業收入
2026-03-31,2464,Revenue,1864911000.0,營業收入
2026-03-31,3592,EPS,3.82,基本每股盈餘
2026-03-31,4540,Revenue,788261000.0,營業收入
2026-03-31,3556,Revenue,309177000.0,營業收入
2026-03-31,3511,EPS,-0.09,基本每股盈餘
2026-03-31,1454,Revenue,294179000.0,營業收入
2026-03-31,8410,EPS,0.57,基本每股盈餘
2026-03-31,2324,EPS,0.45,基本每股盈餘
2026-03-31,1909,EPS,-0.02,基本每股盈餘
2026-03-31,3232,Revenue,248278000.0,營業收入
2026-03-31,1294,Revenue,228051000.0,營業收入
2026-03-31,6285,Revenue,29156181000.0,營業收入
2026-03-31,3006,Revenue,7266900000.0,營業收入
2026-03-31,6708,EPS,-0.2,基本每股盈餘
2026-03-31,2073,EPS,-0.28,基本每股盈餘
2026-03-31,3679,EPS,2.67,基本每股盈餘
2026-03-31,3011,Revenue,147119000.0,營業收入
2026-03-31,4770,Revenue,1058605000.0,營業收入
2026-03-31,1256,EPS,3.24,基本每股盈餘
2026-03-31,3663,Revenue,2448860000.0,營業收入
2026-03-31,3015,Revenue,3045119000.0,營業收入
2026-03-31,4588,Revenue,219356000.0,營業收入
2026-03-31,3349,EPS,-0.48,基本每股盈餘
2026-03-31,6486,Revenue,464554000.0,營業收入
2026-03-31,3051,Revenue,376381000.0,營業收入
2026-03-31,2423,Revenue,820800000.0,營業收入
2026-03-31,3543,EPS,-0.16,基本每股盈餘
2026-03-31,3067,Revenue,26116000.0,營業收入
2026-03-31,3055,Revenue,84070000.0,營業收入
2026-03-31,4746,Revenue,1064006000.0,營業收入
2026-03-31,1434,EPS,0.2,基本每股盈餘
2026-03-31,3078,EPS,0.72,基本每股盈餘
2026-03-31,3058,Revenue,782324000.0,營業收入
2026-03-31,5902,Revenue,519770000.0,營業收入
2026-03-31,3002,Revenue,190898000.0,營業收入
2026-03-31,6807,Revenue,816575000.0,營業收入
2026-03-31,3064,Revenue,19573000.0,營業收入
2026-03-31,3191,Revenue,42210000.0,營業收入
2026-03-31,3004,Revenue,1204086000.0,營業收入
2026-03-31,3162,EPS,0.02,基本每股盈餘
2026-03-31,3164,Revenue,89170000.0,營業收入
2026-03-31,3265,Revenue,1307800000.0,營業收入
2026-03-31,4303,Revenue,227640000.0,營業收入
2026-03-31,1783,Revenue,190868000.0,營業收入
2026-03-31,3236,Revenue,537543000.0,營業收入
2026-03-31,3168,EPS,0.6,基本每股盈餘
2026-03-31,3268,Revenue,214204000.0,營業收入
2026-03-31,8455,Revenue,314894000.0,營業收入
2026-03-31,4154,Revenue,5367000.0,營業收入
2026-03-31,4908,Revenue,265443000.0,營業收入
2026-03-31,4205,Revenue,492896000.0,營業收入
2026-03-31,3083,Revenue,98413000.0,營業收入
2026-03-31,2948,Revenue,531050000.0,營業收入
2026-03-31,6957,Revenue,1008397000.0,營業收入
2026-03-31,4195,Revenue,151793000.0,營業收入
2026-03-31,3026,Revenue,3618451000.0,營業收入
2026-03-31,3287,Revenue,216670000.0,營業收入
2026-03-31,2514,Revenue,5519551000.0,營業收入
2026-03-31,3022,Revenue,1592354000.0,營業收入
2026-03-31,4157,Revenue,10340000.0,營業收入
2026-03-31,3029,Revenue,6876938000.0,營業收入
2026-03-31,3081,EPS,3.44,基本每股盈餘
2026-03-31,2520,Revenue,4862541000.0,營業收入
2026-03-31,4123,EPS,2.62,基本每股盈餘
2026-03-31,3276,Revenue,138645000.0,營業收入
2026-03-31,3259,Revenue,45725000.0,營業收入
2026-03-31,3019,EPS,1.05,基本每股盈餘
2026-03-31,7818,Revenue,2782427000.0,營業收入
2026-03-31,2038,Revenue,1937498000.0,營業收入
2026-03-31,2916,EPS,1.26,基本每股盈餘
2026-03-31,3609,Revenue,83890000.0,營業收入
2026-03-31,4551,Revenue,2271946000.0,營業收入
2026-03-31,2364,Revenue,338915000.0,營業收入
2026-03-31,1416,EPS,0.18,基本每股盈餘
2026-03-31,5489,EPS,0.29,基本每股盈餘
2026-03-31,2102,Revenue,41123000.0,營業收入
2026-03-31,2405,Revenue,420084000.0,營業收入
2026-03-31,2431,Revenue,62551000.0,營業收入
2026-03-31,4807,EPS,1.7,基本每股盈餘
2026-03-31,5202,Revenue,29886000.0,營業收入
2026-03-31,3702,Revenue,316500457000.0,營業收入
2026-03-31,3130,Revenue,643703000.0,營業收入
2026-03-31,5403,EPS,1.42,基本每股盈餘
2026-03-31,3653,EPS,9.53,基本每股盈餘
2026-03-31,6754,EPS,0.12,基本每股盈餘
2026-03-31,3535,Revenue,325299000.0,營業收入
2026-03-31,8091,Revenue,651645000.0,營業收入
2026-03-31,4711,Revenue,187905000.0,營業收入
2026-03-31,7402,EPS,-0.4,基本每股盈餘
2026-03-31,4739,Revenue,2370728000.0,營業收入
2026-03-31,8921,Revenue,146817000.0,營業收入
2026-03-31,4729,Revenue,248534000.0,營業收入
2026-03-31,3665,EPS,11.66,基本每股盈餘
2026-03-31,5487,Revenue,37314000.0,營業收入
2026-03-31,7770,EPS,0.1,基本每股盈餘
2026-03-31,4439,Revenue,1813173000.0,營業收入
2026-03-31,4503,Revenue,161837000.0,營業收入
2026-03-31,2947,EPS,1.02,基本每股盈餘
2026-03-31,6570,EPS,0.57,基本每股盈餘
2026-03-31,1229,EPS,0.55,基本每股盈餘
2026-03-31,8933,Revenue,486719000.0,營業收入
2026-03-31,2596,Revenue,130962000.0,營業收入
2026-03-31,5547,Revenue,488333000.0,營業收入
2026-03-31,8411,Revenue,2726482000.0,營業收入
2026-03-31,3543,Revenue,836726000.0,營業收入
2026-03-31,4178,Revenue,87809000.0,營業收入
2026-03-31,2642,Revenue,816736000.0,營業收入
2026-03-31,8016,Revenue,5328772000.0,營業收入
2026-03-31,8131,EPS,0.96,基本每股盈餘
2026-03-31,2615,Revenue,33640864000.0,營業收入
2026-03-31,6541,Revenue,132827000.0,營業收入
2026-03-31,4905,EPS,1.75,基本每股盈餘
2026-03-31,1231,Revenue,3348538000.0,營業收入
2026-03-31,3206,Revenue,731010000.0,營業收入
2026-03-31,1447,Revenue,8071598000.0,營業收入
2026-03-31,3213,Revenue,728281000.0,營業收入
2026-03-31,7703,Revenue,539517000.0,營業收入
2026-03-31,5450,Revenue,601184000.0,營業收入
2026-03-31,6637,EPS,1.01,基本每股盈餘
2026-03-31,3088,Revenue,2120523000.0,營業收入
2026-03-31,1109,EPS,0.01,基本每股盈餘
2026-03-31,6113,EPS,0.2,基本每股盈餘
2026-03-31,4770,EPS,2.52,基本每股盈餘
2026-03-31,3092,EPS,-0.95,基本每股盈餘
2026-03-31,8482,Revenue,893999000.0,營業收入
2026-03-31,4432,Revenue,237593000.0,營業收入
2026-03-31,6233,Revenue,86655000.0,營業收入
2026-03-31,2444,Revenue,203399000.0,營業收入
2026-03-31,1454,EPS,-0.2,基本每股盈餘
2026-03-31,8054,Revenue,1703274000.0,營業收入
2026-03-31,6124,Revenue,463278000.0,營業收入
2026-03-31,3138,Revenue,394778000.0,營業收入
2026-03-31,6111,EPS,-0.19,基本每股盈餘
2026-03-31,1308,EPS,-0.2,基本每股盈餘
2026-03-31,4542,Revenue,217239000.0,營業收入
2026-03-31,9939,Revenue,6859793000.0,營業收入
2026-03-31,3086,Revenue,32552000.0,營業收入
2026-03-31,2459,Revenue,1246416000.0,營業收入
2026-03-31,6547,Revenue,105932000.0,營業收入
2026-03-31,4772,EPS,1.33,基本每股盈餘
2026-03-31,2466,Revenue,158640000.0,營業收入
2026-03-31,4577,Revenue,210857000.0,營業收入
2026-03-31,2633,Revenue,13890559000.0,營業收入
2026-03-31,6768,Revenue,5357007000.0,營業收入
2026-03-31,9802,EPS,0.89,基本每股盈餘
2026-03-31,6931,Revenue,304626000.0,營業收入
2026-03-31,2421,Revenue,5019470000.0,營業收入
2026-03-31,2375,Revenue,1440450000.0,營業收入
2026-03-31,1809,Revenue,592290000.0,營業收入
2026-03-31,3432,Revenue,67059000.0,營業收入
2026-03-31,1524,Revenue,562184000.0,營業收入
2026-03-31,2345,Revenue,70120741000.0,營業收入
2026-03-31,6805,EPS,13.38,基本每股盈餘
2026-03-31,2373,Revenue,2488885000.0,營業收入
2026-03-31,4533,Revenue,870124000.0,營業收入
2026-03-31,9907,Revenue,10442730000.0,營業收入
2026-03-31,4927,EPS,-3.1,基本每股盈餘
2026-03-31,1338,Revenue,1155491000.0,營業收入
2026-03-31,1604,Revenue,2372906000.0,營業收入
2026-03-31,9937,Revenue,5403497000.0,營業收入
2026-03-31,2458,Revenue,3224766000.0,營業收入
2026-03-31,2359,EPS,0.78,基本每股盈餘
2026-03-31,5291,Revenue,322031000.0,營業收入
2026-03-31,6906,Revenue,79546000.0,營業收入
2026-03-31,3379,Revenue,184353000.0,營業收入
2026-03-31,1718,EPS,0.17,基本每股盈餘
2026-03-31,7820,Revenue,97945000.0,營業收入
2026-03-31,4161,Revenue,224291000.0,營業收入
2026-03-31,6901,Revenue,-336282000.0,營業收入
2026-03-31,6472,Revenue,4001231000.0,營業收入
2026-03-31,4137,Revenue,918059000.0,營業收入
2026-03-31,3465,Revenue,337099000.0,營業收入
2026-03-31,2941,Revenue,245950000.0,營業收入
2026-03-31,4440,Revenue,294726000.0,營業收入
2026-03-31,1319,EPS,1.62,基本每股盈餘
2026-03-31,3152,Revenue,352425000.0,營業收入
2026-03-31,6761,Revenue,455112000.0,營業收入
2026-03-31,6885,Revenue,2823000.0,營業收入
2026-03-31,7708,EPS,1.92,基本每股盈餘
2026-03-31,6725,Revenue,938397000.0,營業收入
2026-03-31,2527,Revenue,4588717000.0,營業收入
2026-03-31,6239,Revenue,21314167000.0,營業收入
2026-03-31,3441,Revenue,113335000.0,營業收入
2026-03-31,1316,EPS,-0.19,基本每股盈餘
2026-03-31,8092,Revenue,52807000.0,營業收入
2026-03-31,6955,Revenue,84385000.0,營業收入
2026-03-31,3131,Revenue,1596363000.0,營業收入
2026-03-31,6895,EPS,0.0,基本每股盈餘
2026-03-31,2924,EPS,-0.22,基本每股盈餘
2026-03-31,6751,Revenue,462397000.0,營業收入
2026-03-31,6615,Revenue,93034000.0,營業收入
2026-03-31,5455,EPS,-0.15,基本每股盈餘
2026-03-31,2536,EPS,0.15,基本每股盈餘
2026-03-31,6844,Revenue,848548000.0,營業收入
2026-03-31,4711,EPS,0.23,基本每股盈餘
2026-03-31,4743,EPS,-0.31,基本每股盈餘
2026-03-31,6649,EPS,0.0,基本每股盈餘
2026-03-31,7738,Revenue,149007000.0,營業收入
2026-03-31,6756,Revenue,414892000.0,營業收入
2026-03-31,2338,EPS,0.52,基本每股盈餘
2026-03-31,6435,EPS,3.67,基本每股盈餘
2026-03-31,6115,Revenue,1862840000.0,營業收入
2026-03-31,4111,EPS,0.9,基本每股盈餘
2026-03-31,1313,EPS,0.08,基本每股盈餘
2026-03-31,8107,Revenue,209956000.0,營業收入
2026-03-31,8489,Revenue,478085000.0,營業收入
2026-03-31,5212,Revenue,248684000.0,營業收入
2026-03-31,2426,Revenue,545147000.0,營業收入
2026-03-31,3581,Revenue,405160000.0,營業收入
2026-03-31,6844,EPS,1.57,基本每股盈餘
2026-03-31,3526,EPS,4.7,基本每股盈餘
2026-03-31,6785,Revenue,250000.0,營業收入
2026-03-31,2029,EPS,0.42,基本每股盈餘
2026-03-31,5386,Revenue,8613491000.0,營業收入
2026-03-31,6121,Revenue,18469187000.0,營業收入
2026-03-31,6625,Revenue,771910000.0,營業收入
2026-03-31,5701,Revenue,127386000.0,營業收入
2026-03-31,2387,EPS,0.49,基本每股盈餘
2026-03-31,2204,Revenue,9416045000.0,營業收入
2026-03-31,7718,EPS,1.5,基本每股盈餘
2026-03-31,6969,Revenue,77977000.0,營業收入
2026-03-31,6125,EPS,0.16,基本每股盈餘
2026-03-31,2369,Revenue,1689388000.0,營業收入
2026-03-31,2451,EPS,18.93,基本每股盈餘
2026-03-31,5607,Revenue,1214027000.0,營業收入
2026-03-31,6148,Revenue,119489000.0,營業收入
2026-03-31,1319,Revenue,5630744000.0,營業收入
2026-03-31,9912,EPS,-0.19,基本每股盈餘
2026-03-31,4806,EPS,-0.04,基本每股盈餘
2026-03-31,8067,EPS,-0.62,基本每股盈餘
2026-03-31,5309,EPS,0.09,基本每股盈餘
2026-03-31,8099,EPS,0.79,基本每股盈餘
2026-03-31,5439,EPS,3.51,基本每股盈餘
2026-03-31,3684,Revenue,257050000.0,營業收入
2026-03-31,2402,Revenue,2809995000.0,營業收入
2026-03-31,3577,Revenue,387396000.0,營業收入
2026-03-31,1477,EPS,4.35,基本每股盈餘
2026-03-31,1339,EPS,2.78,基本每股盈餘
2026-03-31,5321,EPS,-2.37,基本每股盈餘
2026-03-31,8049,Revenue,284815000.0,營業收入
2026-03-31,2340,Revenue,954029000.0,營業收入
2026-03-31,6443,EPS,-0.2,基本每股盈餘
2026-03-31,8478,Revenue,1429685000.0,營業收入
2026-03-31,6937,Revenue,582447000.0,營業收入
2026-03-31,1735,EPS,0.2,基本每股盈餘
2026-03-31,1232,EPS,2.33,基本每股盈餘
2026-03-31,2724,EPS,-0.43,基本每股盈餘
2026-03-31,5225,Revenue,2323130000.0,營業收入
2026-03-31,1436,EPS,-0.31,基本每股盈餘
2026-03-31,2468,EPS,0.3,基本每股盈餘
2026-03-31,2115,EPS,0.27,基本每股盈餘
2026-03-31,6908,Revenue,1152294000.0,營業收入
2026-03-31,9955,Revenue,445902000.0,營業收入
2026-03-31,1315,EPS,0.15,基本每股盈餘
2026-03-31,4906,Revenue,3112326000.0,營業收入
2026-03-31,2206,EPS,1.37,基本每股盈餘
2026-03-31,9917,EPS,1.6,基本每股盈餘
2026-03-31,5536,EPS,12.76,基本每股盈餘
2026-03-31,6806,Revenue,4189858000.0,營業收入
2026-03-31,8272,Revenue,80043000.0,營業收入
2026-03-31,6138,Revenue,1979004000.0,營業收入
2026-03-31,2308,Revenue,159352652000.0,營業收入
2026-03-31,8921,EPS,-0.26,基本每股盈餘
2026-03-31,6229,Revenue,649237000.0,營業收入
2026-03-31,3526,Revenue,1101057000.0,營業收入
2026-03-31,2939,EPS,-0.3,基本每股盈餘
2026-03-31,4991,Revenue,714680000.0,營業收入
2026-03-31,3521,EPS,2.12,基本每股盈餘
2026-03-31,5244,EPS,-0.48,基本每股盈餘
2026-03-31,1225,EPS,0.44,基本每股盈餘
2026-03-31,1805,Revenue,103694000.0,營業收入
2026-03-31,1337,Revenue,152344000.0,營業收入
2026-03-31,5498,Revenue,447662000.0,營業收入
2026-03-31,6590,EPS,0.84,基本每股盈餘
2026-03-31,4188,EPS,-0.21,基本每股盈餘
2026-03-31,7792,Revenue,1367012000.0,營業收入
2026-03-31,3652,EPS,0.4,基本每股盈餘
2026-03-31,3485,Revenue,135603000.0,營業收入
2026-03-31,2471,Revenue,232263000.0,營業收入
2026-03-31,6134,EPS,0.15,基本每股盈餘
2026-03-31,2114,EPS,1.41,基本每股盈餘
2026-03-31,2701,Revenue,65646000.0,營業收入
2026-03-31,3631,Revenue,8997000.0,營業收入
2026-03-31,6910,EPS,0.27,基本每股盈餘
2026-03-31,4949,Revenue,787617000.0,營業收入
2026-03-31,6161,EPS,0.83,基本每股盈餘
2026-03-31,2015,Revenue,6404574000.0,營業收入
2026-03-31,1785,EPS,2.54,基本每股盈餘
2026-03-31,2034,EPS,0.0,基本每股盈餘
2026-03-31,4967,Revenue,9044806000.0,營業收入
2026-03-31,6485,EPS,0.0,基本每股盈餘
2026-03-31,9911,EPS,1.87,基本每股盈餘
2026-03-31,6671,Revenue,365756000.0,營業收入
2026-03-31,6517,EPS,0.52,基本每股盈餘
2026-03-31,8464,Revenue,7305395000.0,營業收入
2026-03-31,1712,Revenue,4795226000.0,營業收入
2026-03-31,7716,Revenue,445072000.0,營業收入
2026-03-31,2024,EPS,0.16,基本每股盈餘
2026-03-31,9934,EPS,0.28,基本每股盈餘
2026-03-31,6716,EPS,1.59,基本每股盈餘
2026-03-31,6598,EPS,0.2,基本每股盈餘
2026-03-31,6541,EPS,-1.47,基本每股盈餘
2026-03-31,2458,EPS,2.46,基本每股盈餘
2026-03-31,5609,EPS,1.66,基本每股盈餘
2026-03-31,8916,Revenue,1446336000.0,營業收入
2026-03-31,4977,Revenue,208300000.0,營業收入
2026-03-31,1626,EPS,-1.11,基本每股盈餘
2026-03-31,6620,EPS,0.46,基本每股盈餘
2026-03-31,2031,EPS,0.22,基本每股盈餘
2026-03-31,5425,Revenue,4390420000.0,營業收入
2026-03-31,6597,EPS,-0.45,基本每股盈餘
2026-03-31,2351,Revenue,2805040000.0,營業收入
2026-03-31,5312,Revenue,1124876000.0,營業收入
2026-03-31,1446,EPS,0.5,基本每股盈餘
2026-03-31,4161,EPS,0.3,基本每股盈餘
2026-03-31,1315,Revenue,400564000.0,營業收入
2026-03-31,2753,EPS,3.56,基本每股盈餘
2026-03-31,6462,Revenue,2270779000.0,營業收入
2026-03-31,6735,Revenue,93677000.0,營業收入
2026-03-31,2428,EPS,2.21,基本每股盈餘
2026-03-31,3673,Revenue,17886696000.0,營業收入
2026-03-31,6284,Revenue,1674744000.0,營業收入
2026-03-31,1459,Revenue,231160000.0,營業收入
2026-03-31,2433,Revenue,678056000.0,營業收入
2026-03-31,6733,Revenue,54945000.0,營業收入
2026-03-31,1468,Revenue,127625000.0,營業收入
2026-03-31,6177,EPS,3.53,基本每股盈餘
2026-03-31,8074,Revenue,364305000.0,營業收入
2026-03-31,1217,Revenue,1166163000.0,營業收入
2026-03-31,6505,EPS,2.14,基本每股盈餘
2026-03-31,6150,EPS,1.54,基本每股盈餘
2026-03-31,1455,EPS,-0.05,基本每股盈餘
2026-03-31,6829,Revenue,604395000.0,營業收入
2026-03-31,5223,EPS,-0.44,基本每股盈餘
2026-03-31,2008,Revenue,349981000.0,營業收入
2026-03-31,5015,EPS,0.25,基本每股盈餘
2026-03-31,2597,Revenue,7352773000.0,營業收入
2026-03-31,5531,EPS,0.07,基本每股盈餘
2026-03-31,6441,Revenue,27701000.0,營業收入
2026-03-31,1521,EPS,0.44,基本每股盈餘
2026-03-31,4563,EPS,-0.52,基本每股盈餘
2026-03-31,1104,Revenue,1759047000.0,營業收入
2026-03-31,6240,Revenue,12523000.0,營業收入
2026-03-31,3105,Revenue,4590060000.0,營業收入
2026-03-31,8923,Revenue,110597000.0,營業收入
2026-03-31,6556,Revenue,367894000.0,營業收入
2026-03-31,5301,Revenue,57788000.0,營業收入
2026-03-31,4994,Revenue,310457000.0,營業收入
2026-03-31,4406,EPS,-0.32,基本每股盈餘
2026-03-31,7713,Revenue,278944000.0,營業收入
2026-03-31,1438,Revenue,377477000.0,營業收入
2026-03-31,6499,Revenue,114288000.0,營業收入
2026-03-31,8110,Revenue,1969998000.0,營業收入
2026-03-31,6657,Revenue,1391000.0,營業收入
2026-03-31,2722,EPS,-0.21,基本每股盈餘
2026-03-31,2062,EPS,0.0,基本每股盈餘
2026-03-31,6117,EPS,1.33,基本每股盈餘
2026-03-31,5478,EPS,2.39,基本每股盈餘
2026-03-31,2331,Revenue,5002870000.0,營業收入
2026-03-31,6855,Revenue,133109000.0,營業收入
2026-03-31,6965,Revenue,4785297000.0,營業收入
2026-03-31,6841,Revenue,69446000.0,營業收入
2026-03-31,3443,Revenue,11447812000.0,營業收入
2026-03-31,1903,Revenue,39188000.0,營業收入
2026-03-31,2436,Revenue,1047731000.0,營業收入
2026-03-31,8064,Revenue,673411000.0,營業收入
2026-03-31,1234,Revenue,2328332000.0,營業收入
2026-03-31,2353,Revenue,72423012000.0,營業收入
2026-03-31,4933,Revenue,735194000.0,營業收入
2026-03-31,6277,Revenue,1293181000.0,營業收入
2026-03-31,2108,EPS,0.34,基本每股盈餘
2026-03-31,6525,Revenue,1357265000.0,營業收入
2026-03-31,2345,EPS,14.92,基本每股盈餘
2026-03-31,8906,Revenue,60146000.0,營業收入
2026-03-31,6235,EPS,0.3,基本每股盈餘
2026-03-31,4702,Revenue,24332000.0,營業收入
2026-03-31,6548,Revenue,3671848000.0,營業收入
2026-03-31,1532,EPS,-0.09,基本每股盈餘
2026-03-31,9906,EPS,1.57,基本每股盈餘
2026-03-31,1342,EPS,2.08,基本每股盈餘
2026-03-31,6210,Revenue,105059000.0,營業收入
2026-03-31,6761,EPS,1.6,基本每股盈餘
2026-03-31,2382,Revenue,809221055000.0,營業收入
2026-03-31,2231,EPS,0.4,基本每股盈餘
2026-03-31,3189,Revenue,11104965000.0,營業收入
2026-03-31,1340,EPS,-0.3,基本每股盈餘
2026-03-31,6679,Revenue,537143000.0,營業收入
2026-03-31,6281,Revenue,4414198000.0,營業收入
2026-03-31,3073,Revenue,63255000.0,營業收入
2026-03-31,6901,EPS,-0.42,基本每股盈餘
2026-03-31,6609,Revenue,491704000.0,營業收入
2026-03-31,3498,Revenue,251332000.0,營業收入
2026-03-31,6805,Revenue,4183854000.0,營業收入
2026-03-31,9939,EPS,2.25,基本每股盈餘
2026-03-31,5328,EPS,0.11,基本每股盈餘
2026-03-31,5245,EPS,-0.79,基本每股盈餘
2026-03-31,9928,Revenue,227172000.0,營業收入
2026-03-31,1504,EPS,0.51,基本每股盈餘
2026-03-31,1438,EPS,0.65,基本每股盈餘
2026-03-31,6753,Revenue,1324923000.0,營業收入
2026-03-31,8072,EPS,0.29,基本每股盈餘
2026-03-31,4556,EPS,0.13,基本每股盈餘
2026-03-31,1452,EPS,-0.09,基本每股盈餘
2026-03-31,4128,EPS,-0.31,基本每股盈餘
2026-03-31,5348,Revenue,66793000.0,營業收入
2026-03-31,6133,Revenue,324191000.0,營業收入
2026-03-31,4581,Revenue,279274000.0,營業收入
2026-03-31,2049,Revenue,6379288000.0,營業收入
2026-03-31,6153,Revenue,1180166000.0,營業收入
2026-03-31,5276,Revenue,250155000.0,營業收入
2026-03-31,4129,Revenue,1494352000.0,營業收入
2026-03-31,6640,EPS,5.19,基本每股盈餘
2026-03-31,2441,EPS,1.4,基本每股盈餘
2026-03-31,8032,EPS,0.94,基本每股盈餘
2026-03-31,6164,EPS,0.05,基本每股盈餘
2026-03-31,6229,EPS,0.14,基本每股盈餘
2026-03-31,1618,EPS,1.57,基本每股盈餘
2026-03-31,5490,EPS,0.7,基本每股盈餘
2026-03-31,5016,Revenue,492400000.0,營業收入
2026-03-31,1233,EPS,0.34,基本每股盈餘
2026-03-31,4527,Revenue,572086000.0,營業收入
2026-03-31,2409,EPS,-0.15,基本每股盈餘
2026-03-31,1442,EPS,0.23,基本每股盈餘
2026-03-31,1727,EPS,0.28,基本每股盈餘
2026-03-31,5388,EPS,1.01,基本每股盈餘
2026-03-31,6667,EPS,3.63,基本每股盈餘
2026-03-31,1590,EPS,13.35,基本每股盈餘
2026-03-31,4989,EPS,0.13,基本每股盈餘
2026-03-31,5543,EPS,-0.75,基本每股盈餘
2026-03-31,1337,EPS,-0.43,基本每股盈餘
2026-03-31,8476,Revenue,326235000.0,營業收入
2026-03-31,1752,EPS,0.32,基本每股盈餘
2026-03-31,2338,Revenue,1538711000.0,營業收入
2026-03-31,3036,EPS,5.32,基本每股盈餘
2026-03-31,5538,Revenue,3164547000.0,營業收入
2026-03-31,1219,Revenue,3634112000.0,營業收入
2026-03-31,1536,Revenue,1193410000.0,營業收入
2026-03-31,9931,Revenue,429478000.0,營業收入
2026-03-31,6234,EPS,0.23,基本每股盈餘
2026-03-31,3450,Revenue,2086881000.0,營業收入
2026-03-31,6243,Revenue,90026000.0,營業收入
2026-03-31,6799,EPS,1.14,基本每股盈餘
2026-03-31,8462,Revenue,1626910000.0,營業收入
2026-03-31,4952,Revenue,586800000.0,營業收入
2026-03-31,4121,Revenue,938310000.0,營業收入
2026-03-31,1418,EPS,-0.75,基本每股盈餘
2026-03-31,2442,Revenue,3189806000.0,營業收入
2026-03-31,2006,Revenue,13602390000.0,營業收入
2026-03-31,4106,Revenue,583212000.0,營業收入
2026-03-31,4912,EPS,1.35,基本每股盈餘
2026-03-31,2732,EPS,1.1,基本每股盈餘
2026-03-31,1324,EPS,-0.06,基本每股盈餘
2026-03-31,1445,Revenue,171054000.0,營業收入
2026-03-31,1435,Revenue,1495000.0,營業收入
2026-03-31,1314,EPS,-0.07,基本每股盈餘
2026-03-31,3485,EPS,1.69,基本每股盈餘
2026-03-31,1528,EPS,-0.15,基本每股盈餘
2026-03-31,1418,Revenue,648000.0,營業收入
2026-03-31,2498,EPS,-0.29,基本每股盈餘
2026-03-31,1467,Revenue,1182469000.0,營業收入
2026-03-31,4107,EPS,2.09,基本每股盈餘
2026-03-31,7791,Revenue,486306000.0,營業收入
2026-03-31,2702,Revenue,363520000.0,營業收入
2026-03-31,8066,Revenue,844867000.0,營業收入
2026-03-31,4950,Revenue,269171000.0,營業收入
2026-03-31,3624,Revenue,727980000.0,營業收入
2026-03-31,1591,EPS,-0.08,基本每股盈餘
2026-03-31,3062,EPS,-0.54,基本每股盈餘
2026-03-31,6201,Revenue,697897000.0,營業收入
2026-03-31,1210,EPS,0.94,基本每股盈餘
2026-03-31,3546,EPS,2.34,基本每股盈餘
2026-03-31,5356,Revenue,779934000.0,營業收入
2026-03-31,6698,EPS,-0.35,基本每股盈餘
2026-03-31,3189,EPS,1.17,基本每股盈餘
2026-03-31,6285,EPS,2.36,基本每股盈餘
2026-03-31,4178,EPS,-0.19,基本每股盈餘
2026-03-31,6026,EPS,0.07,基本每股盈餘
2026-03-31,2374,EPS,0.73,基本每股盈餘
2026-03-31,3406,Revenue,6140741000.0,營業收入
2026-03-31,1463,Revenue,62815000.0,營業收入
2026-03-31,1215,EPS,1.26,基本每股盈餘
2026-03-31,6191,Revenue,9340071000.0,營業收入
2026-03-31,3054,Revenue,135881000.0,營業收入
2026-03-31,1535,EPS,0.77,基本每股盈餘
2026-03-31,2109,Revenue,1087805000.0,營業收入
2026-03-31,3035,Revenue,2588502000.0,營業收入
2026-03-31,9921,EPS,-0.51,基本每股盈餘
2026-03-31,1227,EPS,0.52,基本每股盈餘
2026-03-31,6108,EPS,-1.08,基本每股盈餘
2026-03-31,1264,Revenue,1757903000.0,營業收入
2026-03-31,4987,EPS,1.46,基本每股盈餘
2026-03-31,8110,EPS,0.49,基本每股盈餘
2026-03-31,4930,EPS,-0.5,基本每股盈餘
2026-03-31,2916,Revenue,538098000.0,營業收入
2026-03-31,3669,Revenue,689061000.0,營業收入
2026-03-31,2474,Revenue,3773945000.0,營業收入
2026-03-31,3049,Revenue,99550000.0,營業收入
2026-03-31,2756,Revenue,301267000.0,營業收入
2026-03-31,2347,EPS,1.77,基本每股盈餘
2026-03-31,2061,EPS,0.3,基本每股盈餘
2026-03-31,5516,Revenue,568569000.0,營業收入
2026-03-31,3085,Revenue,11821000.0,營業收入
2026-03-31,3597,Revenue,198150000.0,營業收入
2026-03-31,6645,Revenue,123596000.0,營業收入
2026-03-31,6412,Revenue,7783863000.0,營業收入
2026-03-31,7743,Revenue,154076000.0,營業收入
2026-03-31,6703,Revenue,744505000.0,營業收入
2026-03-31,1451,Revenue,1528005000.0,營業收入
2026-03-31,4557,EPS,0.11,基本每股盈餘
2026-03-31,6666,EPS,0.32,基本每股盈餘
2026-03-31,5529,Revenue,312567000.0,營業收入
2026-03-31,1446,Revenue,180694000.0,營業收入
2026-03-31,5704,EPS,0.28,基本每股盈餘
2026-03-31,7721,Revenue,143810000.0,營業收入
2026-03-31,5452,EPS,0.01,基本每股盈餘
2026-03-31,1817,EPS,1.21,基本每股盈餘
2026-03-31,7718,Revenue,631162000.0,營業收入
2026-03-31,6416,Revenue,1057732000.0,營業收入
2026-03-31,8201,EPS,-0.11,基本每股盈餘
2026-03-31,2321,EPS,-0.12,基本每股盈餘
2026-03-31,6821,Revenue,122068000.0,營業收入
2026-03-31,6830,Revenue,578726000.0,營業收入
2026-03-31,3252,EPS,0.09,基本每股盈餘
2026-03-31,3231,Revenue,846303026000.0,營業收入
2026-03-31,6531,EPS,4.15,基本每股盈餘
2026-03-31,7811,EPS,1.09,基本每股盈餘
2026-03-31,8085,Revenue,175412000.0,營業收入
2026-03-31,8996,Revenue,3422971000.0,營業收入
2026-03-31,6757,EPS,2.91,基本每股盈餘
2026-03-31,6669,Revenue,276507734000.0,營業收入
2026-03-31,3528,Revenue,3501682000.0,營業收入
2026-03-31,7750,Revenue,4864503000.0,營業收入
2026-03-31,6474,EPS,0.9,基本每股盈餘
2026-03-31,8102,EPS,0.4,基本每股盈餘
2026-03-31,6257,Revenue,5293776000.0,營業收入
2026-03-31,3379,EPS,-0.39,基本每股盈餘
2026-03-31,5013,Revenue,1901836000.0,營業收入
2026-03-31,6988,EPS,-0.05,基本每股盈餘
2026-03-31,8261,EPS,1.57,基本每股盈餘
2026-03-31,5251,EPS,0.1,基本每股盈餘
2026-03-31,3150,EPS,-0.02,基本每股盈餘
2026-03-31,1447,EPS,0.1,基本每股盈餘
2026-03-31,4927,Revenue,2758842000.0,營業收入
2026-03-31,1777,Revenue,275573000.0,營業收入
2026-03-31,6579,Revenue,2410208000.0,營業收入
2026-03-31,6530,EPS,0.65,基本每股盈餘
2026-03-31,8088,Revenue,504034000.0,營業收入
2026-03-31,2002,Revenue,79161889000.0,營業收入
2026-03-31,2349,Revenue,1609102000.0,營業收入
2026-03-31,6971,EPS,0.16,基本每股盈餘
2026-03-31,2614,Revenue,1238745000.0,營業收入
2026-03-31,3713,EPS,-0.22,基本每股盈餘
2026-03-31,6921,Revenue,28453000.0,營業收入
2026-03-31,1341,Revenue,680910000.0,營業收入
2026-03-31,5347,Revenue,12531629000.0,營業收入
2026-03-31,6492,EPS,-0.75,基本每股盈餘
2026-03-31,1460,EPS,0.02,基本每股盈餘
2026-03-31,9924,Revenue,1482990000.0,營業收入
2026-03-31,5301,EPS,-0.18,基本每股盈餘
2026-03-31,3105,EPS,1.26,基本每股盈餘
2026-03-31,2241,EPS,-0.15,基本每股盈餘
2026-03-31,1307,Revenue,2952809000.0,營業收入
2026-03-31,6957,EPS,1.51,基本每股盈餘
2026-03-31,1526,Revenue,161967000.0,營業收入
2026-03-31,6143,EPS,1.41,基本每股盈餘
2026-03-31,1722,EPS,0.19,基本每股盈餘
2026-03-31,5309,Revenue,863335000.0,營業收入
2026-03-31,4903,EPS,0.37,基本每股盈餘
2026-03-31,1416,Revenue,106290000.0,營業收入
2026-03-31,4123,Revenue,465976000.0,營業收入
2026-03-31,5324,EPS,-0.11,基本每股盈餘
2026-03-31,2373,EPS,0.72,基本每股盈餘
2026-03-31,3360,EPS,-0.01,基本每股盈餘
2026-03-31,6170,EPS,1.09,基本每股盈餘
2026-03-31,6241,Revenue,167062000.0,營業收入
2026-03-31,5243,EPS,1.47,基本每股盈餘
2026-03-31,7822,Revenue,684442000.0,營業收入
2026-03-31,1473,Revenue,1959149000.0,營業收入
2026-03-31,7777,Revenue,-39298000.0,營業收入
2026-03-31,8045,Revenue,443408000.0,營業收入
2026-03-31,3494,Revenue,248180000.0,營業收入
2026-03-31,4977,EPS,-1.18,基本每股盈餘
2026-03-31,2354,Revenue,25274831000.0,營業收入
2026-03-31,3577,EPS,1.47,基本每股盈餘
2026-03-31,2064,EPS,0.0,基本每股盈餘
2026-03-31,3438,EPS,0.24,基本每股盈餘
2026-03-31,6516,EPS,0.66,基本每股盈餘
2026-03-31,5206,EPS,2.45,基本每股盈餘
2026-03-31,5520,Revenue,906665000.0,營業收入
2026-03-31,1434,Revenue,6979321000.0,營業收入
2026-03-31,4987,Revenue,315234000.0,營業收入
2026-03-31,4533,EPS,0.2,基本每股盈餘
2026-03-31,1795,Revenue,8644409000.0,營業收入
2026-03-31,6446,EPS,5.79,基本每股盈餘
2026-03-31,3686,EPS,-0.01,基本每股盈餘
2026-03-31,6515,EPS,19.54,基本每股盈餘
2026-03-31,7753,EPS,1.08,基本每股盈餘
2026-03-31,2912,EPS,2.97,基本每股盈餘
2026-03-31,2439,Revenue,10970652000.0,營業收入
2026-03-31,9949,Revenue,34503000.0,營業收入
2026-03-31,3016,Revenue,1058983000.0,營業收入
2026-03-31,1236,EPS,0.23,基本每股盈餘
2026-03-31,8054,EPS,-0.01,基本每股盈餘
2026-03-31,1233,Revenue,568211000.0,營業收入
2026-03-31,5278,Revenue,628877000.0,營業收入
2026-03-31,1339,Revenue,394676000.0,營業收入
2026-03-31,7723,Revenue,1087347000.0,營業收入
2026-03-31,5706,EPS,0.62,基本每股盈餘
2026-03-31,6126,Revenue,1308899000.0,營業收入
2026-03-31,5355,EPS,-0.14,基本每股盈餘
2026-03-31,6486,EPS,0.59,基本每股盈餘
2026-03-31,2314,Revenue,383603000.0,營業收入
2026-03-31,6754,Revenue,602033000.0,營業收入
2026-03-31,2736,EPS,-0.1,基本每股盈餘
2026-03-31,3717,Revenue,1850293000.0,營業收入
2026-03-31,8499,Revenue,909590000.0,營業收入
2026-03-31,8171,Revenue,92856000.0,營業收入
2026-03-31,4729,EPS,0.04,基本每股盈餘
2026-03-31,3563,Revenue,863415000.0,營業收入
2026-03-31,6831,Revenue,854383000.0,營業收入
2026-03-31,7749,EPS,3.56,基本每股盈餘
2026-03-31,4747,EPS,1.46,基本每股盈餘
2026-03-31,4560,EPS,0.76,基本每股盈餘
2026-03-31,3313,Revenue,4957000.0,營業收入
2026-03-31,2495,Revenue,370134000.0,營業收入
2026-03-31,1435,EPS,-0.08,基本每股盈餘
2026-03-31,1708,Revenue,1553624000.0,營業收入
2026-03-31,4530,Revenue,70186000.0,營業收入
2026-03-31,1702,Revenue,5815363000.0,營業收入
2026-03-31,1451,EPS,0.47,基本每股盈餘
2026-03-31,4749,Revenue,1245693000.0,營業收入
2026-03-31,1603,EPS,0.29,基本每股盈餘
2026-03-31,6899,EPS,1.08,基本每股盈餘
2026-03-31,6804,Revenue,420176000.0,營業收入
2026-03-31,5386,EPS,43.05,基本每股盈餘
2026-03-31,2115,Revenue,795763000.0,營業收入
2026-03-31,6164,Revenue,183889000.0,營業收入
2026-03-31,1459,EPS,0.03,基本每股盈餘
2026-03-31,3609,EPS,-1.05,基本每股盈餘
2026-03-31,8358,Revenue,2532020000.0,營業收入
2026-03-31,2424,EPS,-0.58,基本每股盈餘
2026-03-31,6951,Revenue,209781000.0,營業收入
2026-03-31,6474,Revenue,976407000.0,營業收入
2026-03-31,6804,EPS,0.17,基本每股盈餘
2026-03-31,7795,Revenue,417748000.0,營業收入
2026-03-31,1413,Revenue,437912000.0,營業收入
2026-03-31,1409,EPS,0.39,基本每股盈餘
2026-03-31,1310,Revenue,2184647000.0,營業收入
2026-03-31,1440,EPS,-0.05,基本每股盈餘
2026-03-31,5263,Revenue,329123000.0,營業收入
2026-03-31,6173,Revenue,1016550000.0,營業收入
2026-03-31,5201,Revenue,61130000.0,營業收入
2026-03-31,3036,Revenue,494272920000.0,營業收入
2026-03-31,7715,EPS,0.64,基本每股盈餘
2026-03-31,2062,Revenue,1629689000.0,營業收入
2026-03-31,9941,Revenue,9588907000.0,營業收入
2026-03-31,2357,EPS,13.19,基本每股盈餘
2026-03-31,5530,EPS,0.95,基本每股盈餘
2026-03-31,2736,Revenue,169353000.0,營業收入
2026-03-31,6823,EPS,-2.46,基本每股盈餘
2026-03-31,2912,Revenue,88527614000.0,營業收入
2026-03-31,3708,Revenue,188810000.0,營業收入
2026-03-31,1457,EPS,0.2,基本每股盈餘
2026-03-31,6213,Revenue,9143071000.0,營業收入
2026-03-31,6111,Revenue,2953197000.0,營業收入
2026-03-31,7631,Revenue,408502000.0,營業收入
2026-03-31,1445,EPS,0.03,基本每股盈餘
2026-03-31,6464,Revenue,1039000000.0,營業收入
2026-03-31,2207,EPS,7.95,基本每股盈餘
2026-03-31,8404,Revenue,1903965000.0,營業收入
2026-03-31,1702,EPS,0.12,基本每股盈餘
2026-03-31,5321,Revenue,568652000.0,營業收入
2026-03-31,3014,Revenue,1734052000.0,營業收入
2026-03-31,1473,EPS,0.69,基本每股盈餘
2026-03-31,3693,EPS,1.54,基本每股盈餘
2026-03-31,6231,Revenue,438822000.0,營業收入
2026-03-31,5443,EPS,0.19,基本每股盈餘
2026-03-31,5438,EPS,-0.24,基本每股盈餘
2026-03-31,5269,EPS,24.85,基本每股盈餘
2026-03-31,3042,Revenue,3339207000.0,營業收入
2026-03-31,6668,Revenue,266191000.0,營業收入
2026-03-31,2543,Revenue,2901102000.0,營業收入
2026-03-31,2516,EPS,0.25,基本每股盈餘
2026-03-31,6877,Revenue,38923000.0,營業收入
2026-03-31,6451,EPS,-1.45,基本每股盈餘
2026-03-31,4909,EPS,0.05,基本每股盈餘
2026-03-31,3530,Revenue,541943000.0,營業收入
2026-03-31,1466,EPS,0.17,基本每股盈餘
2026-03-31,5340,EPS,0.46,基本每股盈餘
2026-03-31,4714,EPS,-0.02,基本每股盈餘
2026-03-31,5493,Revenue,1471667000.0,營業收入
2026-03-31,2231,Revenue,760094000.0,營業收入
2026-03-31,2449,Revenue,10191943000.0,營業收入
2026-03-31,7811,Revenue,669530000.0,營業收入
2026-03-31,1558,Revenue,1926175000.0,營業收入
2026-03-31,6640,Revenue,830305000.0,營業收入
2026-03-31,2515,Revenue,6998716000.0,營業收入
2026-03-31,9914,EPS,1.09,基本每股盈餘
2026-03-31,6218,EPS,0.35,基本每股盈餘
2026-03-31,1316,Revenue,1897267000.0,營業收入
2026-03-31,6442,Revenue,2705681000.0,營業收入
2026-03-31,5515,Revenue,2015280000.0,營業收入
2026-03-31,6658,EPS,1.63,基本每股盈餘
2026-03-31,5410,EPS,1.48,基本每股盈餘
2026-03-31,9929,Revenue,172802000.0,營業收入
2026-03-31,6552,EPS,-0.65,基本每股盈餘
2026-03-31,2348,EPS,0.16,基本每股盈餘
2026-03-31,1733,EPS,0.81,基本每股盈餘
2026-03-31,6283,EPS,-0.07,基本每股盈餘
2026-03-31,6581,EPS,1.17,基本每股盈餘
2026-03-31,5512,EPS,0.05,基本每股盈餘
2026-03-31,6924,EPS,2.26,基本每股盈餘
2026-03-31,3296,EPS,-0.37,基本每股盈餘
2026-03-31,3438,Revenue,198374000.0,營業收入
2026-03-31,6196,EPS,5.08,基本每股盈餘
2026-03-31,3167,Revenue,1946206000.0,營業收入
2026-03-31,1802,Revenue,10244189000.0,營業收入
2026-03-31,6752,EPS,1.39,基本每股盈餘
2026-03-31,3523,EPS,-0.45,基本每股盈餘
2026-03-31,6574,Revenue,195451000.0,營業收入
2026-03-31,3594,Revenue,522555000.0,營業收入
2026-03-31,1220,EPS,-0.17,基本每股盈餘
2026-03-31,2383,EPS,14.9,基本每股盈餘
2026-03-31,5525,EPS,1.0,基本每股盈餘
2026-03-31,3048,EPS,1.22,基本每股盈餘
2026-03-31,9930,EPS,1.1,基本每股盈餘
2026-03-31,4549,EPS,0.74,基本每股盈餘
2026-03-31,6174,EPS,0.33,基本每股盈餘
2026-03-31,8042,Revenue,1111201000.0,營業收入
2026-03-31,1580,Revenue,1094432000.0,營業收入
2026-03-31,2538,Revenue,82552000.0,營業收入
2026-03-31,1432,Revenue,198079000.0,營業收入
2026-03-31,3323,EPS,-0.56,基本每股盈餘
2026-03-31,3653,Revenue,5305216000.0,營業收入
2026-03-31,3013,EPS,1.37,基本每股盈餘
2026-03-31,2704,EPS,0.16,基本每股盈餘
2026-03-31,8431,EPS,-1.04,基本每股盈餘
2026-03-31,2317,Revenue,2119533391000.0,營業收入
2026-03-31,2012,EPS,-0.12,基本每股盈餘
2026-03-31,2915,EPS,2.59,基本每股盈餘
2026-03-31,3027,EPS,0.05,基本每股盈餘
2026-03-31,9962,Revenue,341685000.0,營業收入
2026-03-31,3426,Revenue,146331000.0,營業收入
2026-03-31,3285,EPS,0.26,基本每股盈餘
2026-03-31,7757,EPS,1.64,基本每股盈餘
2026-03-31,6198,Revenue,66000.0,營業收入
2026-03-31,6581,Revenue,435086000.0,營業收入
2026-03-31,6125,Revenue,802331000.0,營業收入
2026-03-31,7717,EPS,1.57,基本每股盈餘
2026-03-31,6863,Revenue,1157370000.0,營業收入
2026-03-31,2745,EPS,3.44,基本每股盈餘
2026-03-31,2049,EPS,1.64,基本每股盈餘
2026-03-31,6505,Revenue,161989437000.0,營業收入
2026-03-31,1303,Revenue,68596393000.0,營業收入
2026-03-31,5215,EPS,0.87,基本每股盈餘
2026-03-31,6617,EPS,-0.32,基本每股盈餘
2026-03-31,3501,EPS,0.15,基本每股盈餘
2026-03-31,6919,Revenue,2000.0,營業收入
2026-03-31,8067,Revenue,21482000.0,營業收入
2026-03-31,6278,Revenue,12555084000.0,營業收入
2026-03-31,2501,EPS,1.21,基本每股盈餘
2026-03-31,6865,EPS,-1.12,基本每股盈餘
2026-03-31,8042,EPS,2.17,基本每股盈餘
2026-03-31,3158,Revenue,261631000.0,營業收入
2026-03-31,5288,Revenue,2061135000.0,營業收入
2026-03-31,3521,Revenue,10438000.0,營業收入
2026-03-31,9942,EPS,2.22,基本每股盈餘
2026-03-31,6517,Revenue,104903000.0,營業收入
2026-03-31,3413,Revenue,5561563000.0,營業收入
2026-03-31,5471,EPS,0.48,基本每股盈餘
2026-03-31,3118,Revenue,158856000.0,營業收入
2026-03-31,1570,Revenue,119453000.0,營業收入
2026-03-31,4562,EPS,0.11,基本每股盈餘
2026-03-31,3625,EPS,0.01,基本每股盈餘
2026-03-31,2524,EPS,0.36,基本每股盈餘
2026-03-31,4976,EPS,-0.49,基本每股盈餘
2026-03-31,1301,Revenue,41985122000.0,營業收入
2026-03-31,4121,EPS,-0.11,基本每股盈餘
2026-03-31,7704,Revenue,174545000.0,營業收入
2026-03-31,2367,EPS,-0.4,基本每股盈餘
2026-03-31,6214,EPS,2.64,基本每股盈餘
2026-03-31,6722,Revenue,1239132000.0,營業收入
2026-03-31,8213,EPS,0.3,基本每股盈餘
2026-03-31,1456,EPS,-0.43,基本每股盈餘
2026-03-31,4536,Revenue,2316961000.0,營業收入
2026-03-31,9945,Revenue,8802139000.0,營業收入
2026-03-31,4502,EPS,0.11,基本每股盈餘
2026-03-31,6691,EPS,7.19,基本每股盈餘
2026-03-31,2751,EPS,1.01,基本每股盈餘
2026-03-31,8210,Revenue,7107292000.0,營業收入
2026-03-31,3054,EPS,1.41,基本每股盈餘
2026-03-31,1529,EPS,0.16,基本每股盈餘
2026-03-31,8050,EPS,1.07,基本每股盈餘
2026-03-31,4745,EPS,-0.4,基本每股盈餘
2026-03-31,1217,EPS,-0.13,基本每股盈餘
2026-03-31,6561,EPS,3.69,基本每股盈餘
2026-03-31,6913,Revenue,712391000.0,營業收入
2026-03-31,2028,Revenue,2350263000.0,營業收入
2026-03-31,3362,EPS,-0.5,基本每股盈餘
2026-03-31,5608,EPS,-0.11,基本每股盈餘
2026-03-31,3115,EPS,-0.1,基本每股盈餘
2026-03-31,8070,EPS,0.51,基本每股盈餘
2026-03-31,3227,EPS,2.65,基本每股盈餘
2026-03-31,1432,EPS,-0.54,基本每股盈餘
2026-03-31,6584,Revenue,866888000.0,營業收入
2026-03-31,6719,Revenue,979142000.0,營業收入
2026-03-31,2429,EPS,-0.45,基本每股盈餘
2026-03-31,3090,Revenue,4492391000.0,營業收入
2026-03-31,2540,Revenue,1723776000.0,營業收入
2026-03-31,5283,EPS,0.16,基本每股盈餘
2026-03-31,6846,EPS,1.15,基本每股盈餘
2026-03-31,6512,EPS,-0.28,基本每股盈餘
2026-03-31,3293,EPS,11.18,基本每股盈餘
2026-03-31,5438,Revenue,166006000.0,營業收入
2026-03-31,2611,EPS,0.28,基本每股盈餘
2026-03-31,1538,Revenue,10367000.0,營業收入
2026-03-31,3037,Revenue,37446455000.0,營業收入
2026-03-31,6196,Revenue,14308544000.0,營業收入
2026-03-31,6462,EPS,-2.7,基本每股盈餘
2026-03-31,2069,Revenue,2302863000.0,營業收入
2026-03-31,2726,Revenue,135312000.0,營業收入
2026-03-31,5484,EPS,0.33,基本每股盈餘
2026-03-31,8034,Revenue,47885000.0,營業收入
2026-03-31,6417,Revenue,427805000.0,營業收入
2026-03-31,2425,Revenue,742329000.0,營業收入
2026-03-31,6244,EPS,0.12,基本每股盈餘
2026-03-31,8021,Revenue,1339565000.0,營業收入
2026-03-31,8284,Revenue,739714000.0,營業收入
2026-03-31,4971,Revenue,332151000.0,營業收入
2026-03-31,1583,EPS,0.18,基本每股盈餘
2026-03-31,5548,EPS,0.42,基本每股盈餘
2026-03-31,6510,EPS,10.43,基本每股盈餘
2026-03-31,3018,EPS,-0.67,基本每股盈餘
2026-03-31,4741,Revenue,123647000.0,營業收入
2026-03-31,2363,Revenue,1050018000.0,營業收入
2026-03-31,2353,EPS,0.23,基本每股盈餘
2026-03-31,1783,EPS,0.59,基本每股盈餘
2026-03-31,2731,EPS,4.17,基本每股盈餘
2026-03-31,1906,Revenue,824072000.0,營業收入
2026-03-31,6414,EPS,5.15,基本每股盈餘
2026-03-31,8291,Revenue,1098000.0,營業收入
2026-03-31,1530,Revenue,444813000.0,營業收入
2026-03-31,5471,Revenue,762695000.0,營業收入
2026-03-31,2356,Revenue,200310505000.0,營業收入
2026-03-31,6589,Revenue,308435000.0,營業收入
2026-03-31,4585,Revenue,483436000.0,營業收入
2026-03-31,6624,EPS,0.05,基本每股盈餘
2026-03-31,6498,EPS,1.75,基本每股盈餘
2026-03-31,2616,EPS,-1.37,基本每股盈餘
2026-03-31,6616,Revenue,211508000.0,營業收入
2026-03-31,8155,EPS,3.29,基本每股盈餘
2026-03-31,4580,EPS,1.76,基本每股盈餘
2026-03-31,6997,EPS,-2.31,基本每股盈餘
2026-03-31,8473,Revenue,1289826000.0,營業收入
2026-03-31,1530,EPS,0.18,基本每股盈餘
2026-03-31,3021,Revenue,703860000.0,營業收入
2026-03-31,1541,EPS,0.48,基本每股盈餘
2026-03-31,6730,Revenue,114558000.0,營業收入
2026-03-31,6152,EPS,-0.22,基本每股盈餘
2026-03-31,2505,Revenue,421642000.0,營業收入
2026-03-31,3685,Revenue,356819000.0,營業收入
2026-03-31,1584,EPS,0.09,基本每股盈餘
2026-03-31,1599,Revenue,642632000.0,營業收入
2026-03-31,1304,EPS,-0.41,基本每股盈餘
2026-03-31,2356,EPS,0.68,基本每股盈餘
2026-03-31,1102,EPS,0.56,基本每股盈餘
2026-03-31,3224,EPS,0.03,基本每股盈餘
2026-03-31,3257,EPS,0.19,基本每股盈餘
2026-03-31,4564,EPS,-0.3,基本每股盈餘
2026-03-31,6185,EPS,-0.14,基本每股盈餘
2026-03-31,5007,EPS,0.91,基本每股盈餘
2026-03-31,9940,EPS,0.22,基本每股盈餘
2026-03-31,2637,EPS,1.6,基本每股盈餘
2026-03-31,6629,EPS,3.58,基本每股盈餘
2026-03-31,4126,EPS,1.44,基本每股盈餘
2026-03-31,6192,EPS,2.63,基本每股盈餘
2026-03-31,6790,EPS,0.83,基本每股盈餘
2026-03-31,6693,EPS,1.17,基本每股盈餘
2026-03-31,4904,EPS,1.03,基本每股盈餘
2026-03-31,4706,EPS,0.28,基本每股盈餘
2026-03-31,9926,Revenue,702290000.0,營業收入
2026-03-31,1464,EPS,0.3,基本每股盈餘
2026-03-31,3032,EPS,0.85,基本每股盈餘
2026-03-31,5215,Revenue,745691000.0,營業收入
2026-03-31,2949,Revenue,1410031000.0,營業收入
2026-03-31,3306,EPS,0.11,基本每股盈餘
2026-03-31,7805,Revenue,1768866000.0,營業收入
2026-03-31,6109,EPS,-0.24,基本每股盈餘
2026-03-31,3003,EPS,0.47,基本每股盈餘
2026-03-31,3050,EPS,-0.07,基本每股盈餘
2026-03-31,3685,EPS,0.1,基本每股盈餘
2026-03-31,6743,EPS,-0.19,基本每股盈餘
2026-03-31,3580,EPS,-0.18,基本每股盈餘
2026-03-31,6526,Revenue,5455465000.0,營業收入
2026-03-31,6432,EPS,0.72,基本每股盈餘
2026-03-31,1773,Revenue,3044317000.0,營業收入
2026-03-31,4968,EPS,0.58,基本每股盈餘
2026-03-31,3056,EPS,0.01,基本每股盈餘
2026-03-31,2478,EPS,1.14,基本每股盈餘
2026-03-31,1514,Revenue,2526342000.0,營業收入
2026-03-31,6504,EPS,0.1,基本每股盈餘
2026-03-31,3205,EPS,0.05,基本每股盈餘
2026-03-31,3312,EPS,1.03,基本每股盈餘
2026-03-31,3066,EPS,0.52,基本每股盈餘
2026-03-31,2014,Revenue,4514131000.0,營業收入
2026-03-31,2397,Revenue,3030612000.0,營業收入
2026-03-31,3071,EPS,0.15,基本每股盈餘
2026-03-31,6182,EPS,0.0,基本每股盈餘
2026-03-31,6425,EPS,0.17,基本每股盈餘
2026-03-31,7767,EPS,0.72,基本每股盈餘
2026-03-31,3043,EPS,0.05,基本每股盈餘
2026-03-31,8467,Revenue,561517000.0,營業收入
2026-03-31,7715,Revenue,191805000.0,營業收入
2026-03-31,8442,Revenue,1984281000.0,營業收入
2026-03-31,6482,EPS,0.28,基本每股盈餘
2026-03-31,2417,EPS,0.28,基本每股盈餘
2026-03-31,3042,EPS,1.32,基本每股盈餘
2026-03-31,8089,EPS,-0.96,基本每股盈餘
2026-03-31,3483,Revenue,2016480000.0,營業收入
2026-03-31,1522,EPS,-0.19,基本每股盈餘
2026-03-31,6762,Revenue,135788000.0,營業收入
2026-03-31,3545,EPS,0.02,基本每股盈餘
2026-03-31,6923,Revenue,304815000.0,營業收入
2026-03-31,5201,EPS,-0.67,基本每股盈餘
2026-03-31,3664,Revenue,54281000.0,營業收入
2026-03-31,8112,Revenue,110164542000.0,營業收入
2026-03-31,6680,Revenue,145422000.0,營業收入
2026-03-31,6101,EPS,0.91,基本每股盈餘
2026-03-31,8442,EPS,0.03,基本每股盈餘
2026-03-31,2535,Revenue,7158996000.0,營業收入
2026-03-31,6130,EPS,-0.31,基本每股盈餘
2026-03-31,3028,EPS,3.05,基本每股盈餘
2026-03-31,5310,Revenue,124000.0,營業收入
2026-03-31,7740,EPS,3.64,基本每股盈餘
2026-03-31,5475,EPS,0.24,基本每股盈餘
2026-03-31,4979,EPS,1.62,基本每股盈餘
2026-03-31,7717,Revenue,256182000.0,營業收入
2026-03-31,6192,Revenue,1797045000.0,營業收入
2026-03-31,8105,EPS,0.43,基本每股盈餘
2026-03-31,3555,Revenue,273286000.0,營業收入
2026-03-31,5245,Revenue,171936000.0,營業收入
2026-03-31,1527,Revenue,629386000.0,營業收入
2026-03-31,6265,EPS,1.67,基本每股盈餘
2026-03-31,6264,Revenue,8949000.0,營業收入
2026-03-31,8093,Revenue,63391000.0,營業收入
2026-03-31,8374,EPS,0.43,基本每股盈餘
2026-03-31,2903,Revenue,8445107000.0,營業收入
2026-03-31,2613,EPS,0.18,基本每股盈餘
2026-03-31,1474,Revenue,691030000.0,營業收入
2026-03-31,2412,Revenue,59988435000.0,營業收入
2026-03-31,8436,EPS,1.92,基本每股盈餘
2026-03-31,8932,Revenue,604987000.0,營業收入
2026-03-31,8938,Revenue,4101452000.0,營業收入
2026-03-31,7713,EPS,1.17,基本每股盈餘
2026-03-31,1904,Revenue,10422205000.0,營業收入
2026-03-31,4513,Revenue,405139000.0,營業收入
2026-03-31,8084,Revenue,167014000.0,營業收入
2026-03-31,3533,Revenue,9327579000.0,營業收入
2026-03-31,5512,Revenue,1682025000.0,營業收入
2026-03-31,8076,EPS,0.16,基本每股盈餘
2026-03-31,5525,Revenue,1698934000.0,營業收入
2026-03-31,2006,EPS,1.66,基本每股盈餘
2026-03-31,6492,Revenue,240000.0,營業收入
2026-03-31,2618,EPS,1.53,基本每股盈餘
2026-03-31,8390,Revenue,1652950000.0,營業收入
2026-03-31,1216,Revenue,175017371000.0,營業收入
2026-03-31,2101,EPS,1.86,基本每股盈餘
2026-03-31,8105,Revenue,2127313000.0,營業收入
2026-03-31,2420,Revenue,548082000.0,營業收入
2026-03-31,2254,EPS,-1.04,基本每股盈餘
2026-03-31,8481,EPS,0.77,基本每股盈餘
2026-03-31,6649,Revenue,26399000.0,營業收入
2026-03-31,8121,Revenue,852861000.0,營業收入
2026-03-31,7744,EPS,5.66,基本每股盈餘
2026-03-31,5292,Revenue,623564000.0,營業收入
2026-03-31,6670,Revenue,8468855000.0,營業收入
2026-03-31,1531,EPS,0.03,基本每股盈餘
2026-03-31,2399,EPS,1.48,基本每股盈餘
2026-03-31,6533,Revenue,326356000.0,營業收入
2026-03-31,2342,EPS,-0.11,基本每股盈餘
2026-03-31,3652,Revenue,620782000.0,營業收入
2026-03-31,5340,Revenue,629408000.0,營業收入
2026-03-31,4590,EPS,1.21,基本每股盈餘
2026-03-31,1532,Revenue,3204035000.0,營業收入
2026-03-31,3228,Revenue,75858000.0,營業收入
2026-03-31,8059,EPS,-0.07,基本每股盈餘
2026-03-31,9935,Revenue,1207014000.0,營業收入
2026-03-31,6130,Revenue,39335000.0,營業收入
2026-03-31,3060,EPS,0.33,基本每股盈餘
2026-03-31,4560,Revenue,452015000.0,營業收入
2026-03-31,6894,Revenue,515181000.0,營業收入
2026-03-31,6242,Revenue,121561000.0,營業收入
2026-03-31,6856,EPS,0.56,基本每股盈餘
2026-03-31,2719,EPS,0.75,基本每股盈餘
2026-03-31,3522,EPS,0.4,基本每股盈餘
2026-03-31,6823,Revenue,138741000.0,營業收入
2026-03-31,1731,EPS,0.43,基本每股盈餘
2026-03-31,5493,EPS,1.26,基本每股盈餘
2026-03-31,9943,Revenue,630741000.0,營業收入
2026-03-31,2387,Revenue,4395183000.0,營業收入
2026-03-31,2035,Revenue,2473778000.0,營業收入
2026-03-31,6739,EPS,5.76,基本每股盈餘
2026-03-31,5236,Revenue,587273000.0,營業收入
2026-03-31,6419,EPS,4.55,基本每股盈餘
2026-03-31,6438,Revenue,1744783000.0,營業收入
2026-03-31,8928,EPS,0.66,基本每股盈餘
2026-03-31,3272,EPS,-2.8,基本每股盈餘
2026-03-31,2911,Revenue,431046000.0,營業收入
2026-03-31,3419,EPS,-0.32,基本每股盈餘
2026-03-31,8432,EPS,1.01,基本每股盈餘
2026-03-31,6933,Revenue,1820470000.0,營業收入
2026-03-31,3530,EPS,0.44,基本每股盈餘
2026-03-31,1541,Revenue,598810000.0,營業收入
2026-03-31,3321,EPS,-0.69,基本每股盈餘
2026-03-31,4162,EPS,0.96,基本每股盈餘
2026-03-31,9943,EPS,1.88,基本每股盈餘
2026-03-31,8059,Revenue,2093306000.0,營業收入
2026-03-31,2032,EPS,0.49,基本每股盈餘
2026-03-31,2302,Revenue,216325000.0,營業收入
2026-03-31,6202,Revenue,825585000.0,營業收入
2026-03-31,1336,Revenue,558637000.0,營業收入
2026-03-31,1907,Revenue,17964361000.0,營業收入
2026-03-31,3095,EPS,0.75,基本每股盈餘
2026-03-31,2548,Revenue,4206418000.0,營業收入
2026-03-31,2355,Revenue,4055841000.0,營業收入
2026-03-31,6591,Revenue,325120000.0,營業收入
2026-03-31,2063,Revenue,220196000.0,營業收入
2026-03-31,1732,Revenue,170503000.0,營業收入
2026-03-31,3141,EPS,0.84,基本每股盈餘
2026-03-31,8440,EPS,0.22,基本每股盈餘
2026-03-31,6264,EPS,-0.22,基本每股盈餘
2026-03-31,3024,EPS,0.02,基本每股盈餘
2026-03-31,6662,Revenue,61013000.0,營業收入
2026-03-31,1808,Revenue,5392216000.0,營業收入
2026-03-31,6961,Revenue,1221231000.0,營業收入
2026-03-31,6532,Revenue,155737000.0,營業收入
2026-03-31,3264,EPS,1.95,基本每股盈餘
2026-03-31,5205,Revenue,7764000.0,營業收入
2026-03-31,1326,EPS,1.07,基本每股盈餘
2026-03-31,1720,Revenue,1651875000.0,營業收入
2026-03-31,6294,EPS,-0.07,基本每股盈餘
2026-03-31,1591,Revenue,132360000.0,營業收入
2026-03-31,3033,Revenue,30857485000.0,營業收入
2026-03-31,5398,Revenue,29154000.0,營業收入
2026-03-31,6226,EPS,0.01,基本每股盈餘
2026-03-31,2546,Revenue,4271987000.0,營業收入
2026-03-31,6884,EPS,0.42,基本每股盈餘
2026-03-31,6840,EPS,0.12,基本每股盈餘
2026-03-31,5906,Revenue,430263000.0,營業收入
2026-03-31,6405,Revenue,77000.0,營業收入
2026-03-31,4130,Revenue,110383000.0,營業收入
2026-03-31,7642,Revenue,123903000.0,營業收入
2026-03-31,6691,Revenue,6977227000.0,營業收入
2026-03-31,1259,Revenue,1522360000.0,營業收入
2026-03-31,5533,Revenue,342424000.0,營業收入
2026-03-31,2429,Revenue,109224000.0,營業收入
2026-03-31,2020,Revenue,1019550000.0,營業收入
2026-03-31,1268,Revenue,1988327000.0,營業收入
2026-03-31,8069,Revenue,8633490000.0,營業收入
2026-03-31,3008,EPS,46.63,基本每股盈餘
2026-03-31,2910,EPS,0.29,基本每股盈餘
2026-03-31,2441,Revenue,4722344000.0,營業收入
2026-03-31,7556,Revenue,213139000.0,營業收入
2026-03-31,6624,Revenue,89805000.0,營業收入
2026-03-31,7769,Revenue,10725197000.0,營業收入
2026-03-31,6877,EPS,-0.65,基本每股盈餘
2026-03-31,6727,EPS,2.94,基本每股盈餘
2026-03-31,6968,Revenue,920797000.0,營業收入
2026-03-31,6612,Revenue,298615000.0,營業收入
2026-03-31,2023,EPS,-0.4,基本每股盈餘
2026-03-31,7547,Revenue,90740000.0,營業收入
2026-03-31,7823,Revenue,90953000.0,營業收入
2026-03-31,2530,Revenue,186713000.0,營業收入
2026-03-31,5285,EPS,1.0,基本每股盈餘
2026-03-31,8011,Revenue,434346000.0,營業收入
2026-03-31,1533,Revenue,1288273000.0,營業收入
2026-03-31,2317,EPS,3.56,基本每股盈餘
2026-03-31,2239,EPS,-1.68,基本每股盈餘
2026-03-31,1593,EPS,0.58,基本每股盈餘
2026-03-31,6275,EPS,0.48,基本每股盈餘
2026-03-31,6412,EPS,1.01,基本每股盈餘
2026-03-31,3025,EPS,0.6,基本每股盈餘
2026-03-31,2034,Revenue,2833548000.0,營業收入
2026-03-31,6706,Revenue,159976000.0,營業收入
2026-03-31,4108,Revenue,34519000.0,營業收入
2026-03-31,1734,Revenue,826628000.0,營業收入
2026-03-31,3059,EPS,0.26,基本每股盈餘
2026-03-31,6510,Revenue,1357386000.0,營業收入
2026-03-31,2421,EPS,2.36,基本每股盈餘
2026-03-31,1449,EPS,-0.23,基本每股盈餘
2026-03-31,9929,EPS,0.22,基本每股盈餘
2026-03-31,8433,EPS,1.37,基本每股盈餘
2026-03-31,8342,Revenue,375718000.0,營業收入
2026-03-31,2374,Revenue,2655782000.0,營業收入
2026-03-31,8039,EPS,0.65,基本每股盈餘
2026-03-31,3234,EPS,-0.32,基本每股盈餘
2026-03-31,3260,Revenue,26099523000.0,營業收入
2026-03-31,9960,EPS,0.53,基本每股盈餘
2026-03-31,6171,EPS,0.08,基本每股盈餘
2026-03-31,6282,Revenue,8580758000.0,營業收入
2026-03-31,2020,EPS,0.4,基本每股盈餘
2026-03-31,2511,Revenue,2153305000.0,營業收入
2026-03-31,8905,EPS,0.15,基本每股盈餘
2026-03-31,3713,Revenue,77722000.0,營業收入
2026-03-31,1709,EPS,0.55,基本每股盈餘
2026-03-31,1623,EPS,4.33,基本每股盈餘
2026-03-31,6997,Revenue,1120876000.0,營業收入
2026-03-31,8097,Revenue,72306000.0,營業收入
2026-03-31,6236,Revenue,7994000.0,營業收入
2026-03-31,2937,Revenue,1227773000.0,營業收入
2026-03-31,6799,Revenue,242388000.0,營業收入
2026-03-31,2908,Revenue,9402236000.0,營業收入
2026-03-31,6263,EPS,2.1,基本每股盈餘
2026-03-31,3630,EPS,-0.27,基本每股盈餘
2026-03-31,6629,Revenue,696580000.0,營業收入
2026-03-31,2393,EPS,0.91,基本每股盈餘
2026-03-31,6516,Revenue,180324000.0,營業收入
2026-03-31,6721,Revenue,924198000.0,營業收入
2026-03-31,5381,EPS,0.22,基本每股盈餘
2026-03-31,8454,EPS,2.43,基本每股盈餘
2026-03-31,4903,Revenue,357123000.0,營業收入
2026-03-31,6198,EPS,-0.1,基本每股盈餘
2026-03-31,8924,EPS,0.05,基本每股盈餘
2026-03-31,3010,Revenue,21842510000.0,營業收入
2026-03-31,8433,Revenue,836979000.0,營業收入
2026-03-31,6593,EPS,-0.6,基本每股盈餘
2026-03-31,3016,EPS,0.35,基本每股盈餘
2026-03-31,6573,Revenue,177165000.0,營業收入
2026-03-31,3675,EPS,1.51,基本每股盈餘
2026-03-31,7767,Revenue,536632000.0,營業收入
2026-03-31,2360,Revenue,11859669000.0,營業收入
2026-03-31,3629,Revenue,7951000.0,營業收入
2026-03-31,3716,EPS,1.57,基本每股盈餘
2026-03-31,4946,Revenue,79887000.0,營業收入
2026-03-31,3372,Revenue,309683000.0,營業收入
2026-03-31,3219,EPS,0.48,基本每股盈餘
2026-03-31,2303,Revenue,61037902000.0,營業收入
2026-03-31,3163,EPS,3.03,基本每股盈餘
2026-03-31,6117,Revenue,839415000.0,營業收入
2026-03-31,8070,Revenue,5422396000.0,營業收入
2026-03-31,1539,Revenue,241975000.0,營業收入
2026-03-31,3303,EPS,0.92,基本每股盈餘
2026-03-31,2376,EPS,7.86,基本每股盈餘
2026-03-31,6762,EPS,-0.38,基本每股盈餘
2026-03-31,6199,EPS,1.22,基本每股盈餘
2026-03-31,2002,EPS,-0.16,基本每股盈餘
2026-03-31,6270,Revenue,720109000.0,營業收入
2026-03-31,1476,Revenue,9621070000.0,營業收入
2026-03-31,6154,EPS,0.48,基本每股盈餘
2026-03-31,6405,EPS,-0.26,基本每股盈餘
2026-03-31,1506,Revenue,290125000.0,營業收入
2026-03-31,2607,Revenue,3991930000.0,營業收入
2026-03-31,3576,EPS,1.07,基本每股盈餘
2026-03-31,6140,EPS,0.37,基本每股盈餘
2026-03-31,6449,EPS,2.11,基本每股盈餘
2026-03-31,6933,EPS,1.1,基本每股盈餘
2026-03-31,6854,Revenue,135804000.0,營業收入
2026-03-31,2007,Revenue,1050591000.0,營業收入
2026-03-31,5464,EPS,0.16,基本每股盈餘
2026-03-31,2363,EPS,0.17,基本每股盈餘
2026-03-31,6585,Revenue,727297000.0,營業收入
2026-03-31,6409,Revenue,4204594000.0,營業收入
2026-03-31,8422,Revenue,1113595000.0,營業收入
2026-03-31,2379,EPS,8.44,基本每股盈餘
2026-03-31,5534,EPS,0.19,基本每股盈餘
2026-03-31,4171,EPS,-0.09,基本每股盈餘
2026-03-31,8426,EPS,-0.42,基本每股盈餘
2026-03-31,8080,EPS,0.02,基本每股盈餘
2026-03-31,3491,Revenue,1020155000.0,營業收入
2026-03-31,2063,EPS,0.33,基本每股盈餘
2026-03-31,4192,EPS,-0.37,基本每股盈餘
2026-03-31,2723,EPS,1.31,基本每股盈餘
2026-03-31,3516,EPS,0.08,基本每股盈餘
2026-03-31,2208,EPS,0.07,基本每股盈餘
2026-03-31,5205,EPS,-0.36,基本每股盈餘
2026-03-31,4541,EPS,0.68,基本每股盈餘
2026-03-31,6423,EPS,0.28,基本每股盈餘
2026-03-31,8930,Revenue,345032000.0,營業收入
2026-03-31,4433,EPS,0.14,基本每股盈餘
2026-03-31,4155,EPS,0.39,基本每股盈餘
2026-03-31,8923,EPS,0.18,基本每股盈餘
2026-03-31,7769,EPS,25.7,基本每股盈餘
2026-03-31,3711,EPS,3.24,基本每股盈餘
2026-03-31,2030,EPS,0.61,基本每股盈餘
2026-03-31,6206,EPS,2.51,基本每股盈餘
2026-03-31,6903,EPS,6.72,基本每股盈餘
2026-03-31,6431,EPS,-0.4,基本每股盈餘
2026-03-31,9910,EPS,0.68,基本每股盈餘
2026-03-31,2745,Revenue,2541498000.0,營業收入
2026-03-31,4958,EPS,1.33,基本每股盈餘
2026-03-31,1439,Revenue,75912000.0,營業收入
2026-03-31,3593,EPS,-0.7,基本每股盈餘
2026-03-31,5904,Revenue,7094656000.0,營業收入
2026-03-31,8077,Revenue,270210000.0,營業收入
2026-03-31,3591,EPS,0.12,基本每股盈餘
2026-03-31,6763,Revenue,456806000.0,營業收入
2026-03-31,2540,EPS,-0.01,基本每股盈餘
2026-03-31,5347,EPS,1.22,基本每股盈餘
2026-03-31,6215,EPS,1.14,基本每股盈餘
2026-03-31,4526,EPS,-0.65,基本每股盈餘
2026-03-31,2417,Revenue,893462000.0,營業收入
2026-03-31,4973,EPS,7.46,基本每股盈餘
2026-03-31,6698,Revenue,166697000.0,營業收入
2026-03-31,3430,Revenue,499180000.0,營業收入
2026-03-31,6290,EPS,2.68,基本每股盈餘
2026-03-31,8928,Revenue,754519000.0,營業收入
2026-03-31,5490,Revenue,440875000.0,營業收入
2026-03-31,6104,Revenue,1031676000.0,營業收入
2026-03-31,4728,EPS,4.07,基本每股盈餘
2026-03-31,3567,EPS,0.13,基本每股盈餘
2026-03-31,5468,Revenue,48163000.0,營業收入
2026-03-31,7805,EPS,12.96,基本每股盈餘
2026-03-31,5306,EPS,1.79,基本每股盈餘
2026-03-31,8341,EPS,1.51,基本每股盈餘
2026-03-31,8444,Revenue,465135000.0,營業收入
2026-03-31,3030,EPS,3.5,基本每股盈餘
2026-03-31,3587,EPS,2.24,基本每股盈餘
2026-03-31,8358,EPS,2.06,基本每股盈餘
2026-03-31,2607,EPS,1.04,基本每股盈餘
2026-03-31,4538,EPS,0.1,基本每股盈餘
2026-03-31,6574,EPS,3.29,基本每股盈餘
2026-03-31,3533,EPS,21.37,基本每股盈餘
2026-03-31,3008,Revenue,15544079000.0,營業收入
2026-03-31,8477,EPS,-0.03,基本每股盈餘
2026-03-31,5227,Revenue,50186000.0,營業收入
2026-03-31,6470,EPS,0.84,基本每股盈餘
2026-03-31,6606,Revenue,191808000.0,營業收入
2026-03-31,4609,EPS,-0.08,基本每股盈餘
2026-03-31,4113,EPS,-0.22,基本每股盈餘
2026-03-31,2546,EPS,1.43,基本每股盈餘
2026-03-31,6869,Revenue,1664428000.0,營業收入
2026-03-31,6167,EPS,-0.06,基本每股盈餘
2026-03-31,2646,EPS,0.3,基本每股盈餘
2026-03-31,4420,EPS,0.17,基本每股盈餘
2026-03-31,2383,Revenue,33067261000.0,營業收入
2026-03-31,1598,EPS,0.25,基本每股盈餘
2026-03-31,1453,Revenue,377000.0,營業收入
2026-03-31,8927,EPS,0.18,基本每股盈餘
2026-03-31,3629,EPS,-0.15,基本每股盈餘
2026-03-31,6112,EPS,0.17,基本每股盈餘
2026-03-31,1605,Revenue,41070352000.0,營業收入
2026-03-31,4168,EPS,-0.67,基本每股盈餘
2026-03-31,6662,EPS,0.21,基本每股盈餘
2026-03-31,6616,EPS,-0.52,基本每股盈餘
2026-03-31,3372,EPS,-0.03,基本每股盈餘
2026-03-31,5212,EPS,0.54,基本每股盈餘
2026-03-31,6909,Revenue,101504000.0,營業收入
2026-03-31,6163,EPS,0.02,基本每股盈餘
2026-03-31,5310,EPS,0.06,基本每股盈餘
2026-03-31,6209,EPS,0.81,基本每股盈餘
2026-03-31,6148,EPS,0.07,基本每股盈餘
2026-03-31,6242,EPS,0.33,基本每股盈餘
2026-03-31,2235,EPS,0.27,基本每股盈餘
2026-03-31,6169,EPS,-0.68,基本每股盈餘
2026-03-31,6128,EPS,0.28,基本每股盈餘
2026-03-31,8039,Revenue,2415476000.0,營業收入
2026-03-31,2537,EPS,0.4,基本每股盈餘
2026-03-31,6506,EPS,0.52,基本每股盈餘
2026-03-31,6988,Revenue,169251000.0,營業收入
2026-03-31,6606,EPS,0.26,基本每股盈餘
2026-03-31,6220,Revenue,2110137000.0,營業收入
2026-03-31,6829,EPS,1.63,基本每股盈餘
2026-03-31,4743,Revenue,36618000.0,營業收入
2026-03-31,5519,EPS,0.58,基本每股盈餘
2026-03-31,2496,EPS,1.65,基本每股盈餘
2026-03-31,6776,EPS,1.14,基本每股盈餘
2026-03-31,6929,Revenue,796891000.0,營業收入
2026-03-31,5432,EPS,0.27,基本每股盈餘
2026-03-31,2430,EPS,0.07,基本每股盈餘
2026-03-31,2337,EPS,0.9,基本每股盈餘
2026-03-31,6923,EPS,0.84,基本每股盈餘
2026-03-31,6961,EPS,1.9,基本每股盈餘
2026-03-31,3483,EPS,0.17,基本每股盈餘
2026-03-31,6612,EPS,0.81,基本每股盈餘
2026-03-31,4735,Revenue,214866000.0,營業收入
2026-03-31,6431,Revenue,85846000.0,營業收入
2026-03-31,5515,EPS,1.96,基本每股盈餘
2026-03-31,3346,EPS,-0.67,基本每股盈餘
2026-03-31,6794,EPS,-0.36,基本每股盈餘
2026-03-31,4707,EPS,0.26,基本每股盈餘
2026-03-31,1560,Revenue,2293229000.0,營業收入
2026-03-31,6114,EPS,0.97,基本每股盈餘
2026-03-31,5203,Revenue,585334000.0,營業收入
2026-03-31,7704,EPS,0.7,基本每股盈餘
2026-03-31,6831,EPS,0.66,基本每股盈餘
2026-03-31,4183,EPS,-0.52,基本每股盈餘
2026-03-31,4555,EPS,0.04,基本每股盈餘
2026-03-31,6728,Revenue,1062477000.0,營業收入
2026-03-31,3035,EPS,0.4,基本每股盈餘
2026-03-31,9933,EPS,1.0,基本每股盈餘
2026-03-31,3710,Revenue,1798018000.0,營業收入
2026-03-31,6706,EPS,-0.96,基本每股盈餘
2026-03-31,8077,EPS,1.95,基本每股盈餘
2026-03-31,3555,EPS,5.45,基本每股盈餘
2026-03-31,5345,Revenue,6734000.0,營業收入
2026-03-31,8084,EPS,0.33,基本每股盈餘
2026-03-31,2543,EPS,0.37,基本每股盈餘
2026-03-31,1466,Revenue,547834000.0,營業收入
2026-03-31,5209,EPS,3.34,基本每股盈餘
2026-03-31,6526,EPS,4.47,基本每股盈餘
2026-03-31,3455,Revenue,147174000.0,營業收入
2026-03-31,2014,EPS,-0.1,基本每股盈餘
2026-03-31,1736,EPS,0.08,基本每股盈餘
2026-03-31,6226,Revenue,151704000.0,營業收入
2026-03-31,4419,EPS,-0.27,基本每股盈餘
2026-03-31,6118,EPS,-0.04,基本每股盈餘
2026-03-31,6792,Revenue,338152000.0,營業收入
2026-03-31,6442,EPS,7.82,基本每股盈餘
2026-03-31,6589,EPS,-0.47,基本每股盈餘
2026-03-31,9904,EPS,0.76,基本每股盈餘
2026-03-31,4576,Revenue,855045000.0,營業收入
2026-03-31,6184,EPS,0.71,基本每股盈餘
2026-03-31,2009,EPS,0.21,基本每股盈餘
2026-03-31,8409,Revenue,51638000.0,營業收入
2026-03-31,3491,EPS,3.68,基本每股盈餘
2026-03-31,4764,EPS,1.03,基本每股盈餘
2026-03-31,6179,EPS,0.27,基本每股盈餘
2026-03-31,4737,EPS,-1.09,基本每股盈餘
2026-03-31,6869,EPS,-0.99,基本每股盈餘
2026-03-31,1443,EPS,0.52,基本每股盈餘
2026-03-31,6546,Revenue,504185000.0,營業收入
2026-03-31,6278,EPS,2.17,基本每股盈餘
2026-03-31,6538,EPS,0.9,基本每股盈餘
2026-03-31,6143,Revenue,2002030000.0,營業收入
2026-03-31,5483,EPS,1.83,基本每股盈餘
2026-03-31,2107,EPS,0.23,基本每股盈餘
2026-03-31,1472,EPS,1.78,基本每股盈餘
2026-03-31,5468,EPS,0.12,基本每股盈餘
2026-03-31,2911,EPS,0.66,基本每股盈餘
2026-03-31,8271,Revenue,7042184000.0,營業收入
2026-03-31,2330,EPS,22.08,基本每股盈餘
2026-03-31,9938,EPS,0.87,基本每股盈餘
2026-03-31,6578,EPS,0.08,基本每股盈餘
2026-03-31,4585,EPS,0.65,基本每股盈餘
2026-03-31,2025,EPS,0.47,基本每股盈餘
2026-03-31,7547,EPS,0.42,基本每股盈餘
2026-03-31,6651,Revenue,396326000.0,營業收入
2026-03-31,2467,EPS,3.06,基本每股盈餘
2026-03-31,4102,EPS,0.09,基本每股盈餘
2026-03-31,4995,Revenue,343493000.0,營業收入
2026-03-31,3623,EPS,0.26,基本每股盈餘
2026-03-31,6684,EPS,0.01,基本每股盈餘
2026-03-31,6272,EPS,0.13,基本每股盈餘
2026-03-31,4166,EPS,0.16,基本每股盈餘
2026-03-31,6245,EPS,0.75,基本每股盈餘
2026-03-31,4532,EPS,0.48,基本每股盈餘
2026-03-31,6269,EPS,-2.6,基本每股盈餘
2026-03-31,6670,EPS,6.96,基本每股盈餘
2026-03-31,3357,EPS,2.51,基本每股盈餘
2026-03-31,8081,EPS,4.62,基本每股盈餘
2026-03-31,3338,EPS,0.27,基本每股盈餘
2026-03-31,6141,EPS,-0.58,基本每股盈餘
2026-03-31,6690,Revenue,624807000.0,營業收入
2026-03-31,5906,EPS,0.11,基本每股盈餘
2026-03-31,3558,Revenue,3058205000.0,營業收入
2026-03-31,7722,Revenue,2097389000.0,營業收入
2026-03-31,3040,Revenue,35189000.0,營業收入
2026-03-31,8415,EPS,1.03,基本每股盈餘
2026-03-31,4105,EPS,1.78,基本每股盈餘
2026-03-31,4130,EPS,-0.09,基本每股盈餘
2026-03-31,2415,EPS,0.35,基本每股盈餘
2026-03-31,4571,EPS,2.41,基本每股盈餘
2026-03-31,4942,Revenue,1341341000.0,營業收入
2026-03-31,6887,Revenue,858086000.0,營業收入
2026-03-31,2247,EPS,2.35,基本每股盈餘
2026-03-31,8101,EPS,-0.95,基本每股盈餘
2026-03-31,1453,EPS,-0.05,基本每股盈餘
2026-03-31,3714,EPS,-0.2,基本每股盈餘
2026-03-31,5452,Revenue,1106073000.0,營業收入
2026-03-31,6488,Revenue,13984798000.0,營業收入
2026-03-31,3703,Revenue,6361105000.0,營業收入
2026-03-31,1598,Revenue,1638270000.0,營業收入
2026-03-31,2440,EPS,0.14,基本每股盈餘
2026-03-31,2420,EPS,1.05,基本每股盈餘
2026-03-31,4190,Revenue,547291000.0,營業收入
2026-03-31,4942,EPS,0.52,基本每股盈餘
2026-03-31,2059,EPS,36.58,基本每股盈餘
2026-03-31,4543,EPS,0.76,基本每股盈餘
2026-03-31,3023,Revenue,8292838000.0,營業收入
2026-03-31,4127,EPS,0.75,基本每股盈餘
2026-03-31,6863,EPS,0.61,基本每股盈餘
2026-03-31,2483,EPS,0.15,基本每股盈餘
2026-03-31,2535,EPS,2.88,基本每股盈餘
2026-03-31,3541,EPS,0.03,基本每股盈餘
2026-03-31,4438,EPS,-0.04,基本每股盈餘
2026-03-31,6231,EPS,1.7,基本每股盈餘
2026-03-31,6496,Revenue,218058000.0,營業收入
2026-03-31,5236,EPS,2.97,基本每股盈餘
2026-03-31,6913,EPS,1.58,基本每股盈餘
2026-03-31,9945,EPS,0.99,基本每股盈餘
2026-03-31,3207,EPS,-0.45,基本每股盈餘
2026-03-31,7791,EPS,1.87,基本每股盈餘
2026-03-31,6874,EPS,1.95,基本每股盈餘
2026-03-31,8109,Revenue,473164000.0,營業收入
2026-03-31,2488,Revenue,600007000.0,營業收入
2026-03-31,3228,EPS,-0.55,基本每股盈餘
2026-03-31,6680,EPS,0.08,基本每股盈餘
2026-03-31,3522,Revenue,469845000.0,營業收入
2026-03-31,8162,Revenue,283364000.0,營業收入
2026-03-31,5398,EPS,-0.22,基本每股盈餘
2026-03-31,6643,Revenue,394748000.0,營業收入
2026-03-31,6909,EPS,0.07,基本每股盈餘
2026-03-31,6146,Revenue,1191315000.0,營業收入
2026-03-31,2424,Revenue,36826000.0,營業收入
2026-03-31,8183,Revenue,1884948000.0,營業收入
2026-03-31,1760,Revenue,519291000.0,營業收入
2026-03-31,4979,Revenue,1193478000.0,營業收入
2026-03-31,3664,EPS,-1.77,基本每股盈餘
2026-03-31,2712,EPS,-0.14,基本每股盈餘
2026-03-31,6456,Revenue,16077548000.0,營業收入
2026-03-31,9935,EPS,0.51,基本每股盈餘
2026-03-31,8481,Revenue,279980000.0,營業收入
2026-03-31,8454,Revenue,26593466000.0,營業收入
2026-03-31,7799,Revenue,2885000.0,營業收入
2026-03-31,8932,EPS,0.53,基本每股盈餘
2026-03-31,6015,EPS,0.89,基本每股盈餘
2026-03-31,6834,EPS,0.45,基本每股盈餘
2026-03-31,1504,Revenue,14235194000.0,營業收入
2026-03-31,6542,Revenue,267520000.0,營業收入
2026-03-31,8011,EPS,0.02,基本每股盈餘
2026-03-31,8924,Revenue,1011224000.0,營業收入
2026-03-31,3672,EPS,-0.39,基本每股盈餘
2026-03-31,6788,EPS,4.49,基本每股盈餘
2026-03-31,3615,EPS,0.16,基本每股盈餘
2026-03-31,4950,EPS,0.2,基本每股盈餘
2026-03-31,6770,Revenue,13572462000.0,營業收入
2026-03-31,8938,EPS,1.33,基本每股盈餘
2026-03-31,6189,Revenue,7391885000.0,營業收入
2026-03-31,6721,EPS,1.48,基本每股盈餘
2026-03-31,4702,EPS,0.45,基本每股盈餘
2026-03-31,2511,EPS,0.06,基本每股盈餘
2026-03-31,5348,EPS,-0.23,基本每股盈餘
2026-03-31,5013,EPS,0.38,基本每股盈餘
2026-03-31,6533,EPS,-3.28,基本每股盈餘
2026-03-31,8240,EPS,0.4,基本每股盈餘
2026-03-31,1218,Revenue,2653792000.0,營業收入
2026-03-31,6416,EPS,1.35,基本每股盈餘
2026-03-31,2241,Revenue,218145000.0,營業收入
2026-03-31,2349,EPS,0.02,基本每股盈餘
2026-03-31,3531,EPS,0.33,基本每股盈餘
2026-03-31,3580,Revenue,64359000.0,營業收入
2026-03-31,6228,EPS,-0.07,基本每股盈餘
2026-03-31,4720,EPS,0.2,基本每股盈餘
2026-03-31,6924,Revenue,472287000.0,營業收入
2026-03-31,5272,EPS,-0.57,基本每股盈餘
2026-03-31,4583,Revenue,858339000.0,營業收入
2026-03-31,6856,Revenue,171557000.0,營業收入
2026-03-31,6916,EPS,-0.49,基本每股盈餘
2026-03-31,6282,EPS,0.27,基本每股盈餘
2026-03-31,8467,EPS,0.83,基本每股盈餘
2026-03-31,2408,EPS,8.41,基本每股盈餘
2026-03-31,1789,Revenue,659708000.0,營業收入
2026-03-31,9926,EPS,0.68,基本每股盈餘
2026-03-31,6214,Revenue,11968686000.0,營業收入
2026-03-31,6202,EPS,0.3,基本每股盈餘
2026-03-31,6584,EPS,3.37,基本每股盈餘
2026-03-31,1736,Revenue,11791948000.0,營業收入
2026-03-31,2066,Revenue,730323000.0,營業收入
2026-03-31,3508,EPS,-0.1,基本每股盈餘
2026-03-31,2204,EPS,1.18,基本每股盈餘
2026-03-31,4939,EPS,0.24,基本每股盈餘
2026-03-31,5903,EPS,1.23,基本每股盈餘
2026-03-31,9910,Revenue,19234899000.0,營業收入
2026-03-31,4951,EPS,1.71,基本每股盈餘
2026-03-31,3354,Revenue,28513000.0,營業收入
2026-03-31,4138,EPS,0.84,基本每股盈餘
2026-03-31,2404,EPS,16.31,基本每股盈餘
2026-03-31,4552,EPS,0.12,基本每股盈餘
2026-03-31,1443,Revenue,225243000.0,營業收入
2026-03-31,1781,EPS,-0.19,基本每股盈餘
2026-03-31,5258,EPS,-0.61,基本每股盈餘
2026-03-31,2449,EPS,1.87,基本每股盈餘
2026-03-31,8085,EPS,-0.16,基本每股盈餘
2026-03-31,4951,Revenue,130695000.0,營業收入
2026-03-31,6115,EPS,0.71,基本每股盈餘
2026-03-31,2450,EPS,0.25,基本每股盈餘
2026-03-31,5457,EPS,-1.0,基本每股盈餘
2026-03-31,3406,EPS,7.9,基本每股盈餘
2026-03-31,8111,EPS,0.17,基本每股盈餘
2026-03-31,5220,EPS,0.45,基本每股盈餘
2026-03-31,6140,Revenue,365390000.0,營業收入
2026-03-31,2913,EPS,-0.04,基本每股盈餘
2026-03-31,5481,EPS,-0.1,基本每股盈餘
2026-03-31,1903,EPS,-0.07,基本每股盈餘
2026-03-31,3710,EPS,-0.74,基本每股盈餘
2026-03-31,7823,EPS,-0.15,基本每股盈餘
2026-03-31,7610,EPS,10.87,基本每股盈餘
2026-03-31,1732,EPS,0.35,基本每股盈餘
2026-03-31,6907,EPS,1.16,基本每股盈餘
2026-03-31,1802,EPS,0.2,基本每股盈餘
2026-03-31,3537,EPS,1.28,基本每股盈餘
2026-03-31,4576,EPS,0.96,基本每股盈餘
2026-03-31,4961,EPS,1.86,基本每股盈餘
2026-03-31,3085,EPS,-0.24,基本每股盈餘
2026-03-31,8423,Revenue,98593000.0,營業收入
2026-03-31,1402,EPS,0.61,基本每股盈餘
2026-03-31,4919,Revenue,7987921000.0,營業收入
2026-03-31,4160,Revenue,149383000.0,營業收入
2026-03-31,7751,Revenue,618452000.0,營業收入
2026-03-31,5483,Revenue,19381793000.0,營業收入
2026-03-31,3611,EPS,4.56,基本每股盈餘
2026-03-31,6569,EPS,1.03,基本每股盈餘
2026-03-31,4506,EPS,2.11,基本每股盈餘
2026-03-31,6217,EPS,0.11,基本每股盈餘
2026-03-31,9917,Revenue,4682948000.0,營業收入
2026-03-31,6904,EPS,1.83,基本每股盈餘
2026-03-31,6222,EPS,-0.06,基本每股盈餘
2026-03-31,4306,EPS,0.24,基本每股盈餘
2026-03-31,2371,EPS,-0.05,基本每股盈餘
2026-03-31,5289,EPS,57.49,基本每股盈餘
2026-03-31,4536,EPS,3.61,基本每股盈餘
2026-03-31,6230,EPS,-0.91,基本每股盈餘
2026-03-31,6270,EPS,0.24,基本每股盈餘
2026-03-31,6534,EPS,4.15,基本每股盈餘
2026-03-31,1710,EPS,-0.15,基本每股盈餘
2026-03-31,3527,EPS,0.01,基本每股盈餘
2026-03-31,3426,EPS,0.31,基本每股盈餘
2026-03-31,2327,EPS,3.9,基本每股盈餘
2026-03-31,2461,EPS,0.3,基本每股盈餘
2026-03-31,4946,EPS,0.41,基本每股盈餘
2026-03-31,6614,EPS,0.16,基本每股盈餘
2026-03-31,4116,EPS,0.28,基本每股盈餘
2026-03-31,3325,EPS,-0.6,基本每股盈餘
2026-03-31,4148,EPS,0.08,基本每股盈餘
2026-03-31,1789,EPS,0.02,基本每股盈餘
2026-03-31,6803,EPS,4.54,基本每股盈餘
2026-03-31,6982,EPS,0.1,基本每股盈餘
2026-03-31,3093,EPS,0.08,基本每股盈餘
2026-03-31,4528,EPS,-0.16,基本每股盈餘
2026-03-31,6176,Revenue,12046097000.0,營業收入
2026-03-31,4131,Revenue,60473000.0,營業收入
2026-03-31,3705,EPS,0.89,基本每股盈餘
2026-03-31,4419,Revenue,685024000.0,營業收入
2026-03-31,2643,EPS,0.68,基本每股盈餘
2026-03-31,4953,EPS,2.32,基本每股盈餘
2026-03-31,2258,EPS,-0.51,基本每股盈餘
2026-03-31,2476,Revenue,2167648000.0,營業收入
2026-03-31,6674,EPS,-1.04,基本每股盈餘
2026-03-31,3617,EPS,4.13,基本每股盈餘
2026-03-31,4416,EPS,0.23,基本每股盈餘
2026-03-31,4430,EPS,0.24,基本每股盈餘
2026-03-31,3706,EPS,1.1,基本每股盈餘
2026-03-31,5285,Revenue,1357374000.0,營業收入
2026-03-31,4513,EPS,0.05,基本每股盈餘
2026-03-31,3701,EPS,-0.59,基本每股盈餘
2026-03-31,2904,Revenue,100612000.0,營業收入
2026-03-31,2539,EPS,0.68,基本每股盈餘
2026-03-31,4550,EPS,0.62,基本每股盈餘
2026-03-31,2548,EPS,2.28,基本每股盈餘
2026-03-31,3706,Revenue,31863922000.0,營業收入
2026-03-31,6532,EPS,0.84,基本每股盈餘
2026-03-31,6269,Revenue,5467013000.0,營業收入
2026-03-31,4207,EPS,0.49,基本每股盈餘
2026-03-31,1582,Revenue,2115340000.0,營業收入
2026-03-31,4907,EPS,2.76,基本每股盈餘
2026-03-31,2250,EPS,0.64,基本每股盈餘
2026-03-31,6469,Revenue,4839082000.0,營業收入
2026-03-31,3444,EPS,0.41,基本每股盈餘
2026-03-31,3217,EPS,2.82,基本每股盈餘
2026-03-31,4142,EPS,-0.44,基本每股盈餘
2026-03-31,2609,EPS,0.41,基本每股盈餘
2026-03-31,2492,EPS,1.69,基本每股盈餘
2026-03-31,3310,EPS,0.34,基本每股盈餘
2026-03-31,2485,EPS,0.41,基本每股盈餘
2026-03-31,6861,EPS,2.12,基本每股盈餘
2026-03-31,6248,EPS,0.28,基本每股盈餘
2026-03-31,4163,EPS,1.29,基本每股盈餘
2026-03-31,3607,EPS,0.03,基本每股盈餘
2026-03-31,6122,EPS,1.03,基本每股盈餘
2026-03-31,6240,EPS,-0.43,基本每股盈餘
2026-03-31,5488,EPS,0.09,基本每股盈餘
2026-03-31,2945,EPS,0.54,基本每股盈餘
2026-03-31,3284,Revenue,225089000.0,營業收入
2026-03-31,2465,Revenue,1569188000.0,營業收入
2026-03-31,2457,EPS,-0.34,基本每股盈餘
2026-03-31,2908,EPS,0.32,基本每股盈餘
2026-03-31,1563,EPS,0.6,基本每股盈餘
2026-03-31,2718,EPS,2.63,基本每股盈餘
2026-03-31,3266,EPS,0.12,基本每股盈餘
2026-03-31,9962,EPS,0.05,基本每股盈餘
2026-03-31,2434,EPS,-0.13,基本每股盈餘
2026-03-31,3339,EPS,-0.77,基本每股盈餘
2026-03-31,4304,EPS,-0.13,基本每股盈餘
2026-03-31,8121,EPS,0.1,基本每股盈餘
2026-03-31,2634,EPS,0.28,基本每股盈餘
2026-03-31,3481,EPS,0.2,基本每股盈餘
2026-03-31,6136,EPS,-0.03,基本每股盈餘
2026-03-31,8499,EPS,2.61,基本每股盈餘
2026-03-31,6558,EPS,-0.35,基本每股盈餘
2026-03-31,6835,EPS,0.05,基本每股盈餘
2026-03-31,6212,Revenue,215553000.0,營業收入
2026-03-31,8027,EPS,-0.22,基本每股盈餘
2026-03-31,1760,EPS,0.6,基本每股盈餘
2026-03-31,8349,EPS,0.61,基本每股盈餘
2026-03-31,5230,EPS,-0.28,基本每股盈餘
2026-03-31,4198,EPS,-0.39,基本每股盈餘
2026-03-31,6965,EPS,-0.64,基本每股盈餘
2026-03-31,3529,EPS,7.98,基本每股盈餘
2026-03-31,3047,EPS,-0.1,基本每股盈餘
2026-03-31,1605,EPS,0.81,基本每股盈餘
2026-03-31,2221,EPS,0.69,基本每股盈餘
2026-03-31,6655,EPS,0.95,基本每股盈餘
2026-03-31,6228,Revenue,13533000.0,營業收入
2026-03-31,8421,EPS,0.02,基本每股盈餘
2026-03-31,2401,Revenue,1739082000.0,營業收入
2026-03-31,5388,Revenue,16646403000.0,營業收入
2026-03-31,4402,EPS,-0.05,基本每股盈餘
2026-03-31,2929,EPS,-0.22,基本每股盈餘
2026-03-31,6261,EPS,0.85,基本每股盈餘
2026-03-31,6151,EPS,0.72,基本每股盈餘
2026-03-31,4534,EPS,0.02,基本每股盈餘
2026-03-31,3230,EPS,-0.45,基本每股盈餘
2026-03-31,6591,EPS,0.75,基本每股盈餘
2026-03-31,2412,EPS,1.3,基本每股盈餘
2026-03-31,3128,EPS,0.31,基本每股盈餘
2026-03-31,4916,Revenue,1057619000.0,營業收入
2026-03-31,3005,EPS,1.74,基本每股盈餘
2026-03-31,2105,EPS,0.57,基本每股盈餘
2026-03-31,2481,EPS,0.75,基本每股盈餘
2026-03-31,4109,EPS,0.15,基本每股盈餘
2026-03-31,6576,EPS,2.59,基本每股盈餘
2026-03-31,6538,Revenue,307688000.0,營業收入
2026-03-31,4907,Revenue,999983000.0,營業收入
2026-03-31,1519,Revenue,4756515000.0,營業收入
2026-03-31,3147,EPS,3.66,基本每股盈餘
2026-03-31,5703,EPS,0.27,基本每股盈餘
2026-03-31,4175,EPS,0.43,基本每股盈餘
2026-03-31,5533,EPS,0.16,基本每股盈餘
2026-03-31,3052,EPS,0.19,基本每股盈餘
2026-03-31,3169,Revenue,241956000.0,營業收入
2026-03-31,2726,EPS,-0.33,基本每股盈餘
2026-03-31,3047,Revenue,761074000.0,營業收入
2026-03-31,2491,EPS,0.85,基本每股盈餘
2026-03-31,2254,Revenue,30398000.0,營業收入
2026-03-31,2454,EPS,15.17,基本每股盈餘
2026-03-31,1580,EPS,2.73,基本每股盈餘
2026-03-31,1472,Revenue,914324000.0,營業收入
2026-03-31,2704,Revenue,378532000.0,營業收入
2026-03-31,6693,Revenue,514700000.0,營業收入
2026-03-31,3576,Revenue,520029000.0,營業收入
2026-03-31,6224,Revenue,713234000.0,營業收入
2026-03-31,6425,Revenue,405143000.0,營業收入
2026-03-31,2012,Revenue,1798919000.0,營業收入
2026-03-31,6292,EPS,0.73,基本每股盈餘
2026-03-31,1304,Revenue,10746648000.0,營業收入
2026-03-31,6005,EPS,1.34,基本每股盈餘
2026-03-31,6438,EPS,1.76,基本每股盈餘
2026-03-31,6548,EPS,0.51,基本每股盈餘
2026-03-31,6743,Revenue,1083929000.0,營業收入
2026-03-31,1582,EPS,0.35,基本每股盈餘
2026-03-31,4956,Revenue,360756000.0,營業收入
2026-03-31,5288,EPS,3.59,基本每股盈餘
2026-03-31,6419,Revenue,253489000.0,營業收入
2026-03-31,1216,EPS,1.15,基本每股盈餘
2026-03-31,2337,Revenue,10468868000.0,營業收入
2026-03-31,4916,EPS,4.49,基本每股盈餘
2026-03-31,6104,EPS,1.34,基本每股盈餘
2026-03-31,3040,EPS,0.04,基本每股盈餘
2026-03-31,8050,Revenue,1229232000.0,營業收入
2026-03-31,6872,EPS,-0.41,基本每股盈餘
2026-03-31,3443,EPS,12.28,基本每股盈餘
2026-03-31,2327,Revenue,38165648000.0,營業收入
2026-03-31,5871,Revenue,23998243000.0,營業收入
2026-03-31,8463,Revenue,1710645000.0,營業收入
2026-03-31,6160,EPS,-0.29,基本每股盈餘
2026-03-31,6811,EPS,4.8,基本每股盈餘
2026-03-31,5272,Revenue,69310000.0,營業收入
2026-03-31,6241,EPS,0.46,基本每股盈餘
2026-03-31,5432,Revenue,41377000.0,營業收入
2026-03-31,2072,EPS,5.26,基本每股盈餘
2026-03-31,2455,EPS,1.06,基本每股盈餘
2026-03-31,7788,EPS,2.22,基本每股盈餘
2026-03-31,2915,Revenue,418613000.0,營業收入
2026-03-31,2332,EPS,-0.05,基本每股盈餘
2026-03-31,5534,Revenue,876904000.0,營業收入
2026-03-31,1521,Revenue,1003761000.0,營業收入
2026-03-31,6925,EPS,0.39,基本每股盈餘
2026-03-31,6174,Revenue,166493000.0,營業收入
2026-03-31,6569,Revenue,377370000.0,營業收入
2026-03-31,3444,Revenue,315951000.0,營業收入
2026-03-31,9942,Revenue,1082513000.0,營業收入
2026-03-31,7736,Revenue,361079000.0,營業收入
2026-03-31,3017,Revenue,49037946000.0,營業收入
2026-03-31,6195,EPS,1.5,基本每股盈餘
2026-03-31,1512,Revenue,321113000.0,營業收入
2026-03-31,8429,EPS,0.02,基本每股盈餘
2026-03-31,8176,EPS,-0.1,基本每股盈餘
2026-03-31,7744,Revenue,886095000.0,營業收入
2026-03-31,8227,Revenue,369579000.0,營業收入
2026-03-31,5603,Revenue,355646000.0,營業收入
2026-03-31,6936,EPS,0.6,基本每股盈餘
2026-03-31,6284,EPS,0.51,基本每股盈餘
2026-03-31,6577,Revenue,543740000.0,營業收入
2026-03-31,7768,Revenue,558892000.0,營業收入
2026-03-31,6266,Revenue,741003000.0,營業收入
2026-03-31,1531,Revenue,347486000.0,營業收入
2026-03-31,4550,Revenue,218369000.0,營業收入
2026-03-31,3704,EPS,0.29,基本每股盈餘
2026-03-31,8930,EPS,0.62,基本每股盈餘
2026-03-31,3034,EPS,6.19,基本每股盈餘
2026-03-31,6171,Revenue,35551000.0,營業收入
2026-03-31,8403,Revenue,1077072000.0,營業收入
2026-03-31,6782,EPS,3.82,基本每股盈餘
2026-03-31,6715,Revenue,510155000.0,營業收入
2026-03-31,2009,Revenue,799069000.0,營業收入
2026-03-31,1714,EPS,0.23,基本每股盈餘
2026-03-31,8255,Revenue,2037119000.0,營業收入
2026-03-31,6186,EPS,2.09,基本每股盈餘
2026-03-31,1595,Revenue,166389000.0,營業收入
2026-03-31,6212,EPS,0.4,基本每股盈餘
2026-03-31,1725,EPS,0.23,基本每股盈餘
2026-03-31,7842,Revenue,722041000.0,營業收入
2026-03-31,4804,EPS,-0.47,基本每股盈餘
2026-03-31,6542,EPS,0.04,基本每股盈餘
2026-03-31,4126,Revenue,581571000.0,營業收入
2026-03-31,7772,Revenue,94235000.0,營業收入
2026-03-31,1305,EPS,-0.21,基本每股盈餘
2026-03-31,8905,Revenue,503872000.0,營業收入
2026-03-31,2344,Revenue,38253064000.0,營業收入
2026-03-31,1449,Revenue,793579000.0,營業收入
2026-03-31,6108,Revenue,1005533000.0,營業收入
2026-03-31,8444,EPS,-3.3,基本每股盈餘
2026-03-31,6222,Revenue,874000.0,營業收入
2026-03-31,6771,EPS,0.69,基本每股盈餘
2026-03-31,1101,Revenue,33168148000.0,營業收入
2026-03-31,2348,Revenue,1308225000.0,營業收入
2026-03-31,1210,Revenue,26901827000.0,營業收入
2026-03-31,6925,Revenue,46681000.0,營業收入
2026-03-31,7730,EPS,0.37,基本每股盈餘
2026-03-31,3260,EPS,30.05,基本每股盈餘
2026-03-31,3481,Revenue,66644538000.0,營業收入
2026-03-31,3707,Revenue,1534730000.0,營業收入
2026-03-31,1503,EPS,2.79,基本每股盈餘
2026-03-31,1307,EPS,0.97,基本每股盈餘
2026-03-31,4904,Revenue,27804510000.0,營業收入
2026-03-31,4939,Revenue,314426000.0,營業收入
2026-03-31,8342,EPS,1.45,基本每股盈餘
2026-03-31,8942,Revenue,607873000.0,營業收入
2026-03-31,3376,Revenue,2352701000.0,營業收入
2026-03-31,3135,EPS,10.76,基本每股盈餘
2026-03-31,6151,Revenue,417536000.0,營業收入
2026-03-31,6546,EPS,0.9,基本每股盈餘
2026-03-31,8463,EPS,0.42,基本每股盈餘
2026-03-31,3188,EPS,2.24,基本每股盈餘
2026-03-31,5269,Revenue,3497963000.0,營業收入
2026-03-31,1799,Revenue,236695000.0,營業收入
2026-03-31,6112,Revenue,6018223000.0,營業收入
2026-03-31,8917,Revenue,795464000.0,營業收入
2026-03-31,6432,Revenue,293679000.0,營業收入
2026-03-31,2712,Revenue,125169000.0,營業收入
2026-03-31,5904,EPS,9.3,基本每股盈餘
2026-03-31,8213,Revenue,4846214000.0,營業收入
2026-03-31,8403,EPS,0.13,基本每股盈餘
2026-03-31,5210,EPS,0.24,基本每股盈餘
2026-03-31,5457,Revenue,5146345000.0,營業收入
2026-03-31,6614,Revenue,1248020000.0,營業收入
2026-03-31,1711,Revenue,2045450000.0,營業收入
2026-03-31,3041,Revenue,351835000.0,營業收入
2026-03-31,8277,EPS,-0.09,基本每股盈餘
2026-03-31,1512,EPS,0.09,基本每股盈餘
2026-03-31,2355,EPS,0.62,基本每股盈餘
2026-03-31,1563,Revenue,1871936000.0,營業收入
2026-03-31,4956,EPS,0.24,基本每股盈餘
2026-03-31,1515,Revenue,1050350000.0,營業收入
2026-03-31,1777,EPS,1.61,基本每股盈餘
2026-03-31,1618,Revenue,1166170000.0,營業收入
2026-03-31,2409,Revenue,69031355000.0,營業收入
2026-03-31,1722,Revenue,3750158000.0,營業收入
2026-03-31,8436,Revenue,1641056000.0,營業收入
2026-03-31,6265,Revenue,776273000.0,營業收入
2026-03-31,4582,EPS,0.53,基本每股盈餘
2026-03-31,7728,EPS,1.53,基本每股盈餘
2026-03-31,1419,Revenue,1453047000.0,營業收入
2026-03-31,1615,EPS,0.94,基本每股盈餘
2026-03-31,8081,Revenue,2111258000.0,營業收入
2026-03-31,1229,Revenue,2523137000.0,營業收入
2026-03-31,1303,EPS,1.8,基本每股盈餘
2026-03-31,3038,EPS,0.37,基本每股盈餘
2026-03-31,2923,EPS,0.02,基本每股盈餘
2026-03-31,2436,EPS,0.7,基本每股盈餘
2026-03-31,6266,EPS,0.39,基本每股盈餘
2026-03-31,6496,EPS,-1.18,基本每股盈餘
2026-03-31,2061,Revenue,316733000.0,營業收入
2026-03-31,2328,Revenue,4252307000.0,營業收入
2026-03-31,3527,Revenue,343983000.0,營業收入
2026-03-31,6261,Revenue,1065316000.0,營業收入
2026-03-31,9951,Revenue,1680982000.0,營業收入
2026-03-31,3374,EPS,1.42,基本每股盈餘
2026-03-31,1776,Revenue,275332000.0,營業收入
2026-03-31,3413,EPS,4.28,基本每股盈餘
2026-03-31,3023,EPS,3.6,基本每股盈餘
2026-03-31,1215,Revenue,7176319000.0,營業收入
2026-03-31,3171,Revenue,613240000.0,營業收入
2026-03-31,5703,Revenue,133199000.0,營業收入
2026-03-31,5355,Revenue,118960000.0,營業收入
2026-03-31,6426,Revenue,154269000.0,營業收入
2026-03-31,6929,EPS,-0.21,基本每股盈餘
2026-03-31,4174,Revenue,5564000.0,營業收入
2026-03-31,6504,Revenue,1590980000.0,營業收入
2026-03-31,2109,EPS,0.41,基本每股盈餘
2026-03-31,1608,Revenue,3453119000.0,營業收入
2026-03-31,8240,Revenue,1611936000.0,營業收入
2026-03-31,3141,Revenue,364294000.0,營業收入
2026-03-31,1218,EPS,0.32,基本每股盈餘
2026-03-31,2342,Revenue,486204000.0,營業收入
2026-03-31,6512,Revenue,34378000.0,營業收入
2026-03-31,1723,EPS,0.77,基本每股盈餘
2026-03-31,2601,EPS,-0.02,基本每股盈餘
2026-03-31,7610,Revenue,1001764000.0,營業收入
2026-03-31,2547,Revenue,1604263000.0,營業收入
2026-03-31,2723,Revenue,4026808000.0,營業收入
2026-03-31,1711,EPS,0.09,基本每股盈餘
2026-03-31,7772,EPS,0.35,基本每股盈餘
2026-03-31,4976,Revenue,255023000.0,營業收入
2026-03-31,1597,Revenue,334402000.0,營業收入
2026-03-31,5543,Revenue,844456000.0,營業收入
2026-03-31,2344,EPS,2.25,基本每股盈餘
2026-03-31,1614,Revenue,1262257000.0,營業收入
2026-03-31,2754,Revenue,1482033000.0,營業收入
2026-03-31,2010,EPS,0.57,基本每股盈餘
2026-03-31,8936,Revenue,1715495000.0,營業收入
2026-03-31,4949,EPS,1.19,基本每股盈餘
2026-03-31,5244,Revenue,161195000.0,營業收入
2026-03-31,2705,Revenue,510861000.0,營業收入
2026-03-31,4804,Revenue,30499000.0,營業收入
2026-03-31,6233,EPS,-0.03,基本每股盈餘
2026-03-31,8472,Revenue,122828000.0,營業收入
2026-03-31,4973,Revenue,2077977000.0,營業收入
2026-03-31,9905,Revenue,2262403000.0,營業收入
2026-03-31,8032,Revenue,1187306000.0,營業收入
2026-03-31,5292,EPS,2.58,基本每股盈餘
2026-03-31,6894,EPS,4.5,基本每股盈餘
2026-03-31,2707,Revenue,1946379000.0,營業收入
2026-03-31,2401,EPS,-0.02,基本每股盈餘
2026-03-31,1909,Revenue,10760215000.0,營業收入
2026-03-31,9921,Revenue,12523541000.0,營業收入
2026-03-31,1788,EPS,2.34,基本每股盈餘
2026-03-31,1568,Revenue,250310000.0,營業收入
2026-03-31,1583,Revenue,932415000.0,營業收入
2026-03-31,6499,EPS,-1.26,基本每股盈餘
2026-03-31,4971,EPS,1.97,基本每股盈餘
2026-03-31,3645,EPS,0.67,基本每股盈餘
2026-03-31,6494,Revenue,384457000.0,營業收入
2026-03-31,3045,EPS,1.37,基本每股盈餘
2026-03-31,9958,EPS,2.63,基本每股盈餘
2026-03-31,6190,EPS,0.43,基本每股盈餘
2026-03-31,6109,Revenue,205790000.0,營業收入
2026-03-31,6730,EPS,0.44,基本每股盈餘
2026-03-31,5425,EPS,0.7,基本每股盈餘
2026-03-31,6576,Revenue,80311000.0,營業收入
2026-03-31,2413,EPS,0.51,基本每股盈餘
2026-03-31,6684,Revenue,74123000.0,營業收入
2026-03-31,4568,Revenue,283652000.0,營業收入
2026-03-31,1471,Revenue,22014000.0,營業收入
2026-03-31,8415,Revenue,6615681000.0,營業收入
2026-03-31,5489,Revenue,398411000.0,營業收入
2026-03-31,4931,EPS,1.48,基本每股盈餘
2026-03-31,3434,EPS,0.08,基本每股盈餘
2026-03-31,4991,EPS,1.67,基本每股盈餘
2026-03-31,1612,EPS,0.82,基本每股盈餘
2026-03-31,8390,EPS,2.87,基本每股盈餘
2026-03-31,1586,EPS,0.17,基本每股盈餘
2026-03-31,1808,EPS,1.06,基本每股盈餘
2026-03-31,6204,Revenue,87689000.0,營業收入
2026-03-31,2303,EPS,1.29,基本每股盈餘
2026-03-31,5364,EPS,-0.14,基本每股盈餘
2026-03-31,7730,Revenue,92232000.0,營業收入
2026-03-31,2545,EPS,-0.01,基本每股盈餘
2026-03-31,3419,Revenue,435723000.0,營業收入
2026-03-31,5604,Revenue,40911000.0,營業收入
2026-03-31,6651,EPS,2.47,基本每股盈餘
2026-03-31,8472,EPS,-0.26,基本每股盈餘
2026-03-31,8935,Revenue,134066000.0,營業收入
2026-03-31,1603,Revenue,1304277000.0,營業收入
2026-03-31,2312,EPS,0.35,基本每股盈餘
2026-03-31,5351,EPS,1.88,基本每股盈餘
2026-03-31,3057,EPS,0.02,基本每股盈餘
2026-03-31,3374,Revenue,1913716000.0,營業收入
2026-03-31,6208,EPS,1.9,基本每股盈餘
2026-03-31,5014,Revenue,3648526000.0,營業收入
2026-03-31,2534,Revenue,209173000.0,營業收入
2026-03-31,6968,EPS,0.96,基本每股盈餘
2026-03-31,3628,EPS,0.34,基本每股盈餘
2026-03-31,9933,Revenue,17199079000.0,營業收入
2026-03-31,2718,Revenue,148375000.0,營業收入
2026-03-31,1525,EPS,-0.82,基本每股盈餘
2026-03-31,4523,EPS,-0.15,基本每股盈餘
2026-03-31,2903,EPS,0.39,基本每股盈餘
2026-03-31,1441,EPS,-0.62,基本每股盈餘
2026-03-31,5609,Revenue,7126831000.0,營業收入
2026-03-31,8917,EPS,0.62,基本每股盈餘
2026-03-31,2362,EPS,0.61,基本每股盈餘
2026-03-31,6862,Revenue,471241000.0,營業收入
2026-03-31,2739,EPS,1.3,基本每股盈餘
2026-03-31,2388,Revenue,2141087000.0,營業收入
2026-03-31,6530,Revenue,91962000.0,營業收入
2026-03-31,2633,EPS,0.37,基本每股盈餘
2026-03-31,2937,EPS,0.62,基本每股盈餘
2026-03-31,3624,EPS,0.75,基本每股盈餘
2026-03-31,2432,Revenue,950969000.0,營業收入
2026-03-31,8068,Revenue,326719000.0,營業收入
2026-03-31,3687,EPS,0.31,基本每股盈餘
2026-03-31,7728,Revenue,99964000.0,營業收入
2026-03-31,6690,EPS,2.27,基本每股盈餘
2026-03-31,2103,EPS,0.53,基本每股盈餘
2026-03-31,6641,EPS,0.02,基本每股盈餘
2026-03-31,2301,EPS,1.66,基本每股盈餘
2026-03-31,2329,Revenue,4860476000.0,營業收入
2026-03-31,3149,EPS,-0.37,基本每股盈餘
2026-03-31,2472,Revenue,2943086000.0,營業收入
2026-03-31,4744,EPS,-0.11,基本每股盈餘
2026-03-31,5548,Revenue,665578000.0,營業收入
2026-03-31,8047,Revenue,90221000.0,營業收入
2026-03-31,1752,Revenue,529627000.0,營業收入
2026-03-31,1809,EPS,0.05,基本每股盈餘
2026-03-31,3679,Revenue,1027201000.0,營業收入
2026-03-31,8931,EPS,0.38,基本每股盈餘
2026-03-31,2064,Revenue,442937000.0,營業收入
2026-03-31,8080,Revenue,26697000.0,營業收入
2026-03-31,3518,Revenue,62020000.0,營業收入
2026-03-31,7794,EPS,0.53,基本每股盈餘
2026-03-31,5278,EPS,0.29,基本每股盈餘
2026-03-31,5344,Revenue,90905000.0,營業收入
2026-03-31,1417,EPS,-0.22,基本每股盈餘
2026-03-31,9927,Revenue,2174176000.0,營業收入
2026-03-31,1475,EPS,0.88,基本每股盈餘
2026-03-31,6953,EPS,1.26,基本每股盈餘
2026-03-31,2528,EPS,-0.11,基本每股盈餘
2026-03-31,6116,Revenue,3015410000.0,營業收入
2026-03-31,5381,Revenue,457261000.0,營業收入
2026-03-31,6204,EPS,0.1,基本每股盈餘
2026-03-31,5009,EPS,0.5,基本每股盈餘
2026-03-31,6418,EPS,-0.15,基本每股盈餘
2026-03-31,6225,EPS,-0.11,基本每股盈餘
2026-03-31,1586,Revenue,547977000.0,營業收入
2026-03-31,3661,EPS,17.55,基本每股盈餘
2026-03-31,6187,Revenue,1411444000.0,營業收入
2026-03-31,1410,EPS,0.03,基本每股盈餘
2026-03-31,4989,Revenue,977047000.0,營業收入
2026-03-31,8487,Revenue,386584000.0,營業收入
2026-03-31,3046,Revenue,1818011000.0,營業收入
2026-03-31,4995,EPS,1.01,基本每股盈餘
2026-03-31,3045,Revenue,49778303000.0,營業收入
2026-03-31,6664,Revenue,667210000.0,營業收入
2026-03-31,2328,EPS,-0.16,基本每股盈餘
2026-03-31,8043,EPS,1.35,基本每股盈餘
2026-03-31,1712,EPS,0.67,基本每股盈餘
2026-03-31,2705,EPS,-0.21,基本每股盈餘
2026-03-31,4972,Revenue,217033000.0,營業收入
2026-03-31,2365,EPS,0.14,基本每股盈餘
2026-03-31,5203,EPS,1.34,基本每股盈餘
2026-03-31,6227,Revenue,4844098000.0,營業收入
2026-03-31,4908,EPS,0.76,基本每股盈餘
2026-03-31,5604,EPS,0.32,基本每股盈餘
2026-03-31,3017,EPS,20.17,基本每股盈餘
2026-03-31,3512,Revenue,212880000.0,營業收入
2026-03-31,1813,Revenue,73819000.0,營業收入
2026-03-31,1540,EPS,0.32,基本每股盈餘
2026-03-31,7747,EPS,1.39,基本每股盈餘
2026-03-31,6904,Revenue,229439000.0,營業收入
2026-03-31,9924,EPS,0.54,基本每股盈餘
2026-03-31,8435,EPS,0.83,基本每股盈餘
2026-03-31,2015,EPS,0.91,基本每股盈餘
2026-03-31,6274,Revenue,10053966000.0,營業收入
2026-03-31,1470,EPS,0.31,基本每股盈餘
2026-03-31,4111,Revenue,356758000.0,營業收入
2026-03-31,6187,EPS,3.37,基本每股盈餘
2026-03-31,8438,Revenue,1166592000.0,營業收入
2026-03-31,1737,Revenue,789500000.0,營業收入
2026-03-31,6859,EPS,1.01,基本每股盈餘
2026-03-31,8087,Revenue,276711000.0,營業收入
2026-03-31,1321,EPS,0.16,基本每股盈餘
2026-03-31,1103,EPS,0.08,基本每股盈餘
2026-03-31,8033,Revenue,375050000.0,營業收入
2026-03-31,1806,EPS,-0.1,基本每股盈餘
2026-03-31,6791,EPS,1.64,基本每股盈餘
2026-03-31,8277,Revenue,25581000.0,營業收入
2026-03-31,5315,Revenue,465852000.0,營業收入
2026-03-31,3218,EPS,3.31,基本每股盈餘
2026-03-31,4413,EPS,0.15,基本每股盈餘
2026-03-31,6695,EPS,-0.68,基本每股盈餘
2026-03-31,1710,Revenue,5345825000.0,營業收入
2026-03-31,6870,Revenue,210027000.0,營業收入
2026-03-31,4754,EPS,0.95,基本每股盈餘
2026-03-31,2537,Revenue,1212617000.0,營業收入
2026-03-31,3178,Revenue,294902000.0,營業收入
2026-03-31,5209,Revenue,841083000.0,營業收入
2026-03-31,9914,Revenue,5323065000.0,營業收入
2026-03-31,2248,EPS,1.87,基本每股盈餘
2026-03-31,8410,Revenue,193720000.0,營業收入
2026-03-31,3548,Revenue,1693588000.0,營業收入
2026-03-31,8438,EPS,1.02,基本每股盈餘
2026-03-31,3511,Revenue,466927000.0,營業收入
2026-03-31,9951,EPS,1.46,基本每股盈餘
2026-03-31,6183,Revenue,663941000.0,營業收入
2026-03-31,8455,EPS,0.19,基本每股盈餘
2026-03-31,7760,Revenue,396972000.0,營業收入
2026-03-31,1762,EPS,1.64,基本每股盈餘
2026-03-31,1537,EPS,2.11,基本每股盈餘
2026-03-31,5522,Revenue,5663127000.0,營業收入
2026-03-31,5464,Revenue,290823000.0,營業收入
2026-03-31,6245,Revenue,1541411000.0,營業收入
2026-03-31,8927,Revenue,3363609000.0,營業收入
2026-03-31,1524,EPS,0.53,基本每股盈餘
2026-03-31,6217,Revenue,1078725000.0,營業收入
2026-03-31,2201,Revenue,16975232000.0,營業收入
2026-03-31,6160,Revenue,263516000.0,營業收入
2026-03-31,6122,Revenue,840988000.0,營業收入
2026-03-31,2010,Revenue,6434872000.0,營業收入
2026-03-31,1612,Revenue,1919326000.0,營業收入
2026-03-31,5287,Revenue,550665000.0,營業收入
2026-03-31,5302,EPS,-0.04,基本每股盈餘
2026-03-31,6861,Revenue,791041000.0,營業收入
2026-03-31,8443,EPS,-0.37,基本每股盈餘
2026-03-31,4934,EPS,-0.2,基本每股盈餘
2026-03-31,8284,EPS,1.28,基本每股盈餘
2026-03-31,5351,Revenue,2735412000.0,營業收入
2026-03-31,4545,EPS,0.21,基本每股盈餘
2026-03-31,6719,EPS,2.1,基本每股盈餘
2026-03-31,4972,EPS,-0.49,基本每股盈餘
2026-03-31,5230,Revenue,305076000.0,營業收入
2026-03-31,6449,Revenue,1128235000.0,營業收入
2026-03-31,6469,EPS,0.83,基本每股盈餘
2026-03-31,1513,EPS,1.94,基本每股盈餘
2026-03-31,2462,EPS,0.01,基本每股盈餘
2026-03-31,1615,Revenue,1317762000.0,營業收入
2026-03-31,6782,Revenue,1228595000.0,營業收入
2026-03-31,2756,EPS,0.51,基本每股盈餘
2026-03-31,4953,Revenue,3398886000.0,營業收入
2026-03-31,3033,EPS,1.52,基本每股盈餘
2026-03-31,6417,EPS,1.67,基本每股盈餘
2026-03-31,6169,Revenue,153000.0,營業收入
2026-03-31,6134,Revenue,563221000.0,營業收入
2026-03-31,6156,Revenue,1389091000.0,營業收入
2026-03-31,4441,EPS,4.81,基本每股盈餘
2026-03-31,4974,Revenue,951262000.0,營業收入
2026-03-31,6728,EPS,1.97,基本每股盈餘
2026-03-31,2101,Revenue,5423749000.0,營業收入
2026-03-31,6274,EPS,4.36,基本每股盈餘
2026-03-31,4958,Revenue,40728186000.0,營業收入
2026-03-31,3209,Revenue,17067413000.0,營業收入
2026-03-31,1617,Revenue,911155000.0,營業收入
2026-03-31,2509,EPS,-0.45,基本每股盈餘
2026-03-31,2597,EPS,2.38,基本每股盈餘
2026-03-31,1268,EPS,5.87,基本每股盈餘
2026-03-31,2321,Revenue,167589000.0,營業收入
2026-03-31,5306,Revenue,1341388000.0,營業收入
2026-03-31,3687,Revenue,483171000.0,營業收入
2026-03-31,6792,EPS,0.53,基本每股盈餘
2026-03-31,8183,EPS,0.3,基本每股盈餘
2026-03-31,6482,Revenue,92960000.0,營業收入
2026-03-31,8021,EPS,1.17,基本每股盈餘
2026-03-31,7822,EPS,4.93,基本每股盈餘
2026-03-31,4416,Revenue,698272000.0,營業收入
2026-03-31,2065,EPS,0.92,基本每股盈餘
2026-03-31,6199,Revenue,276465000.0,營業收入
2026-03-31,4440,EPS,0.51,基本每股盈餘
2026-03-31,5603,EPS,0.07,基本每股盈餘
2026-03-31,8476,EPS,0.0,基本每股盈餘
2026-03-31,6456,EPS,-0.61,基本每股盈餘
2026-03-31,8027,Revenue,382344000.0,營業收入
2026-03-31,6560,Revenue,79258000.0,營業收入
2026-03-31,2227,Revenue,3159179000.0,營業收入
2026-03-31,2754,EPS,1.42,基本每股盈餘
2026-03-31,6854,EPS,-2.14,基本每股盈餘
2026-03-31,8908,Revenue,2416447000.0,營業收入
2026-03-31,1905,EPS,-0.16,基本每股盈餘
2026-03-31,2528,Revenue,10284000.0,營業收入
2026-03-31,5601,Revenue,22973000.0,營業收入
2026-03-31,6272,Revenue,704351000.0,營業收入
2026-03-31,8431,Revenue,248138000.0,營業收入
2026-03-31,7722,EPS,1.97,基本每股盈餘
2026-03-31,9960,Revenue,184758000.0,營業收入
2026-03-31,5905,EPS,-0.09,基本每股盈餘
2026-03-31,3390,EPS,-0.18,基本每股盈餘
2026-03-31,6283,Revenue,421680000.0,營業收入
2026-03-31,3178,EPS,0.0,基本每股盈餘
2026-03-31,6790,Revenue,2624085000.0,營業收入
2026-03-31,1609,EPS,0.66,基本每股盈餘
2026-03-31,1442,Revenue,302076000.0,營業收入
2026-03-31,3552,EPS,0.01,基本每股盈餘
2026-03-31,3515,Revenue,13366639000.0,營業收入
2026-03-31,2455,Revenue,959310000.0,營業收入
2026-03-31,2752,EPS,4.08,基本每股盈餘
2026-03-31,3037,EPS,3.28,基本每股盈餘
2026-03-31,2406,EPS,0.27,基本每股盈餘
2026-03-31,1326,Revenue,81749811000.0,營業收入
2026-03-31,3711,Revenue,173662152000.0,營業收入
2026-03-31,6582,Revenue,104101000.0,營業收入
2026-03-31,2380,EPS,0.4,基本每股盈餘
2026-03-31,4304,Revenue,94227000.0,營業收入
2026-03-31,4557,Revenue,730462000.0,營業收入
2026-03-31,2924,Revenue,17766000.0,營業收入
2026-03-31,2465,EPS,1.15,基本每股盈餘
2026-03-31,6275,Revenue,1129324000.0,營業收入
2026-03-31,8089,Revenue,95769000.0,營業收入
2026-03-31,4931,Revenue,791378000.0,營業收入
2026-03-31,3617,Revenue,2931932000.0,營業收入
2026-03-31,4414,EPS,-1.2,基本每股盈餘
2026-03-31,5426,Revenue,500087000.0,營業收入
2026-03-31,6257,EPS,2.1,基本每股盈餘
2026-03-31,2007,EPS,-0.45,基本每股盈餘
2026-03-31,5488,Revenue,236586000.0,營業收入
2026-03-31,6803,Revenue,2297738000.0,營業收入
2026-03-31,6727,Revenue,693899000.0,營業收入
2026-03-31,4571,Revenue,783926000.0,營業收入
2026-03-31,4935,Revenue,1045467000.0,營業收入
2026-03-31,6535,EPS,-0.72,基本每股盈餘
2026-03-31,2427,EPS,0.28,基本每股盈餘
2026-03-31,8937,Revenue,172762000.0,營業收入
2026-03-31,3219,Revenue,431607000.0,營業收入
2026-03-31,1402,Revenue,61298588000.0,營業收入
2026-03-31,6155,EPS,0.18,基本每股盈餘
2026-03-31,2031,Revenue,4589073000.0,營業收入
2026-03-31,7711,Revenue,8891334000.0,營業收入
2026-03-31,3437,EPS,-0.56,基本每股盈餘
2026-03-31,1102,Revenue,14829491000.0,營業收入
2026-03-31,6585,EPS,1.86,基本每股盈餘
2026-03-31,6668,EPS,-0.62,基本每股盈餘
2026-03-31,8349,Revenue,2845863000.0,營業收入
2026-03-31,2258,Revenue,819155000.0,營業收入
2026-03-31,2491,Revenue,35944000.0,營業收入
2026-03-31,3515,EPS,4.14,基本每股盈餘
2026-03-31,2474,EPS,2.63,基本每股盈餘
2026-03-31,3537,Revenue,731633000.0,營業收入
2026-03-31,3675,Revenue,684598000.0,營業收入
2026-03-31,9938,Revenue,4039116000.0,營業收入
2026-03-31,6186,Revenue,3341737000.0,營業收入
2026-03-31,2613,Revenue,828689000.0,營業收入
2026-03-31,2530,EPS,-0.04,基本每股盈餘
2026-03-31,1584,Revenue,513036000.0,營業收入
2026-03-31,6872,Revenue,18240000.0,營業收入
2026-03-31,5287,EPS,2.97,基本每股盈餘
2026-03-31,5521,Revenue,2612835000.0,營業收入
2026-03-31,6218,Revenue,417711000.0,營業收入
2026-03-31,3611,Revenue,2765539000.0,營業收入
2026-03-31,6695,Revenue,252749000.0,營業收入
2026-03-31,5220,Revenue,268261000.0,營業收入
2026-03-31,6739,Revenue,284285000.0,營業收入
2026-03-31,8942,EPS,1.05,基本每股盈餘
2026-03-31,4564,Revenue,193642000.0,營業收入
2026-03-31,1536,EPS,-0.52,基本每股盈餘
2026-03-31,4127,Revenue,198267000.0,營業收入
2026-03-31,2404,Revenue,20288456000.0,營業收入
2026-03-31,3714,Revenue,5245484000.0,營業收入
2026-03-31,2427,Revenue,1890793000.0,營業收入
2026-03-31,6982,Revenue,483079000.0,營業收入
2026-03-31,5601,EPS,0.1,基本每股盈餘
2026-03-31,2611,Revenue,353426000.0,營業收入
2026-03-31,9908,Revenue,937492000.0,營業收入
2026-03-31,5704,Revenue,99297000.0,營業收入
2026-03-31,2601,Revenue,568015000.0,營業收入
2026-03-31,4707,Revenue,304320000.0,營業收入
2026-03-31,6794,Revenue,6278000.0,營業收入
2026-03-31,2399,Revenue,434635000.0,營業收入
2026-03-31,3354,EPS,-0.17,基本每股盈餘
2026-03-31,4192,Revenue,6122000.0,營業收入
2026-03-31,6508,Revenue,461506000.0,營業收入
2026-03-31,3625,Revenue,120771000.0,營業收入
2026-03-31,3380,Revenue,5314548000.0,營業收入
2026-03-31,6409,EPS,4.46,基本每股盈餘
2026-03-31,4912,Revenue,1740520000.0,營業收入
2026-03-31,5258,Revenue,1603796000.0,營業收入
2026-03-31,2492,Revenue,9538394000.0,營業收入
2026-03-31,3550,EPS,0.21,基本每股盈餘
2026-03-31,8109,EPS,1.75,基本每股盈餘
2026-03-31,3607,Revenue,642271000.0,營業收入
2026-03-31,2496,Revenue,210338000.0,營業收入
2026-03-31,3128,Revenue,268144000.0,營業收入
2026-03-31,8473,EPS,1.23,基本每股盈餘
2026-03-31,6658,Revenue,619418000.0,營業收入
2026-03-31,2609,Revenue,38660500000.0,營業收入
2026-03-31,4530,EPS,-0.2,基本每股盈餘
2026-03-31,4766,Revenue,5836439000.0,營業收入
2026-03-31,6593,Revenue,129929000.0,營業收入
2026-03-31,6715,EPS,1.02,基本每股盈餘
2026-03-31,3672,Revenue,59265000.0,營業收入
2026-03-31,4438,Revenue,2776631000.0,營業收入
2026-03-31,7749,Revenue,533313000.0,營業收入
2026-03-31,9940,Revenue,2876811000.0,營業收入
2026-03-31,8409,EPS,-0.05,基本每股盈餘
2026-03-31,1301,EPS,0.51,基本每股盈餘
2026-03-31,1609,Revenue,8341066000.0,營業收入
2026-03-31,9902,Revenue,22713000.0,營業收入
2026-03-31,3545,Revenue,2473850000.0,營業收入
2026-03-31,5443,Revenue,1028144000.0,營業收入
2026-03-31,4166,Revenue,331219000.0,營業收入
2026-03-31,2228,EPS,0.87,基本每股盈餘
2026-03-31,3615,Revenue,202886000.0,營業收入
2026-03-31,8477,Revenue,82541000.0,營業收入
2026-03-31,8426,Revenue,562720000.0,營業收入
2026-03-31,6733,EPS,-0.13,基本每股盈餘
2026-03-31,3661,Revenue,4186855000.0,營業收入
2026-03-31,3467,EPS,0.3,基本每股盈餘
2026-03-31,4806,Revenue,48189000.0,營業收入
2026-03-31,6167,Revenue,316109000.0,營業收入
2026-03-31,6220,EPS,-0.32,基本每股盈餘
2026-03-31,4764,Revenue,822846000.0,營業收入
2026-03-31,1516,EPS,-0.05,基本每股盈餘
2026-03-31,8097,EPS,-0.72,基本每股盈餘
2026-03-31,6244,Revenue,761537000.0,營業收入
2026-03-31,4919,EPS,0.02,基本每股盈餘
2026-03-31,5508,EPS,0.87,基本每股盈餘
2026-03-31,8072,Revenue,358563000.0,營業收入
2026-03-31,1590,Revenue,10013502000.0,營業收入
2026-03-31,3434,Revenue,116171000.0,營業收入
2026-03-31,3030,Revenue,2441415000.0,營業收入
2026-03-31,6494,EPS,0.75,基本每股盈餘
2026-03-31,2221,Revenue,372219000.0,營業收入
2026-03-31,8147,Revenue,459684000.0,營業收入
2026-03-31,3541,Revenue,242276000.0,營業收入
2026-03-31,2379,Revenue,36422566000.0,營業收入
2026-03-31,2430,Revenue,4297210000.0,營業收入
2026-03-31,8341,Revenue,1094646000.0,營業收入
2026-03-31,2228,Revenue,1226898000.0,營業收入
2026-03-31,4142,Revenue,82316000.0,營業收入
2026-03-31,1514,EPS,0.73,基本每股盈餘
2026-03-31,7736,EPS,1.18,基本每股盈餘
2026-03-31,5302,Revenue,6780000.0,營業收入
2026-03-31,3558,EPS,0.1,基本每股盈餘
2026-03-31,7821,Revenue,2490635000.0,營業收入
2026-03-31,4555,Revenue,405963000.0,營業收入
2026-03-31,5324,Revenue,176980000.0,營業收入
2026-03-31,6752,Revenue,483947000.0,營業收入
2026-03-31,3188,Revenue,1603785000.0,營業收入
2026-03-31,2505,EPS,0.17,基本每股盈餘
2026-03-31,4171,Revenue,52280000.0,營業收入
2026-03-31,2023,Revenue,16315401000.0,營業收入
2026-03-31,2616,Revenue,1985761000.0,營業收入
2026-03-31,3346,Revenue,1694217000.0,營業收入
2026-03-31,3594,EPS,-0.07,基本每股盈餘
2026-03-31,8255,EPS,1.7,基本每股盈餘
2026-03-31,2072,Revenue,3948204000.0,營業收入
2026-03-31,2314,EPS,-0.97,基本每股盈餘
2026-03-31,6230,Revenue,2221271000.0,營業收入
2026-03-31,1537,Revenue,1713997000.0,營業收入
2026-03-31,4526,Revenue,1075681000.0,營業收入
2026-03-31,6788,Revenue,657557000.0,營業收入
2026-03-31,6919,EPS,-0.07,基本每股盈餘
2026-03-31,6899,Revenue,261285000.0,營業收入
2026-03-31,8045,EPS,0.11,基本每股盈餘
2026-03-31,7821,EPS,0.87,基本每股盈餘
2026-03-31,6120,Revenue,4526331000.0,營業收入
2026-03-31,3587,Revenue,1424420000.0,營業收入
2026-03-31,4737,Revenue,405264000.0,營業收入
2026-03-31,2331,EPS,0.11,基本每股盈餘
2026-03-31,6597,Revenue,159552000.0,營業收入
2026-03-31,4968,Revenue,930198000.0,營業收入
2026-03-31,5289,Revenue,13182608000.0,營業收入
2026-03-31,6294,Revenue,211935000.0,營業收入
2026-03-31,7782,Revenue,186825000.0,營業收入
2026-03-31,6846,Revenue,198092000.0,營業收入
2026-03-31,4543,Revenue,245432000.0,營業收入
2026-03-31,6874,Revenue,946016000.0,營業收入
2026-03-31,2643,Revenue,1456158000.0,營業收入
2026-03-31,8450,Revenue,133265000.0,營業收入
2026-03-31,2904,EPS,-0.09,基本每股盈餘
2026-03-31,4590,Revenue,267545000.0,營業收入
2026-03-31,4175,Revenue,1886408000.0,營業收入
2026-03-31,3059,Revenue,2020291000.0,營業收入
2026-03-31,2476,EPS,1.14,基本每股盈餘
2026-03-31,2485,Revenue,1045686000.0,營業收入
2026-03-31,6552,Revenue,289330000.0,營業收入
2026-03-31,4433,Revenue,647017000.0,營業收入
2026-03-31,4174,EPS,-3.35,基本每股盈餘
2026-03-31,6558,Revenue,227992000.0,營業收入
2026-03-31,6674,Revenue,112132000.0,營業收入
2026-03-31,3623,Revenue,81991000.0,營業收入
2026-03-31,3257,Revenue,130520000.0,營業收入
2026-03-31,9919,EPS,-0.52,基本每股盈餘
2026-03-31,6534,Revenue,869503000.0,營業收入
2026-03-31,2103,Revenue,10330865000.0,營業收入
2026-03-31,2450,Revenue,8712584000.0,營業收入
2026-03-31,8076,Revenue,652698000.0,營業收入
2026-03-31,2929,Revenue,420493000.0,營業收入
2026-03-31,2743,Revenue,1831722000.0,營業收入
2026-03-31,8103,Revenue,910083000.0,營業收入
2026-03-31,3167,EPS,3.19,基本每股盈餘
2026-03-31,8422,EPS,0.21,基本每股盈餘
2026-03-31,7740,Revenue,3091362000.0,營業收入
2026-03-31,2740,EPS,-1.32,基本每股盈餘
2026-03-31,1795,EPS,2.18,基本每股盈餘
2026-03-31,3666,Revenue,99220000.0,營業收入
2026-03-31,4714,Revenue,620216000.0,營業收入
2026-03-31,8423,EPS,0.26,基本每股盈餘
2026-03-31,2367,Revenue,3898120000.0,營業收入
2026-03-31,3596,EPS,3.12,基本每股盈餘
2026-03-31,2457,Revenue,2095359000.0,營業收入
2026-03-31,4735,EPS,1.19,基本每股盈餘
2026-03-31,6195,Revenue,704086000.0,營業收入
2026-03-31,2501,Revenue,11151303000.0,營業收入
2026-03-31,4198,Revenue,40208000.0,營業收入
2026-03-31,2740,Revenue,18509000.0,營業收入
2026-03-31,3701,Revenue,1960240000.0,營業收入
2026-03-31,6209,Revenue,1158467000.0,營業收入
2026-03-31,1259,EPS,0.06,基本每股盈餘
2026-03-31,3693,Revenue,1557270000.0,營業收入
2026-03-31,6215,Revenue,773101000.0,營業收入
2026-03-31,3205,Revenue,147115000.0,營業收入
2026-03-31,2390,Revenue,148356000.0,營業收入
2026-03-31,6423,Revenue,64814000.0,營業收入
2026-03-31,4131,EPS,-0.05,基本每股盈餘
2026-03-31,4568,EPS,0.48,基本每股盈餘
2026-03-31,2483,Revenue,480525000.0,營業收入
2026-03-31,1707,EPS,1.18,基本每股盈餘
2026-03-31,1593,Revenue,304502000.0,營業收入
2026-03-31,7757,Revenue,564817000.0,營業收入
2026-03-31,3014,EPS,2.85,基本每股盈餘
2026-03-31,6887,EPS,-0.62,基本每股盈餘
2026-03-31,5410,Revenue,1619420000.0,營業收入
2026-03-31,8111,Revenue,195041000.0,營業收入
2026-03-31,2360,EPS,9.12,基本每股盈餘
2026-03-31,8374,Revenue,1374746000.0,營業收入
2026-03-31,2035,EPS,0.33,基本每股盈餘
2026-03-31,6248,Revenue,1513648000.0,營業收入
2026-03-31,6118,Revenue,2545098000.0,營業收入
2026-03-31,8271,EPS,14.54,基本每股盈餘
2026-03-31,3169,EPS,0.97,基本每股盈餘
2026-03-31,8432,Revenue,285817000.0,營業收入
2026-03-31,5007,Revenue,1526900000.0,營業收入
2026-03-31,3703,EPS,0.33,基本每股盈餘
2026-03-31,2032,Revenue,783716000.0,營業收入
2026-03-31,8103,EPS,1.17,基本每股盈餘
2026-03-31,4720,Revenue,943906000.0,營業收入
2026-03-31,2753,Revenue,2262828000.0,營業收入
2026-03-31,3380,EPS,0.1,基本每股盈餘
2026-03-31,7788,Revenue,1857129000.0,營業收入
2026-03-31,2439,EPS,1.03,基本每股盈餘
2026-03-31,2701,EPS,0.11,基本每股盈餘
2026-03-31,2618,Revenue,60515845000.0,營業收入
2026-03-31,2027,EPS,1.17,基本每股盈餘
2026-03-31,5608,Revenue,768625000.0,營業收入
2026-03-31,2945,Revenue,3837104000.0,營業收入
2026-03-31,1784,EPS,0.25,基本每股盈餘
2026-03-31,6578,Revenue,82091000.0,營業收入
2026-03-31,3630,Revenue,644969000.0,營業收入
2026-03-31,6101,Revenue,618498000.0,營業收入
2026-03-31,3209,EPS,1.52,基本每股盈餘
2026-03-31,3049,EPS,-0.04,基本每股盈餘
2026-03-31,2107,Revenue,327504000.0,營業收入
2026-03-31,6224,EPS,0.64,基本每股盈餘
2026-03-31,3362,Revenue,1107776000.0,營業收入
2026-03-31,5283,Revenue,1223404000.0,營業收入
2026-03-31,4562,Revenue,176927000.0,營業收入
2026-03-31,3557,Revenue,1431210000.0,營業收入
2026-03-31,3557,EPS,0.48,基本每股盈餘
2026-03-31,6664,EPS,3.73,基本每股盈餘
2026-03-31,9906,Revenue,816381000.0,營業收入
2026-03-31,3339,Revenue,204272000.0,營業收入
2026-03-31,5508,Revenue,740017000.0,營業收入
2026-03-31,6573,EPS,-0.4,基本每股盈餘
2026-03-31,5903,Revenue,27757742000.0,營業收入
2026-03-31,4183,Revenue,63383000.0,營業收入
2026-03-31,4167,EPS,0.29,基本每股盈餘
2026-03-31,6182,Revenue,2477638000.0,營業收入
2026-03-31,6141,Revenue,492434000.0,營業收入
2026-03-31,6603,Revenue,1050396000.0,營業收入
2026-03-31,9908,EPS,0.33,基本每股盈餘
2026-03-31,3115,Revenue,1441000.0,營業收入
2026-03-31,3338,Revenue,859457000.0,營業收入
2026-03-31,7751,EPS,7.0,基本每股盈餘
2026-03-31,2025,Revenue,378787000.0,營業收入
2026-03-31,3163,Revenue,656095000.0,營業收入
2026-03-31,8936,EPS,0.99,基本每股盈餘
2026-03-31,3680,EPS,2.55,基本每股盈餘
2026-03-31,3716,Revenue,2228857000.0,營業收入
2026-03-31,3227,Revenue,2209409000.0,營業收入
2026-03-31,6953,Revenue,265286000.0,營業收入
2026-03-31,6470,Revenue,268641000.0,營業收入
2026-03-31,5364,Revenue,59334000.0,營業收入
2026-03-31,1726,Revenue,2651076000.0,營業收入
2026-03-31,8069,EPS,2.41,基本每股盈餘
2026-03-31,2250,Revenue,802397000.0,營業收入
2026-03-31,6114,Revenue,197387000.0,營業收入
2026-03-31,2406,Revenue,2717146000.0,營業收入
2026-03-31,1717,Revenue,10243036000.0,營業收入
2026-03-31,6971,Revenue,493507000.0,營業收入
2026-03-31,2516,Revenue,1624343000.0,營業收入
2026-03-31,5519,Revenue,676975000.0,營業收入
2026-03-31,7799,EPS,-0.37,基本每股盈餘
2026-03-31,1560,EPS,2.94,基本每股盈餘
2026-03-31,3031,EPS,0.13,基本每股盈餘
2026-03-31,2365,Revenue,241791000.0,營業收入
2026-03-31,2239,Revenue,4078591000.0,營業收入
2026-03-31,2434,Revenue,10860000.0,營業收入
2026-03-31,8101,Revenue,82612000.0,營業收入
2026-03-31,2235,Revenue,143786000.0,營業收入
2026-03-31,8047,EPS,-0.29,基本每股盈餘
2026-03-31,6234,Revenue,128905000.0,營業收入
2026-03-31,4549,Revenue,266123000.0,營業收入
2026-03-31,5521,EPS,0.13,基本每股盈餘
2026-03-31,1713,EPS,1.36,基本每股盈餘
2026-03-31,6128,Revenue,1340026000.0,營業收入
2026-03-31,2605,EPS,0.66,基本每股盈餘
2026-03-31,4155,Revenue,383779000.0,營業收入
2026-03-31,3430,EPS,1.45,基本每股盈餘
2026-03-31,8291,EPS,-0.49,基本每股盈餘
2026-03-31,3705,Revenue,1840865000.0,營業收入
2026-03-31,5530,Revenue,1063727000.0,營業收入
2026-03-31,7711,EPS,7.68,基本每股盈餘
2026-03-31,4552,Revenue,739573000.0,營業收入
2026-03-31,6156,EPS,-0.09,基本每股盈餘
2026-03-31,2425,EPS,0.62,基本每股盈餘
2026-03-31,6236,EPS,0.0,基本每股盈餘
2026-03-31,4771,Revenue,1030727000.0,營業收入
2026-03-31,6835,Revenue,576643000.0,營業收入
2026-03-31,4934,Revenue,38401000.0,營業收入
2026-03-31,1904,EPS,0.56,基本每股盈餘
2026-03-31,3567,Revenue,62555000.0,營業收入
2026-03-31,9902,EPS,0.17,基本每股盈餘
2026-03-31,8093,EPS,-0.42,基本每股盈餘
2026-03-31,3669,EPS,0.7,基本每股盈餘
2026-03-31,6655,Revenue,687007000.0,營業收入
2026-03-31,5345,EPS,-0.05,基本每股盈餘
2026-03-31,8162,EPS,0.12,基本每股盈餘
2026-03-31,2247,Revenue,8954402000.0,營業收入
2026-03-31,4760,EPS,2.55,基本每股盈餘
2026-03-31,6021,EPS,0.83,基本每股盈餘
2026-03-31,6969,EPS,-0.05,基本每股盈餘
2026-03-31,3531,Revenue,273163000.0,營業收入
2026-03-31,4728,Revenue,564823000.0,營業收入
2026-03-31,4771,EPS,3.66,基本每股盈餘
2026-03-31,1456,Revenue,218947000.0,營業收入
2026-03-31,4766,EPS,6.55,基本每股盈餘
2026-03-31,2028,EPS,0.15,基本每股盈餘
2026-03-31,4108,EPS,-0.08,基本每股盈餘
2026-03-31,3467,Revenue,168561000.0,營業收入
2026-03-31,1906,EPS,-0.03,基本每股盈餘
2026-03-31,2066,EPS,1.96,基本每股盈餘
2026-03-31,5223,Revenue,442424000.0,營業收入
2026-03-31,1773,EPS,2.02,基本每股盈餘
2026-03-31,6488,EPS,3.97,基本每股盈餘
2026-03-31,3390,Revenue,211177000.0,營業收入
2026-03-31,6024,EPS,1.76,基本每股盈餘
2026-03-31,3680,Revenue,1865049000.0,營業收入
2026-03-31,6290,Revenue,2609922000.0,營業收入
2026-03-31,3666,EPS,-0.4,基本每股盈餘
2026-03-31,8176,Revenue,65643000.0,營業收入
2026-03-31,6206,Revenue,1510237000.0,營業收入
2026-03-31,2380,Revenue,686097000.0,營業收入
2026-03-31,5015,Revenue,277275000.0,營業收入
2026-03-31,2641,EPS,0.71,基本每股盈餘
2026-03-31,2752,Revenue,1096127000.0,營業收入
2026-03-31,6617,Revenue,9467000.0,營業收入
2026-03-31,2393,Revenue,5039603000.0,營業收入
2026-03-31,3529,Revenue,1093993000.0,營業收入
2026-03-31,2751,Revenue,505269000.0,營業收入
2026-03-31,6179,Revenue,1446226000.0,營業收入
2026-03-31,4160,EPS,0.01,基本每股盈餘
2026-03-31,9930,Revenue,3286610000.0,營業收入
2026-03-31,1305,Revenue,2673905000.0,營業收入
2026-03-31,4706,Revenue,288502000.0,營業收入
2026-03-31,9949,EPS,0.03,基本每股盈餘
2026-03-31,7794,Revenue,258843000.0,營業收入
2026-03-31,6184,Revenue,550296000.0,營業收入
2026-03-31,6936,Revenue,368422000.0,營業收入
2026-03-31,4506,Revenue,1819322000.0,營業收入
2026-03-31,3645,Revenue,564138000.0,營業收入
2026-03-31,3357,Revenue,1735489000.0,營業收入
2026-03-31,3523,Revenue,13219000.0,營業收入
2026-03-31,3508,Revenue,227353000.0,營業收入
2026-03-31,4722,EPS,0.22,基本每股盈餘
2026-03-31,8421,Revenue,299660000.0,營業收入
2026-03-31,1464,Revenue,2987876000.0,營業收入
2026-03-31,6994,Revenue,841600000.0,營業收入
2026-03-31,6643,EPS,-1.18,基本每股盈餘
2026-03-31,1410,Revenue,49535000.0,營業收入
2026-03-31,3498,EPS,-0.2,基本每股盈餘
2026-03-31,6903,Revenue,1925756000.0,營業收入
2026-03-31,4747,Revenue,146593000.0,營業收入
2026-03-31,6016,EPS,1.65,基本每股盈餘
2026-03-31,2030,Revenue,2637279000.0,營業收入
2026-03-31,6884,Revenue,306600000.0,營業收入
2026-03-31,4741,EPS,0.31,基本每股盈餘
2026-03-31,4538,Revenue,89056000.0,營業收入
2026-03-31,6840,Revenue,213193000.0,營業收入
2026-03-31,3455,EPS,-0.81,基本每股盈餘
2026-03-31,1568,EPS,0.51,基本每股盈餘
2026-03-31,3597,EPS,0.08,基本每股盈餘
2026-03-31,2371,Revenue,11487899000.0,營業收入
2026-03-31,3218,Revenue,1089806000.0,營業收入
2026-03-31,4532,Revenue,6030902000.0,營業收入
2026-03-31,2524,Revenue,656590000.0,營業收入
2026-03-31,2413,Revenue,831399000.0,營業收入
2026-03-31,3095,Revenue,154775000.0,營業收入
2026-03-31,3306,Revenue,246640000.0,營業收入
2026-03-31,3264,Revenue,3983402000.0,營業收入
2026-03-31,3147,Revenue,2986522000.0,營業收入
2026-03-31,2539,Revenue,2476909000.0,營業收入
2026-03-31,4420,Revenue,229484000.0,營業收入
2026-03-31,4116,Revenue,1324607000.0,營業收入
2026-03-31,2478,Revenue,1419768000.0,營業收入
2026-03-31,4102,Revenue,123157000.0,營業收入
2026-03-31,3234,Revenue,182685000.0,營業收入
2026-03-31,6776,Revenue,7780255000.0,營業收入
2026-03-31,4754,Revenue,156533000.0,營業收入
2026-03-31,3325,Revenue,231172000.0,營業收入
2026-03-31,7642,EPS,0.5,基本每股盈餘
2026-03-31,2376,Revenue,105057330000.0,營業收入
2026-03-31,2312,Revenue,35632632000.0,營業收入
2026-03-31,5475,Revenue,318887000.0,營業收入
2026-03-31,4583,EPS,3.56,基本每股盈餘
2026-03-31,4722,Revenue,889642000.0,營業收入
2026-03-31,1439,EPS,0.59,基本每股盈餘
2026-03-31,4760,Revenue,627462000.0,營業收入
2026-03-31,3293,Revenue,6264670000.0,營業收入
2026-03-31,6561,Revenue,982156000.0,營業收入
2026-03-31,2481,Revenue,3421155000.0,營業收入
2026-03-31,4190,EPS,-0.26,基本每股盈餘
2026-03-31,3050,Revenue,280845000.0,營業收入
2026-03-31,3303,Revenue,774438000.0,營業收入
2026-03-31,3321,Revenue,440905000.0,營業收入
2026-03-31,2069,EPS,0.64,基本每股盈餘
2026-03-31,3090,EPS,1.7,基本每股盈餘
2026-03-31,6154,Revenue,1046919000.0,營業收入
2026-03-31,3217,Revenue,948090000.0,營業收入
2026-03-31,3025,Revenue,123787000.0,營業收入
2026-03-31,4163,Revenue,622825000.0,營業收入
2026-03-31,3010,EPS,2.47,基本每股盈餘
2026-03-31,3027,Revenue,351288000.0,營業收入
2026-03-31,3021,EPS,0.19,基本每股盈餘
2026-03-31,4168,Revenue,12054000.0,營業收入
2026-03-31,2509,Revenue,64339000.0,營業收入
2026-03-31,3516,Revenue,290973000.0,營業收入
2026-03-31,4109,Revenue,135125000.0,營業收入
2026-03-31,6498,Revenue,345005000.0,營業收入
2026-03-31,2065,Revenue,545560000.0,營業收入
2026-03-31,3093,Revenue,267567000.0,營業收入
2026-03-31,2467,Revenue,2261506000.0,營業收入
2026-03-31,2913,Revenue,121939000.0,營業收入
2026-03-31,6163,Revenue,1824540000.0,營業收入
2026-03-31,3013,Revenue,2929028000.0,營業收入
2026-03-31,4580,Revenue,574221000.0,營業收入
2026-03-31,6916,Revenue,505829000.0,營業收入
2026-03-31,3135,Revenue,3957692000.0,營業收入
2026-03-31,2461,Revenue,1366993000.0,營業收入
2026-03-31,3032,Revenue,2715936000.0,營業收入
2026-03-31,3024,Revenue,257621000.0,營業收入
2026-03-31,2440,Revenue,1009672000.0,營業收入
2026-03-31,3266,Revenue,508760000.0,營業收入
2026-03-31,4534,Revenue,217517000.0,營業收入
2026-03-31,2462,Revenue,964560000.0,營業收入
2026-03-31,4113,Revenue,21878000.0,營業收入
2026-03-31,3272,Revenue,641686000.0,營業收入
2026-03-31,2646,Revenue,13759797000.0,營業收入
2026-03-31,5484,Revenue,179881000.0,營業收入
2026-03-31,8112,EPS,3.91,基本每股盈餘
2026-03-31,3296,Revenue,333302000.0,營業收入
2026-03-31,2637,Revenue,4338022000.0,營業收入
2026-03-31,3284,EPS,0.5,基本每股盈餘
2026-03-31,4528,Revenue,353599000.0,營業收入
2026-03-31,3224,Revenue,410214000.0,營業收入
2026-03-31,2949,EPS,0.74,基本每股盈餘
2026-03-31,6907,Revenue,653135000.0,營業收入
2026-03-31,2105,Revenue,23428390000.0,營業收入
2026-03-31,3312,Revenue,5660657000.0,營業收入
2026-03-31,3550,Revenue,1007809000.0,營業收入
2026-03-31,4402,Revenue,5055000.0,營業收入
2026-03-31,4541,Revenue,451254000.0,營業收入
2026-03-31,3230,Revenue,100608000.0,營業收入
2026-03-31,4105,Revenue,1520487000.0,營業收入
2026-03-31,8034,EPS,0.01,基本每股盈餘
2026-03-31,2488,EPS,0.92,基本每股盈餘
2026-03-31,8450,EPS,0.32,基本每股盈餘
2026-03-31,2605,Revenue,1366845000.0,營業收入
2026-03-31,4138,Revenue,342776000.0,營業收入
2026-03-31,2634,Revenue,7587090000.0,營業收入
2026-03-31,3310,Revenue,412601000.0,營業收入
2026-03-31,3149,Revenue,590082000.0,營業收入
2026-03-31,4413,Revenue,118497000.0,營業收入
2026-03-31,3052,Revenue,871124000.0,營業收入
2026-03-31,4430,Revenue,580981000.0,營業收入
2026-03-31,4909,Revenue,51692000.0,營業收入
2026-03-31,3686,Revenue,23673000.0,營業收入
2026-03-31,3501,Revenue,1259960000.0,營業收入
2026-03-31,3056,Revenue,284525000.0,營業收入
2026-03-31,3591,Revenue,581640000.0,營業收入
2026-03-31,2415,Revenue,616855000.0,營業收入
2026-03-31,3003,Revenue,1263159000.0,營業收入
2026-03-31,3118,EPS,0.53,基本每股盈餘
2026-03-31,3060,Revenue,1081252000.0,營業收入
2026-03-31,2641,Revenue,606529000.0,營業收入
2026-03-31,3323,Revenue,1024145000.0,營業收入
2026-03-31,3005,Revenue,9308269000.0,營業收入
2026-03-31,4502,Revenue,251375000.0,營業收入
2026-03-31,3066,Revenue,65831000.0,營業收入
2026-03-31,3285,Revenue,221882000.0,營業收入
2026-03-31,4306,Revenue,3266440000.0,營業收入
2026-03-31,4745,Revenue,702143000.0,營業收入
2026-03-31,3071,Revenue,706438000.0,營業收入
2026-03-31,4207,Revenue,1396098000.0,營業收入
2026-03-31,3018,Revenue,81164000.0,營業收入
2026-03-31,3158,EPS,1.5,基本每股盈餘
2026-03-31,6770,EPS,3.36,基本每股盈餘
2026-03-31,3043,Revenue,187425000.0,營業收入
2026-03-31,3207,Revenue,427984000.0,營業收入
2026-03-31,6189,EPS,1.0,基本每股盈餘
2026-03-31,5546,EPS,-0.28,基本每股盈餘
2026-03-31,2454,Revenue,149150510000.0,營業收入
