date,stock_id,type,value,origin_name
2024-06-30,1101,EPS,0.25,基本每股盈餘
2024-06-30,1760,EPS,0.23,基本每股盈餘
2024-06-30,3596,EPS,2.66,基本每股盈餘
2024-06-30,3593,EPS,-0.13,基本每股盈餘
2024-06-30,1762,EPS,0.27,基本每股盈餘
2024-06-30,3583,EPS,2.82,基本每股盈餘
2024-06-30,1777,EPS,2.21,基本每股盈餘
2024-06-30,3597,EPS,0.17,基本每股盈餘
2024-06-30,3576,EPS,-0.52,基本每股盈餘
2024-06-30,3550,EPS,-0.05,基本每股盈餘
2024-06-30,1786,EPS,1.0,基本每股盈餘
2024-06-30,3548,EPS,2.48,基本每股盈餘
2024-06-30,3533,EPS,20.0,基本每股盈餘
2024-06-30,1788,EPS,2.45,基本每股盈餘
2024-06-30,3532,EPS,0.89,基本每股盈餘
2024-06-30,1784,EPS,0.35,基本每股盈餘
2024-06-30,1733,EPS,0.27,基本每股盈餘
2024-06-30,3653,EPS,6.02,基本每股盈餘
2024-06-30,1726,EPS,1.18,基本每股盈餘
2024-06-30,4116,EPS,0.66,基本每股盈餘
2024-06-30,1713,EPS,2.25,基本每股盈餘
2024-06-30,4108,EPS,-0.08,基本每股盈餘
2024-06-30,4106,EPS,0.21,基本每股盈餘
2024-06-30,1717,EPS,0.38,基本每股盈餘
2024-06-30,3711,EPS,1.8,基本每股盈餘
2024-06-30,1718,EPS,0.07,基本每股盈餘
2024-06-30,3707,EPS,-0.34,基本每股盈餘
2024-06-30,1722,EPS,0.46,基本每股盈餘
2024-06-30,3706,EPS,0.92,基本每股盈餘
2024-06-30,1723,EPS,1.49,基本每股盈餘
2024-06-30,3691,EPS,-0.17,基本每股盈餘
2024-06-30,3686,EPS,-0.03,基本每股盈餘
2024-06-30,1725,EPS,0.34,基本每股盈餘
2024-06-30,3661,EPS,20.05,基本每股盈餘
2024-06-30,1789,EPS,0.09,基本每股盈餘
2024-06-30,1712,EPS,0.55,基本每股盈餘
2024-06-30,3530,EPS,-0.09,基本每股盈餘
2024-06-30,3518,EPS,-0.55,基本每股盈餘
2024-06-30,3211,EPS,8.92,基本每股盈餘
2024-06-30,3209,EPS,0.82,基本每股盈餘
2024-06-30,2049,EPS,1.65,基本每股盈餘
2024-06-30,3189,EPS,0.2,基本每股盈餘
2024-06-30,2059,EPS,15.29,基本每股盈餘
2024-06-30,3141,EPS,0.43,基本每股盈餘
2024-06-30,2015,EPS,1.33,基本每股盈餘
2024-06-30,2061,EPS,0.61,基本每股盈餘
2024-06-30,2062,EPS,1.07,基本每股盈餘
2024-06-30,3085,EPS,-0.41,基本每股盈餘
2024-06-30,3062,EPS,0.06,基本每股盈餘
2024-06-30,2063,EPS,0.51,基本每股盈餘
2024-06-30,3059,EPS,0.28,基本每股盈餘
2024-06-30,2064,EPS,0.14,基本每股盈餘
2024-06-30,3105,EPS,1.14,基本每股盈餘
2024-06-30,3228,EPS,0.59,基本每股盈餘
2024-06-30,2014,EPS,-0.19,基本每股盈餘
2024-06-30,3230,EPS,4.88,基本每股盈餘
2024-06-30,2006,EPS,1.59,基本每股盈餘
2024-06-30,3515,EPS,2.17,基本每股盈餘
2024-06-30,3494,EPS,-0.06,基本每股盈餘
2024-06-30,2007,EPS,-0.55,基本每股盈餘
2024-06-30,3481,EPS,0.12,基本每股盈餘
2024-06-30,2008,EPS,0.18,基本每股盈餘
2024-06-30,3443,EPS,6.78,基本每股盈餘
2024-06-30,2009,EPS,0.15,基本每股盈餘
2024-06-30,3406,EPS,8.87,基本每股盈餘
2024-06-30,2010,EPS,0.38,基本每股盈餘
2024-06-30,3376,EPS,2.18,基本每股盈餘
2024-06-30,3260,EPS,2.58,基本每股盈餘
2024-06-30,2012,EPS,0.55,基本每股盈餘
2024-06-30,3231,EPS,1.55,基本每股盈餘
2024-06-30,2013,EPS,0.69,基本每股盈餘
2024-06-30,2002,EPS,0.09,基本每股盈餘
2024-06-30,4117,EPS,-1.77,基本每股盈餘
2024-06-30,4118,Revenue,5027000.0,營業收入
2024-06-30,1711,EPS,0.22,基本每股盈餘
2024-06-30,1530,EPS,0.49,基本每股盈餘
2024-06-30,5009,EPS,1.2,基本每股盈餘
2024-06-30,4968,EPS,0.84,基本每股盈餘
2024-06-30,1531,EPS,0.12,基本每股盈餘
2024-06-30,4966,EPS,7.11,基本每股盈餘
2024-06-30,1532,EPS,2.29,基本每股盈餘
2024-06-30,5269,EPS,13.18,基本每股盈餘
2024-06-30,4961,EPS,4.91,基本每股盈餘
2024-06-30,4960,EPS,-0.01,基本每股盈餘
2024-06-30,1535,EPS,0.98,基本每股盈餘
2024-06-30,4958,EPS,0.51,基本每股盈餘
2024-06-30,4938,EPS,2.1,基本每股盈餘
2024-06-30,1536,EPS,0.15,基本每股盈餘
2024-06-30,4919,EPS,-0.05,基本每股盈餘
2024-06-30,1533,EPS,-0.52,基本每股盈餘
2024-06-30,1529,EPS,0.26,基本每股盈餘
2024-06-30,5274,EPS,13.44,基本每股盈餘
2024-06-30,1528,EPS,0.05,基本每股盈餘
2024-06-30,5523,EPS,-0.09,基本每股盈餘
2024-06-30,1521,EPS,0.46,基本每股盈餘
2024-06-30,5522,EPS,1.33,基本每股盈餘
2024-06-30,5521,EPS,0.01,基本每股盈餘
2024-06-30,1522,EPS,1.65,基本每股盈餘
2024-06-30,5519,EPS,0.48,基本每股盈餘
2024-06-30,1524,EPS,0.63,基本每股盈餘
2024-06-30,5515,EPS,0.44,基本每股盈餘
2024-06-30,1525,EPS,0.98,基本每股盈餘
2024-06-30,5512,EPS,-0.04,基本每股盈餘
2024-06-30,1526,EPS,0.09,基本每股盈餘
2024-06-30,5483,EPS,2.94,基本每股盈餘
2024-06-30,5371,EPS,0.72,基本每股盈餘
2024-06-30,1527,EPS,0.92,基本每股盈餘
2024-06-30,5347,EPS,1.1,基本每股盈餘
2024-06-30,1537,EPS,3.29,基本每股盈餘
2024-06-30,4906,EPS,0.74,基本每股盈餘
2024-06-30,1560,EPS,1.75,基本每股盈餘
2024-06-30,4904,EPS,0.86,基本每股盈餘
2024-06-30,1603,EPS,0.51,基本每股盈餘
2024-06-30,4142,EPS,-0.65,基本每股盈餘
2024-06-30,4133,EPS,0.3,基本每股盈餘
2024-06-30,1605,EPS,0.55,基本每股盈餘
2024-06-30,4130,EPS,0.07,基本每股盈餘
2024-06-30,1608,EPS,0.5,基本每股盈餘
2024-06-30,4128,EPS,-0.27,基本每股盈餘
2024-06-30,1609,EPS,1.24,基本每股盈餘
2024-06-30,4126,EPS,1.38,基本每股盈餘
2024-06-30,1612,EPS,0.9,基本每股盈餘
2024-06-30,4123,EPS,-0.1,基本每股盈餘
2024-06-30,4121,EPS,-0.09,基本每股盈餘
2024-06-30,1701,Revenue,2215722000.0,營業收入
2024-06-30,1710,EPS,0.01,基本每股盈餘
2024-06-30,4119,EPS,0.52,基本每股盈餘
2024-06-30,4147,EPS,-0.1,基本每股盈餘
2024-06-30,3057,EPS,-0.35,基本每股盈餘
2024-06-30,1591,EPS,-0.35,基本每股盈餘
2024-06-30,1590,EPS,11.31,基本每股盈餘
2024-06-30,1580,EPS,3.88,基本每股盈餘
2024-06-30,4743,EPS,-0.36,基本每股盈餘
2024-06-30,4175,EPS,-0.19,基本每股盈餘
2024-06-30,1582,EPS,2.32,基本每股盈餘
2024-06-30,4174,EPS,-2.36,基本每股盈餘
2024-06-30,1583,EPS,1.52,基本每股盈餘
2024-06-30,4171,EPS,-0.63,基本每股盈餘
2024-06-30,1584,EPS,1.0,基本每股盈餘
2024-06-30,4168,EPS,-0.46,基本每股盈餘
2024-06-30,1585,EPS,-0.41,基本每股盈餘
2024-06-30,4163,EPS,1.24,基本每股盈餘
2024-06-30,1586,EPS,0.08,基本每股盈餘
2024-06-30,4162,EPS,1.11,基本每股盈餘
2024-06-30,1589,EPS,-3.33,基本每股盈餘
2024-06-30,4160,EPS,0.72,基本每股盈餘
2024-06-30,4148,EPS,0.12,基本每股盈餘
2024-06-30,2065,EPS,1.01,基本每股盈餘
2024-06-30,3052,EPS,0.22,基本每股盈餘
2024-06-30,2103,EPS,0.39,基本每股盈餘
2024-06-30,2852,Revenue,2029587000.0,營業收入
2024-06-30,2439,EPS,2.24,基本每股盈餘
2024-06-30,2851,Revenue,5881257000.0,營業收入
2024-06-30,2850,Revenue,5063366000.0,營業收入
2024-06-30,2441,EPS,1.27,基本每股盈餘
2024-06-30,2849,EPS,0.17,基本每股盈餘（元）
2024-06-30,2436,EPS,0.51,基本每股盈餘
2024-06-30,2449,EPS,1.56,基本每股盈餘
2024-06-30,2454,EPS,16.19,基本每股盈餘
2024-06-30,2834,EPS,0.41,基本每股盈餘（元）
2024-06-30,2455,EPS,1.09,基本每股盈餘
2024-06-30,2823,Revenue,64690391000.0,營業收入
2024-06-30,2820,EPS,0.18,基本每股盈餘（元）
2024-06-30,2460,EPS,0.0,基本每股盈餘
2024-06-30,2838,EPS,0.21,基本每股盈餘（元）
2024-06-30,2855,EPS,0.92,基本每股盈餘（元）
2024-06-30,2429,EPS,-0.97,基本每股盈餘
2024-06-30,2856,EPS,0.69,基本每股盈餘（元）
2024-06-30,2397,EPS,0.64,基本每股盈餘
2024-06-30,2886,EPS,0.58,基本每股盈餘（元）
2024-06-30,2399,EPS,0.05,基本每股盈餘
2024-06-30,2885,EPS,0.63,基本每股盈餘（元）
2024-06-30,2884,EPS,0.39,基本每股盈餘（元）
2024-06-30,2406,EPS,-0.11,基本每股盈餘
2024-06-30,2883,EPS,0.49,基本每股盈餘（元）
2024-06-30,2408,EPS,-0.26,基本每股盈餘
2024-06-30,2882,EPS,2.06,基本每股盈餘（元）
2024-06-30,2409,EPS,-0.03,基本每股盈餘
2024-06-30,2881,EPS,3.63,基本每股盈餘（元）
2024-06-30,2412,EPS,1.27,基本每股盈餘
2024-06-30,2880,EPS,0.4,基本每股盈餘（元）
2024-06-30,2867,Revenue,35370456000.0,營業收入
2024-06-30,2421,EPS,1.39,基本每股盈餘
2024-06-30,2816,Revenue,2708175000.0,營業收入
2024-06-30,2461,EPS,1.47,基本每股盈餘
2024-06-30,2812,EPS,0.38,基本每股盈餘（元）
2024-06-30,2462,EPS,0.57,基本每股盈餘
2024-06-30,2545,EPS,2.45,基本每股盈餘
2024-06-30,2511,EPS,-0.05,基本每股盈餘
2024-06-30,2543,EPS,3.29,基本每股盈餘
2024-06-30,2514,EPS,0.43,基本每股盈餘
2024-06-30,2542,EPS,0.37,基本每股盈餘
2024-06-30,2515,EPS,0.1,基本每股盈餘
2024-06-30,2540,EPS,1.32,基本每股盈餘
2024-06-30,2516,EPS,0.02,基本每股盈餘
2024-06-30,2538,EPS,0.07,基本每股盈餘
2024-06-30,2537,EPS,0.43,基本每股盈餘
2024-06-30,2520,EPS,4.4,基本每股盈餘
2024-06-30,2536,EPS,0.14,基本每股盈餘
2024-06-30,2524,EPS,0.95,基本每股盈餘
2024-06-30,2535,EPS,1.69,基本每股盈餘
2024-06-30,2528,EPS,-0.42,基本每股盈餘
2024-06-30,2546,EPS,1.12,基本每股盈餘
2024-06-30,2887,EPS,0.38,基本每股盈餘（元）
2024-06-30,2509,EPS,0.28,基本每股盈餘
2024-06-30,2506,EPS,-0.06,基本每股盈餘
2024-06-30,2809,EPS,1.09,基本每股盈餘（元）
2024-06-30,2801,EPS,0.31,基本每股盈餘（元）
2024-06-30,2471,EPS,0.91,基本每股盈餘
2024-06-30,2726,EPS,0.21,基本每股盈餘
2024-06-30,2474,EPS,5.05,基本每股盈餘
2024-06-30,2723,EPS,0.43,基本每股盈餘
2024-06-30,2498,EPS,-0.98,基本每股盈餘
2024-06-30,2719,EPS,1.44,基本每股盈餘
2024-06-30,2501,EPS,0.3,基本每股盈餘
2024-06-30,2718,EPS,0.08,基本每股盈餘
2024-06-30,2712,EPS,-0.71,基本每股盈餘
2024-06-30,2504,EPS,1.66,基本每股盈餘
2024-06-30,2597,EPS,3.41,基本每股盈餘
2024-06-30,2505,EPS,0.12,基本每股盈餘
2024-06-30,2548,EPS,0.93,基本每股盈餘
2024-06-30,2547,EPS,-0.09,基本每股盈餘
2024-06-30,1519,EPS,3.11,基本每股盈餘
2024-06-30,2393,EPS,1.85,基本每股盈餘
2024-06-30,2388,EPS,0.13,基本每股盈餘
2024-06-30,3040,EPS,0.21,基本每股盈餘
2024-06-30,2324,EPS,0.66,基本每股盈餘
2024-06-30,3038,EPS,0.57,基本每股盈餘
2024-06-30,2327,EPS,13.02,基本每股盈餘
2024-06-30,3037,EPS,1.05,基本每股盈餘
2024-06-30,2329,EPS,0.5,基本每股盈餘
2024-06-30,3041,EPS,-0.27,基本每股盈餘
2024-06-30,3036,EPS,1.7,基本每股盈餘
2024-06-30,3035,EPS,1.0,基本每股盈餘
2024-06-30,3034,EPS,8.86,基本每股盈餘
2024-06-30,2332,EPS,0.04,基本每股盈餘
2024-06-30,3033,EPS,0.84,基本每股盈餘
2024-06-30,2337,EPS,-0.15,基本每股盈餘
2024-06-30,3032,EPS,1.92,基本每股盈餘
2024-06-30,2330,EPS,9.56,基本每股盈餘
2024-06-30,2317,EPS,2.53,基本每股盈餘
2024-06-30,3042,EPS,1.67,基本每股盈餘
2024-06-30,2308,EPS,3.83,基本每股盈餘
2024-06-30,3051,EPS,0.34,基本每股盈餘
2024-06-30,3050,EPS,0.06,基本每股盈餘
2024-06-30,2201,EPS,1.16,基本每股盈餘
2024-06-30,3049,EPS,-0.24,基本每股盈餘
2024-06-30,2204,EPS,2.21,基本每股盈餘
2024-06-30,3048,EPS,-0.05,基本每股盈餘
2024-06-30,2207,EPS,10.54,基本每股盈餘
2024-06-30,3047,EPS,0.4,基本每股盈餘
2024-06-30,2208,EPS,-0.18,基本每股盈餘
2024-06-30,3046,EPS,1.01,基本每股盈餘
2024-06-30,3045,EPS,1.07,基本每股盈餘
2024-06-30,2301,EPS,1.36,基本每股盈餘
2024-06-30,3044,EPS,3.78,基本每股盈餘
2024-06-30,2303,EPS,1.11,基本每股盈餘
2024-06-30,3043,EPS,-0.1,基本每股盈餘
2024-06-30,2340,EPS,-0.13,基本每股盈餘
2024-06-30,3031,EPS,0.33,基本每股盈餘
2024-06-30,2344,EPS,0.41,基本每股盈餘
2024-06-30,3030,EPS,1.97,基本每股盈餘
2024-06-30,2364,EPS,1.48,基本每股盈餘
2024-06-30,2910,EPS,0.32,基本每股盈餘
2024-06-30,2365,EPS,0.18,基本每股盈餘
2024-06-30,2908,EPS,0.2,基本每股盈餘
2024-06-30,2368,EPS,3.12,基本每股盈餘
2024-06-30,2905,EPS,1.24,基本每股盈餘
2024-06-30,2379,EPS,8.55,基本每股盈餘
2024-06-30,2903,EPS,0.38,基本每股盈餘
2024-06-30,2892,EPS,0.46,基本每股盈餘（元）
2024-06-30,2382,EPS,3.92,基本每股盈餘
2024-06-30,2891,EPS,0.78,基本每股盈餘（元）
2024-06-30,2383,EPS,7.08,基本每股盈餘
2024-06-30,2890,EPS,0.42,基本每股盈餘（元）
2024-06-30,2384,EPS,0.12,基本每股盈餘
2024-06-30,2889,EPS,0.16,基本每股盈餘（元）
2024-06-30,2911,EPS,-0.99,基本每股盈餘
2024-06-30,2888,EPS,1.12,基本每股盈餘（元）
2024-06-30,2912,EPS,3.23,基本每股盈餘
2024-06-30,2915,EPS,3.64,基本每股盈餘
2024-06-30,3028,EPS,0.43,基本每股盈餘
2024-06-30,2345,EPS,4.62,基本每股盈餘
2024-06-30,3023,EPS,3.9,基本每股盈餘
2024-06-30,2348,EPS,3.26,基本每股盈餘
2024-06-30,3017,EPS,5.08,基本每股盈餘
2024-06-30,2351,EPS,1.2,基本每股盈餘
2024-06-30,3016,EPS,0.52,基本每股盈餘
2024-06-30,2353,EPS,0.47,基本每股盈餘
2024-06-30,3014,EPS,2.51,基本每股盈餘
2024-06-30,3013,EPS,0.97,基本每股盈餘
2024-06-30,2354,EPS,0.61,基本每股盈餘
2024-06-30,3008,EPS,33.7,基本每股盈餘
2024-06-30,2356,EPS,0.5,基本每股盈餘
2024-06-30,2923,EPS,-0.25,基本每股盈餘
2024-06-30,2357,EPS,15.9,基本每股盈餘
2024-06-30,2363,EPS,-0.16,基本每股盈餘
2024-06-30,5525,EPS,0.96,基本每股盈餘
2024-06-30,2534,EPS,-0.12,基本每股盈餘
2024-06-30,6263,EPS,2.34,基本每股盈餘
2024-06-30,5880,EPS,0.3,基本每股盈餘（元）
2024-06-30,1236,EPS,-0.3,基本每股盈餘
2024-06-30,6285,EPS,2.45,基本每股盈餘
2024-06-30,1234,EPS,0.62,基本每股盈餘
2024-06-30,1466,EPS,0.06,基本每股盈餘
2024-06-30,6409,EPS,14.7,基本每股盈餘
2024-06-30,5878,Revenue,198736000.0,營業收入
2024-06-30,1233,EPS,0.23,基本每股盈餘
2024-06-30,6414,EPS,3.7,基本每股盈餘
2024-06-30,6415,EPS,1.46,基本每股盈餘
2024-06-30,5876,EPS,0.31,基本每股盈餘（元）
2024-06-30,1477,EPS,3.55,基本每股盈餘
2024-06-30,1232,EPS,2.65,基本每股盈餘
2024-06-30,6442,EPS,3.27,基本每股盈餘
2024-06-30,1229,EPS,0.79,基本每股盈餘
2024-06-30,6446,EPS,2.09,基本每股盈餘
2024-06-30,5546,EPS,0.04,基本每股盈餘
2024-06-30,1227,EPS,0.32,基本每股盈餘
2024-06-30,6456,EPS,-0.2,基本每股盈餘
2024-06-30,1504,EPS,0.78,基本每股盈餘
2024-06-30,1225,EPS,0.59,基本每股盈餘
2024-06-30,6461,EPS,-0.68,基本每股盈餘
2024-06-30,5538,EPS,1.05,基本每股盈餘
2024-06-30,6488,EPS,6.02,基本每股盈餘
2024-06-30,1219,EPS,0.18,基本每股盈餘
2024-06-30,1513,EPS,1.82,基本每股盈餘
2024-06-30,6505,EPS,0.28,基本每股盈餘
2024-06-30,1218,EPS,0.42,基本每股盈餘
2024-06-30,5536,EPS,6.58,基本每股盈餘
2024-06-30,6278,EPS,2.94,基本每股盈餘
2024-06-30,1256,EPS,2.72,基本每股盈餘
2024-06-30,1402,EPS,0.69,基本每股盈餘
2024-06-30,6277,EPS,0.88,基本每股盈餘
2024-06-30,6194,EPS,1.13,基本每股盈餘
2024-06-30,1312,EPS,-0.23,基本每股盈餘
2024-06-30,6214,EPS,1.87,基本每股盈餘
2024-06-30,6147,EPS,1.36,基本每股盈餘
2024-06-30,6227,EPS,1.8,基本每股盈餘
2024-06-30,1314,EPS,0.06,基本每股盈餘
2024-06-30,1310,EPS,0.01,基本每股盈餘
2024-06-30,6230,EPS,0.28,基本每股盈餘
2024-06-30,1309,EPS,-0.1,基本每股盈餘
2024-06-30,6146,EPS,3.34,基本每股盈餘
2024-06-30,6239,EPS,2.45,基本每股盈餘
2024-06-30,1308,EPS,-0.12,基本每股盈餘
2024-06-30,1319,EPS,1.76,基本每股盈餘
2024-06-30,6244,EPS,0.13,基本每股盈餘
2024-06-30,6510,EPS,2.04,基本每股盈餘
2024-06-30,6120,EPS,0.0,基本每股盈餘
2024-06-30,6245,EPS,1.27,基本每股盈餘
2024-06-30,6257,EPS,1.62,基本每股盈餘
2024-06-30,6005,EPS,0.58,基本每股盈餘
2024-06-30,1321,EPS,0.32,基本每股盈餘
2024-06-30,1305,EPS,0.16,基本每股盈餘
2024-06-30,1304,EPS,-0.23,基本每股盈餘
2024-06-30,5904,EPS,5.61,基本每股盈餘
2024-06-30,6269,EPS,0.25,基本每股盈餘
2024-06-30,1326,EPS,0.32,基本每股盈餘
2024-06-30,1303,EPS,0.22,基本每股盈餘
2024-06-30,6271,EPS,2.11,基本每股盈餘
2024-06-30,1301,EPS,0.21,基本每股盈餘
2024-06-30,5903,EPS,1.99,基本每股盈餘
2024-06-30,6274,EPS,2.55,基本每股盈餘
2024-06-30,1307,EPS,0.75,基本每股盈餘
2024-06-30,1217,EPS,0.24,基本每股盈餘
2024-06-30,1313,EPS,-0.43,基本每股盈餘
2024-06-30,1215,EPS,1.28,基本每股盈餘
2024-06-30,1216,EPS,1.04,基本每股盈餘
2024-06-30,1210,EPS,0.94,基本每股盈餘
2024-06-30,5533,EPS,0.11,基本每股盈餘
2024-06-30,5534,EPS,1.28,基本每股盈餘
2024-06-30,1516,EPS,0.27,基本每股盈餘
2024-06-30,1514,EPS,0.77,基本每股盈餘
2024-06-30,1102,EPS,1.27,基本每股盈餘
2024-06-30,8081,EPS,4.28,基本每股盈餘
2024-06-30,6533,EPS,-1.54,基本每股盈餘
2024-06-30,5531,EPS,-0.44,基本每股盈餘
2024-06-30,8210,EPS,3.77,基本每股盈餘
2024-06-30,8044,EPS,-0.75,基本每股盈餘
2024-06-30,1515,EPS,0.53,基本每股盈餘
2024-06-30,6803,EPS,4.6,基本每股盈餘
2024-06-30,6523,EPS,1.7,基本每股盈餘
2024-09-30,2063,EPS,0.12,基本每股盈餘
2024-09-30,2201,EPS,1.22,基本每股盈餘
2024-09-30,2543,EPS,0.96,基本每股盈餘
2024-09-30,1304,EPS,-0.62,基本每股盈餘
2024-09-30,3050,EPS,0.18,基本每股盈餘
2024-09-30,2103,EPS,0.43,基本每股盈餘
2024-09-30,6263,EPS,2.07,基本每股盈餘
2024-09-30,3105,EPS,0.54,基本每股盈餘
2024-09-30,3051,EPS,0.49,基本每股盈餘
2024-09-30,3052,EPS,0.24,基本每股盈餘
2024-09-30,3057,EPS,-0.4,基本每股盈餘
2024-09-30,1305,EPS,-0.71,基本每股盈餘
2024-09-30,3085,EPS,-0.57,基本每股盈餘
2024-09-30,2064,EPS,-0.23,基本每股盈餘
2024-09-30,2062,EPS,0.38,基本每股盈餘
2024-09-30,2542,EPS,0.89,基本每股盈餘
2024-09-30,3062,EPS,0.02,基本每股盈餘
2024-09-30,3049,EPS,-0.37,基本每股盈餘
2024-09-30,2514,EPS,0.91,基本每股盈餘
2024-09-30,3059,EPS,0.28,基本每股盈餘
2024-09-30,8081,EPS,4.83,基本每股盈餘
2024-09-30,2065,EPS,0.61,基本每股盈餘
2024-09-30,6257,EPS,1.02,基本每股盈餘
2024-09-30,2816,Revenue,2637520000.0,營業收入
2024-09-30,2511,EPS,0.07,基本每股盈餘
2024-09-30,2327,EPS,11.01,基本每股盈餘
2024-09-30,3038,EPS,0.49,基本每股盈餘
2024-09-30,2324,EPS,0.77,基本每股盈餘
2024-09-30,6274,EPS,2.77,基本每股盈餘
2024-09-30,2506,EPS,2.56,基本每股盈餘
2024-09-30,2547,EPS,-0.07,基本每股盈餘
2024-09-30,3040,EPS,0.12,基本每股盈餘
2024-09-30,2546,EPS,1.86,基本每股盈餘
2024-09-30,2317,EPS,3.55,基本每股盈餘
2024-09-30,1301,EPS,-0.49,基本每股盈餘
2024-09-30,3041,EPS,-0.28,基本每股盈餘
2024-09-30,3042,EPS,1.5,基本每股盈餘
2024-09-30,2308,EPS,4.75,基本每股盈餘
2024-09-30,3043,EPS,0.25,基本每股盈餘
2024-09-30,2204,EPS,1.48,基本每股盈餘
2024-09-30,2303,EPS,1.16,基本每股盈餘
2024-09-30,1210,EPS,1.0,基本每股盈餘
2024-09-30,3044,EPS,4.42,基本每股盈餘
2024-09-30,2301,EPS,1.48,基本每股盈餘
2024-09-30,2509,EPS,0.4,基本每股盈餘
2024-09-30,3045,EPS,1.38,基本每股盈餘
2024-09-30,1303,EPS,0.01,基本每股盈餘
2024-09-30,2208,EPS,-0.55,基本每股盈餘
2024-09-30,3046,EPS,1.25,基本每股盈餘
2024-09-30,3047,EPS,0.35,基本每股盈餘
2024-09-30,2207,EPS,7.69,基本每股盈餘
2024-09-30,6269,EPS,-1.03,基本每股盈餘
2024-09-30,2545,EPS,3.3,基本每股盈餘
2024-09-30,2061,EPS,-0.4,基本每股盈餘
2024-09-30,3048,EPS,-2.38,基本每股盈餘
2024-09-30,6271,EPS,2.53,基本每股盈餘
2024-09-30,6245,EPS,1.58,基本每股盈餘
2024-09-30,1307,EPS,0.97,基本每股盈餘
2024-09-30,3141,EPS,-0.08,基本每股盈餘
2024-09-30,3494,EPS,-0.11,基本每股盈餘
2024-09-30,2006,EPS,1.48,基本每股盈餘
2024-09-30,6227,EPS,1.43,基本每股盈餘
2024-09-30,3515,EPS,2.5,基本每股盈餘
2024-09-30,2520,EPS,2.51,基本每股盈餘
2024-09-30,3518,EPS,-0.68,基本每股盈餘
2024-09-30,2536,EPS,0.02,基本每股盈餘
2024-09-30,2002,EPS,-0.01,基本每股盈餘
2024-09-30,1310,EPS,-0.34,基本每股盈餘
2024-09-30,3530,EPS,1.22,基本每股盈餘
2024-09-30,1789,EPS,0.03,基本每股盈餘
2024-09-30,3532,EPS,0.45,基本每股盈餘
2024-09-30,1788,EPS,1.85,基本每股盈餘
2024-09-30,6214,EPS,1.79,基本每股盈餘
2024-09-30,2524,EPS,1.05,基本每股盈餘
2024-09-30,2534,EPS,0.02,基本每股盈餘
2024-09-30,2535,EPS,0.92,基本每股盈餘
2024-09-30,1786,EPS,0.82,基本每股盈餘
2024-09-30,1101,EPS,0.42,基本每股盈餘
2024-09-30,3548,EPS,1.09,基本每股盈餘
2024-09-30,1312,EPS,-0.29,基本每股盈餘
2024-09-30,3550,EPS,-0.85,基本每股盈餘
2024-09-30,1784,EPS,0.23,基本每股盈餘
2024-09-30,3576,EPS,-0.49,基本每股盈餘
2024-09-30,1777,EPS,2.6,基本每股盈餘
2024-09-30,6194,EPS,0.58,基本每股盈餘
2024-09-30,3583,EPS,3.0,基本每股盈餘
2024-09-30,1762,EPS,-0.11,基本每股盈餘
2024-09-30,2528,EPS,-0.27,基本每股盈餘
2024-09-30,8210,EPS,5.34,基本每股盈餘
2024-09-30,2515,EPS,0.16,基本每股盈餘
2024-09-30,2007,EPS,-0.56,基本每股盈餘
2024-09-30,6230,EPS,-0.37,基本每股盈餘
2024-09-30,2059,EPS,12.12,基本每股盈餘
2024-09-30,2540,EPS,0.73,基本每股盈餘
2024-09-30,3037,EPS,0.66,基本每股盈餘
2024-09-30,1102,EPS,0.57,基本每股盈餘
2024-09-30,3189,EPS,0.41,基本每股盈餘
2024-09-30,2049,EPS,1.88,基本每股盈餘
2024-09-30,3209,EPS,1.05,基本每股盈餘
2024-09-30,2015,EPS,0.78,基本每股盈餘
2024-09-30,6244,EPS,0.06,基本每股盈餘
2024-09-30,3211,EPS,6.36,基本每股盈餘
2024-09-30,2538,EPS,-0.11,基本每股盈餘
2024-09-30,3228,EPS,-0.52,基本每股盈餘
2024-09-30,2014,EPS,-0.42,基本每股盈餘
2024-09-30,3230,EPS,-0.46,基本每股盈餘
2024-09-30,2013,EPS,0.73,基本每股盈餘
2024-09-30,1308,EPS,-0.36,基本每股盈餘
2024-09-30,3231,EPS,1.47,基本每股盈餘
2024-09-30,2012,EPS,0.15,基本每股盈餘
2024-09-30,6239,EPS,2.28,基本每股盈餘
2024-09-30,3260,EPS,2.01,基本每股盈餘
2024-09-30,2516,EPS,0.36,基本每股盈餘
2024-09-30,2010,EPS,0.47,基本每股盈餘
2024-09-30,3376,EPS,1.77,基本每股盈餘
2024-09-30,3406,EPS,12.22,基本每股盈餘
2024-09-30,2009,EPS,0.6,基本每股盈餘
2024-09-30,2537,EPS,0.08,基本每股盈餘
2024-09-30,1309,EPS,-0.25,基本每股盈餘
2024-09-30,3443,EPS,7.71,基本每股盈餘
2024-09-30,2008,EPS,0.16,基本每股盈餘
2024-09-30,3481,EPS,0.05,基本每股盈餘
2024-09-30,8044,EPS,-1.21,基本每股盈餘
2024-09-30,2548,EPS,4.32,基本每股盈餘
2024-09-30,3036,EPS,2.54,基本每股盈餘
2024-09-30,2881,EPS,2.64,基本每股盈餘（元）
2024-09-30,2409,EPS,-0.12,基本每股盈餘
2024-09-30,6461,EPS,-0.7,基本每股盈餘
2024-09-30,1216,EPS,1.07,基本每股盈餘
2024-09-30,2882,EPS,2.12,基本每股盈餘（元）
2024-09-30,2408,EPS,-0.48,基本每股盈餘
2024-09-30,1225,EPS,0.3,基本每股盈餘
2024-09-30,2883,EPS,0.73,基本每股盈餘（元）
2024-09-30,2406,EPS,-0.22,基本每股盈餘
2024-09-30,2884,EPS,0.52,基本每股盈餘（元）
2024-09-30,2399,EPS,-0.14,基本每股盈餘
2024-09-30,6456,EPS,-0.17,基本每股盈餘
2024-09-30,2885,EPS,0.73,基本每股盈餘（元）
2024-09-30,2880,EPS,0.49,基本每股盈餘（元）
2024-09-30,2471,EPS,0.69,基本每股盈餘
2024-09-30,2886,EPS,0.6,基本每股盈餘（元）
2024-09-30,2397,EPS,0.8,基本每股盈餘
2024-09-30,2887,EPS,0.43,基本每股盈餘（元）
2024-09-30,2393,EPS,1.25,基本每股盈餘
2024-09-30,1227,EPS,0.54,基本每股盈餘
2024-09-30,2888,EPS,-0.08,基本每股盈餘（元）
2024-09-30,2388,EPS,0.59,基本每股盈餘
2024-09-30,6446,EPS,2.21,基本每股盈餘
2024-09-30,2889,EPS,0.14,基本每股盈餘（元）
2024-09-30,6533,EPS,-0.04,基本每股盈餘
2024-09-30,2890,EPS,0.47,基本每股盈餘（元）
2024-09-30,2383,EPS,7.3,基本每股盈餘
2024-09-30,2474,EPS,2.1,基本每股盈餘
2024-09-30,2726,EPS,0.18,基本每股盈餘
2024-09-30,2801,EPS,0.34,基本每股盈餘（元）
2024-09-30,2412,EPS,1.16,基本每股盈餘
2024-09-30,2809,EPS,0.57,基本每股盈餘（元）
2024-09-30,2820,EPS,0.31,基本每股盈餘（元）
2024-09-30,1217,EPS,0.23,基本每股盈餘
2024-09-30,2455,EPS,0.78,基本每股盈餘
2024-09-30,2823,Revenue,74580728000.0,營業收入
2024-09-30,2834,EPS,0.21,基本每股盈餘（元）
2024-09-30,2454,EPS,15.94,基本每股盈餘
2024-09-30,6510,EPS,3.25,基本每股盈餘
2024-09-30,2838,EPS,0.38,基本每股盈餘（元）
2024-09-30,6523,EPS,2.15,基本每股盈餘
2024-09-30,2449,EPS,2.03,基本每股盈餘
2024-09-30,2849,EPS,0.24,基本每股盈餘（元）
2024-09-30,2441,EPS,1.18,基本每股盈餘
2024-09-30,2461,EPS,0.22,基本每股盈餘
2024-09-30,1218,EPS,0.55,基本每股盈餘
2024-09-30,2850,Revenue,5323089000.0,營業收入
2024-09-30,2439,EPS,2.59,基本每股盈餘
2024-09-30,6505,EPS,-0.32,基本每股盈餘
2024-09-30,2851,Revenue,5069055000.0,營業收入
2024-09-30,2852,Revenue,1929552000.0,營業收入
2024-09-30,2436,EPS,0.08,基本每股盈餘
2024-09-30,2855,EPS,0.37,基本每股盈餘（元）
2024-09-30,2812,EPS,0.37,基本每股盈餘（元）
2024-09-30,2429,EPS,-0.46,基本每股盈餘
2024-09-30,6488,EPS,6.18,基本每股盈餘
2024-09-30,2462,EPS,0.11,基本每股盈餘
2024-09-30,2856,EPS,0.5,基本每股盈餘（元）
2024-09-30,2421,EPS,1.28,基本每股盈餘
2024-09-30,1219,EPS,0.04,基本每股盈餘
2024-09-30,2867,Revenue,28425056000.0,營業收入
2024-09-30,2891,EPS,1.1,基本每股盈餘（元）
2024-09-30,2382,EPS,4.32,基本每股盈餘
2024-09-30,1229,EPS,0.44,基本每股盈餘
2024-09-30,2892,EPS,0.5,基本每股盈餘（元）
2024-09-30,3016,EPS,0.16,基本每股盈餘
2024-09-30,2351,EPS,0.86,基本每股盈餘
2024-09-30,6803,EPS,4.89,基本每股盈餘
2024-09-30,2504,EPS,0.73,基本每股盈餘
2024-09-30,1234,EPS,0.91,基本每股盈餘
2024-09-30,3017,EPS,6.02,基本每股盈餘
2024-09-30,2348,EPS,3.89,基本每股盈餘
2024-09-30,3023,EPS,3.95,基本每股盈餘
2024-09-30,2345,EPS,4.75,基本每股盈餘
2024-09-30,6285,EPS,1.09,基本每股盈餘
2024-09-30,3028,EPS,0.43,基本每股盈餘
2024-09-30,2344,EPS,0.0,基本每股盈餘
2024-09-30,3030,EPS,1.64,基本每股盈餘
2024-09-30,2597,EPS,2.77,基本每股盈餘
2024-09-30,3031,EPS,0.45,基本每股盈餘
2024-09-30,2505,EPS,0.1,基本每股盈餘
2024-09-30,2340,EPS,-0.39,基本每股盈餘
2024-09-30,1236,EPS,-0.01,基本每股盈餘
2024-09-30,3032,EPS,0.62,基本每股盈餘
2024-09-30,2337,EPS,-0.16,基本每股盈餘
2024-09-30,6278,EPS,2.26,基本每股盈餘
2024-09-30,3033,EPS,0.76,基本每股盈餘
2024-09-30,2332,EPS,0.3,基本每股盈餘
2024-09-30,3034,EPS,8.64,基本每股盈餘
2024-09-30,6277,EPS,0.92,基本每股盈餘
2024-09-30,2330,EPS,12.55,基本每股盈餘
2024-09-30,2460,EPS,-0.33,基本每股盈餘
2024-09-30,3035,EPS,1.01,基本每股盈餘
2024-09-30,1256,EPS,4.15,基本每股盈餘
2024-09-30,3014,EPS,3.08,基本每股盈餘
2024-09-30,2329,EPS,0.25,基本每股盈餘
2024-09-30,2353,EPS,0.5,基本每股盈餘
2024-09-30,3593,EPS,-0.88,基本每股盈餘
2024-09-30,6442,EPS,3.43,基本每股盈餘
2024-09-30,2379,EPS,8.53,基本每股盈餘
2024-09-30,2723,EPS,0.84,基本每股盈餘
2024-09-30,2903,EPS,0.3,基本每股盈餘
2024-09-30,2905,EPS,-0.94,基本每股盈餘
2024-09-30,2368,EPS,3.28,基本每股盈餘
2024-09-30,6415,EPS,1.96,基本每股盈餘
2024-09-30,2908,EPS,0.15,基本每股盈餘
2024-09-30,2365,EPS,0.22,基本每股盈餘
2024-09-30,2498,EPS,-1.06,基本每股盈餘
2024-09-30,2719,EPS,0.06,基本每股盈餘
2024-09-30,1232,EPS,1.61,基本每股盈餘
2024-09-30,2910,EPS,0.22,基本每股盈餘
2024-09-30,2364,EPS,1.46,基本每股盈餘
2024-09-30,2718,EPS,33.25,基本每股盈餘
2024-09-30,2911,EPS,-1.35,基本每股盈餘
2024-09-30,2363,EPS,1.46,基本每股盈餘
2024-09-30,2912,EPS,2.87,基本每股盈餘
2024-09-30,6414,EPS,5.03,基本每股盈餘
2024-09-30,2915,EPS,3.2,基本每股盈餘
2024-09-30,2357,EPS,16.83,基本每股盈餘
2024-09-30,2501,EPS,0.07,基本每股盈餘
2024-09-30,1215,EPS,1.74,基本每股盈餘
2024-09-30,2923,EPS,0.03,基本每股盈餘
2024-09-30,2356,EPS,0.56,基本每股盈餘
2024-09-30,1233,EPS,0.13,基本每股盈餘
2024-09-30,2712,EPS,-0.35,基本每股盈餘
2024-09-30,3008,EPS,49.67,基本每股盈餘
2024-09-30,2354,EPS,0.69,基本每股盈餘
2024-09-30,6409,EPS,14.08,基本每股盈餘
2024-09-30,3013,EPS,0.8,基本每股盈餘
2024-09-30,3533,EPS,18.33,基本每股盈餘
2024-09-30,4162,EPS,0.64,基本每股盈餘
2024-09-30,3711,EPS,2.24,基本每股盈餘
2024-09-30,1528,EPS,-0.34,基本每股盈餘
2024-09-30,1580,EPS,3.45,基本每股盈餘
2024-09-30,5274,EPS,19.3,基本每股盈餘
2024-09-30,5534,EPS,1.14,基本每股盈餘
2024-09-30,4743,EPS,-1.06,基本每股盈餘
2024-09-30,6120,EPS,0.02,基本每股盈餘
2024-09-30,4130,EPS,0.05,基本每股盈餘
2024-09-30,1319,EPS,1.49,基本每股盈餘
2024-09-30,4106,EPS,0.08,基本每股盈餘
2024-09-30,1529,EPS,-0.06,基本每股盈餘
2024-09-30,4904,EPS,0.88,基本每股盈餘
2024-09-30,5269,EPS,13.06,基本每股盈餘
2024-09-30,1560,EPS,1.96,基本每股盈餘
2024-09-30,1717,EPS,0.39,基本每股盈餘
2024-09-30,1605,EPS,0.09,基本每股盈餘
2024-09-30,1514,EPS,0.57,基本每股盈餘
2024-09-30,1477,EPS,4.74,基本每股盈餘
2024-09-30,6146,EPS,3.1,基本每股盈餘
2024-09-30,1603,EPS,1.02,基本每股盈餘
2024-09-30,3706,EPS,0.95,基本每股盈餘
2024-09-30,1526,EPS,-0.51,基本每股盈餘
2024-09-30,4174,EPS,-2.27,基本每股盈餘
2024-09-30,1722,EPS,0.75,基本每股盈餘
2024-09-30,5371,EPS,0.52,基本每股盈餘
2024-09-30,1582,EPS,1.52,基本每股盈餘
2024-09-30,4175,EPS,0.48,基本每股盈餘
2024-09-30,3707,EPS,-0.44,基本每股盈餘
2024-09-30,1527,EPS,0.85,基本每股盈餘
2024-09-30,4133,EPS,0.05,基本每股盈餘
2024-09-30,1718,EPS,0.14,基本每股盈餘
2024-09-30,5903,EPS,11.87,基本每股盈餘
2024-09-30,5347,EPS,1.3,基本每股盈餘
2024-09-30,5009,EPS,1.67,基本每股盈餘
2024-09-30,1608,EPS,0.2,基本每股盈餘
2024-09-30,1530,EPS,0.59,基本每股盈餘
2024-09-30,1713,EPS,0.31,基本每股盈餘
2024-09-30,4919,EPS,-0.25,基本每股盈餘
2024-09-30,4119,EPS,3.19,基本每股盈餘
2024-09-30,4961,EPS,4.19,基本每股盈餘
2024-09-30,1533,EPS,-0.6,基本每股盈餘
2024-09-30,1536,EPS,-0.3,基本每股盈餘
2024-09-30,4123,EPS,0.38,基本每股盈餘
2024-09-30,1504,EPS,0.84,基本每股盈餘
2024-09-30,1710,EPS,0.06,基本每股盈餘
2024-09-30,4960,EPS,-0.41,基本每股盈餘
2024-09-30,5538,EPS,0.8,基本每股盈餘
2024-09-30,1612,EPS,0.44,基本每股盈餘
2024-09-30,4938,EPS,1.61,基本每股盈餘
2024-09-30,4958,EPS,3.52,基本每股盈餘
2024-09-30,1535,EPS,0.92,基本每股盈餘
2024-09-30,4121,EPS,-0.14,基本每股盈餘
2024-09-30,1321,EPS,-0.11,基本每股盈餘
2024-09-30,5483,EPS,2.35,基本每股盈餘
2024-09-30,4126,EPS,1.82,基本每股盈餘
2024-09-30,1711,EPS,0.08,基本每股盈餘
2024-09-30,4108,EPS,-0.06,基本每股盈餘
2024-09-30,5536,EPS,5.06,基本每股盈餘
2024-09-30,4116,EPS,0.6,基本每股盈餘
2024-09-30,4968,EPS,-0.19,基本每股盈餘
2024-09-30,5546,EPS,0.26,基本每股盈餘
2024-09-30,4128,EPS,-0.67,基本每股盈餘
2024-09-30,1712,EPS,0.58,基本每股盈餘
2024-09-30,1326,EPS,-0.33,基本每股盈餘
2024-09-30,1513,EPS,1.86,基本每股盈餘
2024-09-30,1531,EPS,0.06,基本每股盈餘
2024-09-30,4906,EPS,0.23,基本每股盈餘
2024-09-30,6005,EPS,0.57,基本每股盈餘
2024-09-30,1609,EPS,0.33,基本每股盈餘
2024-09-30,4966,EPS,9.57,基本每股盈餘
2024-09-30,1537,EPS,3.39,基本每股盈餘
2024-09-30,1532,EPS,0.08,基本每股盈餘
2024-09-30,5876,EPS,0.98,基本每股盈餘（元）
2024-09-30,5904,EPS,7.27,基本每股盈餘
2024-09-30,5521,EPS,0.2,基本每股盈餘
2024-09-30,1725,EPS,1.08,基本每股盈餘
2024-09-30,3597,EPS,0.42,基本每股盈餘
2024-09-30,1515,EPS,0.05,基本每股盈餘
2024-09-30,3653,EPS,5.39,基本每股盈餘
2024-09-30,1519,EPS,4.28,基本每股盈餘
2024-09-30,1586,EPS,0.01,基本每股盈餘
2024-09-30,5878,Revenue,204951000.0,營業收入
2024-09-30,5519,EPS,0.18,基本每股盈餘
2024-09-30,1584,EPS,0.44,基本每股盈餘
2024-09-30,5523,EPS,0.0,基本每股盈餘
2024-09-30,1733,EPS,0.33,基本每股盈餘
2024-09-30,4160,EPS,0.72,基本每股盈餘
2024-09-30,1589,EPS,2.82,基本每股盈餘
2024-09-30,3661,EPS,22.46,基本每股盈餘
2024-09-30,4148,EPS,1.13,基本每股盈餘
2024-09-30,5522,EPS,1.53,基本每股盈餘
2024-09-30,1521,EPS,-0.01,基本每股盈餘
2024-09-30,1522,EPS,1.3,基本每股盈餘
2024-09-30,1760,EPS,0.32,基本每股盈餘
2024-09-30,4142,EPS,0.62,基本每股盈餘
2024-09-30,1726,EPS,1.16,基本每股盈餘
2024-09-30,5880,EPS,0.38,基本每股盈餘（元）
2024-09-30,5531,EPS,0.25,基本每股盈餘
2024-09-30,1466,EPS,-0.01,基本每股盈餘
2024-09-30,4163,EPS,0.91,基本每股盈餘
2024-09-30,1590,EPS,8.66,基本每股盈餘
2024-09-30,4168,EPS,-0.41,基本每股盈餘
2024-09-30,1524,EPS,0.69,基本每股盈餘
2024-09-30,6147,EPS,1.32,基本每股盈餘
2024-09-30,3686,EPS,0.06,基本每股盈餘
2024-09-30,1583,EPS,1.53,基本每股盈餘
2024-09-30,1402,EPS,0.4,基本每股盈餘
2024-09-30,1723,EPS,1.48,基本每股盈餘
2024-09-30,3596,EPS,2.98,基本每股盈餘
2024-09-30,1516,EPS,-0.38,基本每股盈餘
2024-09-30,1525,EPS,1.09,基本每股盈餘
2024-09-30,1314,EPS,-0.15,基本每股盈餘
2024-09-30,1313,EPS,-0.55,基本每股盈餘
2024-09-30,4147,EPS,-0.14,基本每股盈餘
2024-09-30,3691,EPS,-1.85,基本每股盈餘
2024-09-30,4171,EPS,-0.47,基本每股盈餘
2024-09-30,1591,EPS,-0.64,基本每股盈餘
2024-09-30,5515,EPS,0.68,基本每股盈餘
2024-09-30,5533,EPS,0.89,基本每股盈餘
2024-09-30,5512,EPS,0.0,基本每股盈餘
2024-09-30,5525,EPS,0.39,基本每股盈餘
2024-12-31,1537,EPS,2.52,基本每股盈餘
2024-12-31,2884,EPS,0.32,基本每股盈餘（元）
2024-12-31,2384,EPS,-0.91,基本每股盈餘
2024-12-31,2351,EPS,0.75,基本每股盈餘
2024-12-31,1225,EPS,0.3,基本每股盈餘
2024-12-31,2388,EPS,1.2,基本每股盈餘
2024-12-31,6456,EPS,0.68,基本每股盈餘
2024-12-31,3023,EPS,3.05,基本每股盈餘
2024-12-31,4906,EPS,0.42,基本每股盈餘
2024-12-31,6446,EPS,3.73,基本每股盈餘
2024-12-31,3016,EPS,0.1,基本每股盈餘
2024-12-31,2399,EPS,-0.05,基本每股盈餘
2024-12-31,1536,EPS,0.53,基本每股盈餘
2024-12-31,2397,EPS,1.57,基本每股盈餘
2024-12-31,2348,EPS,1.18,基本每股盈餘
2024-12-31,2885,EPS,0.68,基本每股盈餘（元）
2024-12-31,4919,EPS,-0.15,基本每股盈餘
2024-12-31,1586,EPS,0.01,基本每股盈餘
2024-12-31,3017,EPS,6.03,基本每股盈餘
2024-12-31,1234,EPS,0.39,基本每股盈餘
2024-12-31,6285,EPS,2.14,基本每股盈餘
2024-12-31,4162,EPS,9.87,基本每股盈餘
2024-12-31,2887,EPS,0.22,基本每股盈餘（元）
2024-12-31,2393,EPS,1.87,基本每股盈餘
2024-12-31,4938,EPS,1.41,基本每股盈餘
2024-12-31,1227,EPS,0.52,基本每股盈餘
2024-12-31,2888,EPS,0.01,基本每股盈餘（元）
2024-12-31,1585,EPS,-2.46,基本每股盈餘
2024-12-31,2886,EPS,0.37,基本每股盈餘（元）
2024-12-31,2912,EPS,2.17,基本每股盈餘
2024-12-31,2889,EPS,0.13,基本每股盈餘（元）
2024-12-31,2923,EPS,0.29,基本每股盈餘
2024-12-31,1580,EPS,3.53,基本每股盈餘
2024-12-31,6415,EPS,2.32,基本每股盈餘
2024-12-31,2905,EPS,-0.15,基本每股盈餘
2024-12-31,1504,EPS,0.56,基本每股盈餘
2024-12-31,2365,EPS,0.09,基本每股盈餘
2024-12-31,2915,EPS,1.88,基本每股盈餘
2024-12-31,4175,EPS,1.41,基本每股盈餘
2024-12-31,4171,EPS,-0.62,基本每股盈餘
2024-12-31,2356,EPS,0.66,基本每股盈餘
2024-12-31,1583,EPS,7.96,基本每股盈餘
2024-12-31,2910,EPS,0.3,基本每股盈餘
2024-12-31,2364,EPS,0.79,基本每股盈餘
2024-12-31,1232,EPS,2.22,基本每股盈餘
2024-12-31,4174,EPS,-2.99,基本每股盈餘
2024-12-31,2357,EPS,2.21,基本每股盈餘
2024-12-31,2911,EPS,-1.1,基本每股盈餘
2024-12-31,5876,EPS,0.6,基本每股盈餘（元）
2024-12-31,2363,EPS,0.03,基本每股盈餘
2024-12-31,6414,EPS,6.64,基本每股盈餘
2024-12-31,1582,EPS,1.56,基本每股盈餘
2024-12-31,2368,EPS,2.64,基本每股盈餘
2024-12-31,4168,EPS,-0.58,基本每股盈餘
2024-12-31,1233,EPS,0.25,基本每股盈餘
2024-12-31,4163,EPS,1.46,基本每股盈餘
2024-12-31,2890,EPS,0.3,基本每股盈餘（元）
2024-12-31,2383,EPS,7.67,基本每股盈餘
2024-12-31,4904,EPS,1.01,基本每股盈餘
2024-12-31,6442,EPS,5.78,基本每股盈餘
2024-12-31,2353,EPS,0.47,基本每股盈餘
2024-12-31,1466,EPS,0.26,基本每股盈餘
2024-12-31,5546,EPS,-0.28,基本每股盈餘
2024-12-31,2891,EPS,0.69,基本每股盈餘（元）
2024-12-31,2382,EPS,4.12,基本每股盈餘
2024-12-31,1560,EPS,1.62,基本每股盈餘
2024-12-31,1229,EPS,0.58,基本每股盈餘
2024-12-31,2892,EPS,0.33,基本每股盈餘（元）
2024-12-31,6409,EPS,11.17,基本每股盈餘
2024-12-31,2379,EPS,6.63,基本每股盈餘
2024-12-31,4743,EPS,-0.82,基本每股盈餘
2024-12-31,1584,EPS,-0.18,基本每股盈餘
2024-12-31,2354,EPS,0.63,基本每股盈餘
2024-12-31,3008,EPS,65.01,基本每股盈餘
2024-12-31,1477,EPS,3.92,基本每股盈餘
2024-12-31,2903,EPS,0.55,基本每股盈餘
2024-12-31,3014,EPS,2.06,基本每股盈餘
2024-12-31,2908,EPS,0.06,基本每股盈餘
2024-12-31,1760,EPS,0.38,基本每股盈餘
2024-12-31,2883,EPS,0.26,基本每股盈餘（元）
2024-12-31,1210,EPS,1.27,基本每股盈餘
2024-12-31,2506,EPS,-0.29,基本每股盈餘
2024-12-31,1524,EPS,1.27,基本每股盈餘
2024-12-31,2547,EPS,0.18,基本每股盈餘
2024-12-31,5515,EPS,0.93,基本每股盈餘
2024-12-31,2548,EPS,-0.43,基本每股盈餘
2024-12-31,2505,EPS,0.14,基本每股盈餘
2024-12-31,6803,EPS,3.79,基本每股盈餘
2024-12-31,5512,EPS,0.09,基本每股盈餘
2024-12-31,2597,EPS,3.97,基本每股盈餘
2024-12-31,2504,EPS,0.81,基本每股盈餘
2024-12-31,1525,EPS,1.39,基本每股盈餘
2024-12-31,2712,EPS,-0.26,基本每股盈餘
2024-12-31,2501,EPS,0.52,基本每股盈餘
2024-12-31,5483,EPS,0.54,基本每股盈餘
2024-12-31,1215,EPS,2.28,基本每股盈餘
2024-12-31,2718,EPS,0.84,基本每股盈餘
2024-12-31,5533,EPS,0.33,基本每股盈餘
2024-12-31,2498,EPS,-0.99,基本每股盈餘
2024-12-31,1526,EPS,-0.43,基本每股盈餘
2024-12-31,2719,EPS,-0.64,基本每股盈餘
2024-12-31,6533,EPS,2.62,基本每股盈餘
2024-12-31,2723,EPS,1.12,基本每股盈餘
2024-12-31,2474,EPS,19.4,基本每股盈餘
2024-12-31,5371,EPS,0.49,基本每股盈餘
2024-12-31,1514,EPS,0.85,基本每股盈餘
2024-12-31,2726,EPS,-0.3,基本每股盈餘
2024-12-31,2546,EPS,3.16,基本每股盈餘
2024-12-31,1515,EPS,-0.16,基本每股盈餘
2024-12-31,2509,EPS,-0.21,基本每股盈餘
2024-12-31,5519,EPS,2.03,基本每股盈餘
2024-12-31,2528,EPS,4.05,基本每股盈餘
2024-12-31,2534,EPS,0.65,基本每股盈餘
2024-12-31,1101,EPS,0.52,基本每股盈餘
2024-12-31,2535,EPS,1.71,基本每股盈餘
2024-12-31,2524,EPS,5.12,基本每股盈餘
2024-12-31,5523,EPS,0.02,基本每股盈餘
2024-12-31,8210,EPS,3.91,基本每股盈餘
2024-12-31,2536,EPS,0.51,基本每股盈餘
2024-12-31,2520,EPS,1.95,基本每股盈餘
2024-12-31,1519,EPS,5.45,基本每股盈餘
2024-12-31,2537,EPS,0.46,基本每股盈餘
2024-12-31,2516,EPS,0.37,基本每股盈餘
2024-12-31,5522,EPS,0.9,基本每股盈餘
2024-12-31,2471,EPS,1.52,基本每股盈餘
2024-12-31,2538,EPS,0.32,基本每股盈餘
2024-12-31,2515,EPS,0.14,基本每股盈餘
2024-12-31,1102,EPS,1.14,基本每股盈餘
2024-12-31,2540,EPS,0.47,基本每股盈餘
2024-12-31,8081,EPS,4.39,基本每股盈餘
2024-12-31,5521,EPS,0.01,基本每股盈餘
2024-12-31,2542,EPS,1.61,基本每股盈餘
2024-12-31,2514,EPS,0.21,基本每股盈餘
2024-12-31,5531,EPS,0.38,基本每股盈餘
2024-12-31,2543,EPS,0.74,基本每股盈餘
2024-12-31,2511,EPS,0.09,基本每股盈餘
2024-12-31,1522,EPS,-0.2,基本每股盈餘
2024-12-31,8044,EPS,-1.59,基本每股盈餘
2024-12-31,2545,EPS,1.47,基本每股盈餘
2024-12-31,1521,EPS,0.29,基本每股盈餘
2024-12-31,2406,EPS,-0.57,基本每股盈餘
2024-12-31,1527,EPS,0.33,基本每股盈餘
2024-12-31,2801,EPS,0.33,基本每股盈餘（元）
2024-12-31,2851,Revenue,5558700000.0,營業收入
2024-12-31,1531,EPS,0.22,基本每股盈餘
2024-12-31,2436,EPS,0.48,基本每股盈餘
2024-12-31,4966,EPS,8.68,基本每股盈餘
2024-12-31,2852,Revenue,1926934000.0,營業收入
2024-12-31,2345,EPS,8.1,基本每股盈餘
2024-12-31,2855,EPS,0.52,基本每股盈餘（元）
2024-12-31,2429,EPS,-0.48,基本每股盈餘
2024-12-31,5536,EPS,6.0,基本每股盈餘
2024-12-31,1532,EPS,-0.61,基本每股盈餘
2024-12-31,2856,EPS,0.3,基本每股盈餘（元）
2024-12-31,2421,EPS,1.6,基本每股盈餘
2024-12-31,4961,EPS,3.8,基本每股盈餘
2024-12-31,1219,EPS,0.17,基本每股盈餘
2024-12-31,2867,Revenue,32911794000.0,營業收入
2024-12-31,2412,EPS,1.16,基本每股盈餘
2024-12-31,4960,EPS,-0.06,基本每股盈餘
2024-12-31,2880,EPS,0.38,基本每股盈餘（元）
2024-12-31,6461,EPS,-0.76,基本每股盈餘
2024-12-31,1533,EPS,0.73,基本每股盈餘
2024-12-31,2409,EPS,0.21,基本每股盈餘
2024-12-31,2881,EPS,2.16,基本每股盈餘（元）
2024-12-31,4958,EPS,4.59,基本每股盈餘
2024-12-31,2882,EPS,0.51,基本每股盈餘（元）
2024-12-31,2408,EPS,-0.51,基本每股盈餘
2024-12-31,5538,EPS,0.44,基本每股盈餘
2024-12-31,1535,EPS,1.2,基本每股盈餘
2024-12-31,1513,EPS,1.72,基本每股盈餘
2024-12-31,2439,EPS,2.69,基本每股盈餘
2024-12-31,1218,EPS,0.24,基本每股盈餘
2024-12-31,2850,Revenue,5211884000.0,營業收入
2024-12-31,1216,EPS,0.55,基本每股盈餘
2024-12-31,2462,EPS,0.36,基本每股盈餘
2024-12-31,2809,EPS,1.04,基本每股盈餘（元）
2024-12-31,6523,EPS,3.12,基本每股盈餘
2024-12-31,2812,EPS,0.35,基本每股盈餘（元）
2024-12-31,2461,EPS,-0.2,基本每股盈餘
2024-12-31,1528,EPS,-0.25,基本每股盈餘
2024-12-31,5274,EPS,24.95,基本每股盈餘
2024-12-31,2816,Revenue,2899469000.0,營業收入
2024-12-31,2460,EPS,-0.64,基本每股盈餘
2024-12-31,5269,EPS,12.54,基本每股盈餘
2024-12-31,2820,EPS,0.21,基本每股盈餘（元）
2024-12-31,5534,EPS,5.13,基本每股盈餘
2024-12-31,5347,EPS,1.04,基本每股盈餘
2024-12-31,2455,EPS,0.72,基本每股盈餘
2024-12-31,1529,EPS,-0.22,基本每股盈餘
2024-12-31,2823,Revenue,65695609000.0,營業收入
2024-12-31,6510,EPS,9.83,基本每股盈餘
2024-12-31,2454,EPS,14.94,基本每股盈餘
2024-12-31,2834,EPS,0.26,基本每股盈餘（元）
2024-12-31,5009,EPS,0.52,基本每股盈餘
2024-12-31,2838,EPS,0.22,基本每股盈餘（元）
2024-12-31,2449,EPS,1.66,基本每股盈餘
2024-12-31,6505,EPS,0.14,基本每股盈餘
2024-12-31,1530,EPS,3.42,基本每股盈餘
2024-12-31,2849,EPS,0.11,基本每股盈餘（元）
2024-12-31,2441,EPS,1.02,基本每股盈餘
2024-12-31,4968,EPS,0.78,基本每股盈餘
2024-12-31,1217,EPS,-0.04,基本每股盈餘
2024-12-31,6488,EPS,0.87,基本每股盈餘
2024-12-31,3013,EPS,1.46,基本每股盈餘
2024-12-31,3062,EPS,-0.06,基本每股盈餘
2024-12-31,4117,EPS,-3.69,基本每股盈餘
2024-12-31,5878,Revenue,232994000.0,營業收入
2024-12-31,2062,EPS,0.55,基本每股盈餘
2024-12-31,4116,EPS,0.59,基本每股盈餘
2024-12-31,3085,EPS,-0.4,基本每股盈餘
2024-12-31,6245,EPS,1.82,基本每股盈餘
2024-12-31,6005,EPS,0.48,基本每股盈餘
2024-12-31,2061,EPS,-0.54,基本每股盈餘
2024-12-31,1712,EPS,0.56,基本每股盈餘
2024-12-31,3105,EPS,-0.83,基本每股盈餘
2024-12-31,3141,EPS,0.32,基本每股盈餘
2024-12-31,2059,EPS,22.63,基本每股盈餘
2024-12-31,1305,EPS,-0.62,基本每股盈餘
2024-12-31,4108,EPS,-0.09,基本每股盈餘
2024-12-31,2049,EPS,0.93,基本每股盈餘
2024-12-31,1713,EPS,7.34,基本每股盈餘
2024-12-31,1307,EPS,0.96,基本每股盈餘
2024-12-31,1319,EPS,2.17,基本每股盈餘
2024-12-31,3209,EPS,0.64,基本每股盈餘
2024-12-31,6244,EPS,0.09,基本每股盈餘
2024-12-31,2015,EPS,1.11,基本每股盈餘
2024-12-31,4106,EPS,0.46,基本每股盈餘
2024-12-31,3211,EPS,0.92,基本每股盈餘
2024-12-31,2014,EPS,-0.05,基本每股盈餘
2024-12-31,1717,EPS,0.42,基本每股盈餘
2024-12-31,3228,EPS,-0.52,基本每股盈餘
2024-12-31,3189,EPS,-0.55,基本每股盈餘
2024-12-31,3711,EPS,2.17,基本每股盈餘
2024-12-31,1711,EPS,0.08,基本每股盈餘
2024-12-31,3059,EPS,0.31,基本每股盈餘
2024-12-31,6269,EPS,-1.83,基本每股盈餘
2024-12-31,2207,EPS,7.95,基本每股盈餘
2024-12-31,3047,EPS,0.04,基本每股盈餘
2024-12-31,4123,EPS,-1.07,基本每股盈餘
2024-12-31,3048,EPS,0.04,基本每股盈餘
2024-12-31,2204,EPS,1.35,基本每股盈餘
2024-12-31,6263,EPS,2.34,基本每股盈餘
2024-12-31,1612,EPS,0.46,基本每股盈餘
2024-12-31,3049,EPS,-0.2,基本每股盈餘
2024-12-31,2201,EPS,0.58,基本每股盈餘
2024-12-31,4121,EPS,-0.15,基本每股盈餘
2024-12-31,3050,EPS,-0.11,基本每股盈餘
2024-12-31,2063,EPS,0.47,基本每股盈餘
2024-12-31,1304,EPS,-0.78,基本每股盈餘
2024-12-31,5904,EPS,7.15,基本每股盈餘
2024-12-31,1321,EPS,0.02,基本每股盈餘
2024-12-31,3051,EPS,0.6,基本每股盈餘
2024-12-31,1516,EPS,-6.48,基本每股盈餘
2024-12-31,2065,EPS,0.59,基本每股盈餘
2024-12-31,1710,EPS,-0.08,基本每股盈餘
2024-12-31,3052,EPS,0.25,基本每股盈餘
2024-12-31,6257,EPS,1.63,基本每股盈餘
2024-12-31,3057,EPS,-0.82,基本每股盈餘
2024-12-31,2064,EPS,-0.02,基本每股盈餘
2024-12-31,4119,EPS,0.39,基本每股盈餘
2024-12-31,4118,Revenue,1388000.0,營業收入
2024-12-31,2103,EPS,-0.1,基本每股盈餘
2024-12-31,3230,EPS,-0.14,基本每股盈餘
2024-12-31,2013,EPS,0.7,基本每股盈餘
2024-12-31,1308,EPS,-0.46,基本每股盈餘
2024-12-31,1725,EPS,0.24,基本每股盈餘
2024-12-31,3530,EPS,-2.28,基本每股盈餘
2024-12-31,1789,EPS,0.12,基本每股盈餘
2024-12-31,3661,EPS,22.91,基本每股盈餘
2024-12-31,3532,EPS,1.01,基本每股盈餘
2024-12-31,1788,EPS,1.62,基本每股盈餘
2024-12-31,6214,EPS,1.37,基本每股盈餘
2024-12-31,3533,EPS,25.87,基本每股盈餘
2024-12-31,1726,EPS,1.46,基本每股盈餘
2024-12-31,1786,EPS,0.93,基本每股盈餘
2024-12-31,3653,EPS,7.68,基本每股盈餘
2024-12-31,3548,EPS,2.66,基本每股盈餘
2024-12-31,1310,EPS,-0.33,基本每股盈餘
2024-12-31,3597,EPS,0.56,基本每股盈餘
2024-12-31,6147,EPS,1.25,基本每股盈餘
2024-12-31,1312,EPS,-0.46,基本每股盈餘
2024-12-31,3550,EPS,-0.92,基本每股盈餘
2024-12-31,3576,EPS,-0.13,基本每股盈餘
2024-12-31,1777,EPS,2.05,基本每股盈餘
2024-12-31,1733,EPS,0.38,基本每股盈餘
2024-12-31,6194,EPS,1.47,基本每股盈餘
2024-12-31,1313,EPS,-0.22,基本每股盈餘
2024-12-31,3583,EPS,3.11,基本每股盈餘
2024-12-31,1762,EPS,0.26,基本每股盈餘
2024-12-31,3596,EPS,2.81,基本每股盈餘
2024-12-31,3593,EPS,-1.02,基本每股盈餘
2024-12-31,1784,EPS,0.65,基本每股盈餘
2024-12-31,3518,EPS,-0.58,基本每股盈餘
2024-12-31,6146,EPS,2.9,基本每股盈餘
2024-12-31,2002,EPS,0.01,基本每股盈餘
2024-12-31,3231,EPS,1.85,基本每股盈餘
2024-12-31,2012,EPS,0.1,基本每股盈餘
2024-12-31,6120,EPS,0.39,基本每股盈餘
2024-12-31,6239,EPS,2.04,基本每股盈餘
2024-12-31,1718,EPS,-0.2,基本每股盈餘
2024-12-31,3260,EPS,1.04,基本每股盈餘
2024-12-31,3707,EPS,-0.43,基本每股盈餘
2024-12-31,2010,EPS,0.49,基本每股盈餘
2024-12-31,3376,EPS,1.52,基本每股盈餘
2024-12-31,6230,EPS,1.04,基本每股盈餘
2024-12-31,2009,EPS,-0.01,基本每股盈餘
2024-12-31,3706,EPS,0.84,基本每股盈餘
2024-12-31,3406,EPS,7.62,基本每股盈餘
2024-12-31,1722,EPS,0.47,基本每股盈餘
2024-12-31,3443,EPS,6.32,基本每股盈餘
2024-12-31,2008,EPS,-0.08,基本每股盈餘
2024-12-31,1309,EPS,0.04,基本每股盈餘
2024-12-31,3691,EPS,-4.09,基本每股盈餘
2024-12-31,3481,EPS,1.05,基本每股盈餘
2024-12-31,2007,EPS,-0.5,基本每股盈餘
2024-12-31,1314,EPS,0.1,基本每股盈餘
2024-12-31,3494,EPS,-0.54,基本每股盈餘
2024-12-31,6227,EPS,2.38,基本每股盈餘
2024-12-31,2006,EPS,1.56,基本每股盈餘
2024-12-31,1723,EPS,1.03,基本每股盈餘
2024-12-31,3515,EPS,3.34,基本每股盈餘
2024-12-31,3686,EPS,-0.09,基本每股盈餘
2024-12-31,3046,EPS,0.59,基本每股盈餘
2024-12-31,1609,EPS,0.25,基本每股盈餘
2024-12-31,5525,EPS,0.89,基本每股盈餘
2024-12-31,2329,EPS,0.26,基本每股盈餘
2024-12-31,2330,EPS,14.45,基本每股盈餘
2024-12-31,2340,EPS,-0.56,基本每股盈餘
2024-12-31,1326,EPS,-0.19,基本每股盈餘
2024-12-31,2303,EPS,0.68,基本每股盈餘
2024-12-31,3034,EPS,7.89,基本每股盈餘
2024-12-31,3031,EPS,0.12,基本每股盈餘
2024-12-31,6274,EPS,2.57,基本每股盈餘
2024-12-31,6271,EPS,1.82,基本每股盈餘
2024-12-31,3038,EPS,0.36,基本每股盈餘
2024-12-31,4147,EPS,-0.44,基本每股盈餘
2024-12-31,3042,EPS,1.62,基本每股盈餘
2024-12-31,1236,EPS,-0.07,基本每股盈餘
2024-12-31,6277,EPS,1.42,基本每股盈餘
2024-12-31,3032,EPS,0.67,基本每股盈餘
2024-12-31,2324,EPS,0.44,基本每股盈餘
2024-12-31,5903,EPS,2.02,基本每股盈餘
2024-12-31,2308,EPS,2.76,基本每股盈餘
2024-12-31,3040,EPS,0.24,基本每股盈餘
2024-12-31,3033,EPS,0.56,基本每股盈餘
2024-12-31,2317,EPS,3.34,基本每股盈餘
2024-12-31,1605,EPS,-0.15,基本每股盈餘
2024-12-31,1402,EPS,0.6,基本每股盈餘
2024-12-31,4130,EPS,-0.04,基本每股盈餘
2024-12-31,1608,EPS,0.16,基本每股盈餘
2024-12-31,2332,EPS,-0.18,基本每股盈餘
2024-12-31,1590,EPS,9.01,基本每股盈餘
2024-12-31,3041,EPS,-0.52,基本每股盈餘
2024-12-31,4142,EPS,-0.12,基本每股盈餘
2024-12-31,2337,EPS,-0.83,基本每股盈餘
2024-12-31,4133,EPS,0.23,基本每股盈餘
2024-12-31,1301,EPS,0.05,基本每股盈餘
2024-12-31,4148,EPS,0.31,基本每股盈餘
2024-12-31,4128,EPS,-0.53,基本每股盈餘
2024-12-31,3043,EPS,0.43,基本每股盈餘
2024-12-31,1303,EPS,0.04,基本每股盈餘
2024-12-31,6278,EPS,2.41,基本每股盈餘
2024-12-31,2301,EPS,1.33,基本每股盈餘
2024-12-31,3037,EPS,0.04,基本每股盈餘
2024-12-31,2327,EPS,7.07,基本每股盈餘
2024-12-31,3045,EPS,1.14,基本每股盈餘
2024-12-31,3035,EPS,0.9,基本每股盈餘
2024-12-31,5880,EPS,0.22,基本每股盈餘（元）
2024-12-31,1589,EPS,-0.04,基本每股盈餘
2024-12-31,3028,EPS,0.88,基本每股盈餘
2024-12-31,1591,EPS,0.18,基本每股盈餘
2024-12-31,1603,EPS,0.65,基本每股盈餘
2024-12-31,2208,EPS,-1.2,基本每股盈餘
2024-12-31,3036,EPS,2.28,基本每股盈餘
2024-12-31,4160,EPS,0.12,基本每股盈餘
2024-12-31,3030,EPS,2.24,基本每股盈餘
2024-12-31,3044,EPS,4.24,基本每股盈餘
2024-12-31,1256,EPS,0.35,基本每股盈餘
2024-12-31,4126,EPS,1.49,基本每股盈餘
2024-12-31,2344,EPS,-0.15,基本每股盈餘
2025-03-31,2723,EPS,1.18,基本每股盈餘
2025-03-31,3376,EPS,1.13,基本每股盈餘
2025-03-31,2548,EPS,-0.42,基本每股盈餘
2025-03-31,4142,EPS,-0.53,基本每股盈餘
2025-03-31,3008,EPS,48.28,基本每股盈餘
2025-03-31,6120,EPS,-0.03,基本每股盈餘
2025-03-31,6803,EPS,4.52,基本每股盈餘
2025-03-31,5512,EPS,0.07,基本每股盈餘
2025-03-31,6230,EPS,-0.77,基本每股盈餘
2025-03-31,2726,EPS,-0.67,基本每股盈餘
2025-03-31,4147,EPS,-0.09,基本每股盈餘
2025-03-31,5371,EPS,0.05,基本每股盈餘
2025-03-31,2915,EPS,3.16,基本每股盈餘
2025-03-31,3035,EPS,1.33,基本每股盈餘
2025-03-31,3406,EPS,7.74,基本每股盈餘
2025-03-31,5876,EPS,0.96,基本每股盈餘（元）
2025-03-31,2718,EPS,0.68,基本每股盈餘
2025-03-31,6533,EPS,-2.26,基本每股盈餘
2025-03-31,3034,EPS,8.65,基本每股盈餘
2025-03-31,3686,EPS,0.05,基本每股盈餘
2025-03-31,3443,EPS,7.17,基本每股盈餘
2025-03-31,3691,EPS,-1.0,基本每股盈餘
2025-03-31,2719,EPS,0.16,基本每股盈餘
2025-03-31,4168,EPS,-0.41,基本每股盈餘
2025-03-31,5483,EPS,1.19,基本每股盈餘
2025-03-31,2712,EPS,-0.19,基本每股盈餘
2025-03-31,5533,EPS,0.11,基本每股盈餘
2025-03-31,3481,EPS,0.12,基本每股盈餘
2025-03-31,2923,EPS,-0.15,基本每股盈餘
2025-03-31,6227,EPS,1.82,基本每股盈餘
2025-03-31,6277,EPS,0.91,基本每股盈餘
2025-03-31,3706,EPS,1.11,基本每股盈餘
2025-03-31,2597,EPS,2.12,基本每股盈餘
2025-03-31,3494,EPS,-0.37,基本每股盈餘
2025-03-31,3033,EPS,0.68,基本每股盈餘
2025-03-31,2888,EPS,-0.71,基本每股盈餘（元）
2025-03-31,2547,EPS,2.89,基本每股盈餘
2025-03-31,2538,EPS,0.01,基本每股盈餘
2025-03-31,3016,EPS,0.01,基本每股盈餘
2025-03-31,3030,EPS,2.45,基本每股盈餘
2025-03-31,3550,EPS,-0.32,基本每股盈餘
2025-03-31,8081,EPS,4.81,基本每股盈餘
2025-03-31,2537,EPS,0.23,基本每股盈餘
2025-03-31,6194,EPS,0.98,基本每股盈餘
2025-03-31,5522,EPS,-0.24,基本每股盈餘
2025-03-31,5525,EPS,-0.12,基本每股盈餘
2025-03-31,5878,Revenue,219811000.0,營業收入
2025-03-31,2536,EPS,0.03,基本每股盈餘
2025-03-31,3597,EPS,0.18,基本每股盈餘
2025-03-31,3017,EPS,8.28,基本每股盈餘
2025-03-31,6278,EPS,2.88,基本每股盈餘
2025-03-31,2535,EPS,1.04,基本每股盈餘
2025-03-31,8210,EPS,5.53,基本每股盈餘
2025-03-31,3028,EPS,1.09,基本每股盈餘
2025-03-31,3583,EPS,3.2,基本每股盈餘
2025-03-31,5523,EPS,-0.02,基本每股盈餘
2025-03-31,3596,EPS,3.08,基本每股盈餘
2025-03-31,2534,EPS,1.01,基本每股盈餘
2025-03-31,3023,EPS,3.85,基本每股盈餘
2025-03-31,6147,EPS,0.9,基本每股盈餘
2025-03-31,3593,EPS,-0.46,基本每股盈餘
2025-03-31,3576,EPS,-0.11,基本每股盈餘
2025-03-31,3515,EPS,3.58,基本每股盈餘
2025-03-31,3548,EPS,0.85,基本每股盈餘
2025-03-31,4162,EPS,0.71,基本每股盈餘
2025-03-31,6409,EPS,9.73,基本每股盈餘
2025-03-31,3032,EPS,1.42,基本每股盈餘
2025-03-31,3518,EPS,-0.94,基本每股盈餘
2025-03-31,3013,EPS,0.84,基本每股盈餘
2025-03-31,2546,EPS,1.53,基本每股盈餘
2025-03-31,5515,EPS,0.46,基本每股盈餘
2025-03-31,4163,EPS,1.67,基本每股盈餘
2025-03-31,2545,EPS,0.35,基本每股盈餘
2025-03-31,3530,EPS,0.16,基本每股盈餘
2025-03-31,5519,EPS,0.56,基本每股盈餘
2025-03-31,6214,EPS,1.0,基本每股盈餘
2025-03-31,5521,EPS,-0.02,基本每股盈餘
2025-03-31,8044,EPS,-0.79,基本每股盈餘
2025-03-31,2543,EPS,0.69,基本每股盈餘
2025-03-31,6146,EPS,2.85,基本每股盈餘
2025-03-31,5531,EPS,-0.27,基本每股盈餘
2025-03-31,2542,EPS,0.0,基本每股盈餘
2025-03-31,3014,EPS,2.83,基本每股盈餘
2025-03-31,3653,EPS,9.59,基本每股盈餘
2025-03-31,6285,EPS,1.92,基本每股盈餘
2025-03-31,3533,EPS,20.22,基本每股盈餘
2025-03-31,3031,EPS,0.1,基本每股盈餘
2025-03-31,2540,EPS,0.1,基本每股盈餘
2025-03-31,4148,EPS,0.2,基本每股盈餘
2025-03-31,3532,EPS,0.61,基本每股盈餘
2025-03-31,3661,EPS,18.13,基本每股盈餘
2025-03-31,2911,EPS,-1.04,基本每股盈餘
2025-03-31,5347,EPS,1.31,基本每股盈餘
2025-03-31,5904,EPS,7.48,基本每股盈餘
2025-03-31,2890,EPS,0.57,基本每股盈餘（元）
2025-03-31,4958,EPS,0.66,基本每股盈餘
2025-03-31,2881,EPS,3.0,基本每股盈餘（元）
2025-03-31,3051,EPS,0.43,基本每股盈餘
2025-03-31,2891,EPS,1.02,基本每股盈餘（元）
2025-03-31,6257,EPS,1.57,基本每股盈餘
2025-03-31,2880,EPS,0.39,基本每股盈餘（元）
2025-03-31,4128,EPS,-0.42,基本每股盈餘
2025-03-31,3052,EPS,0.34,基本每股盈餘
2025-03-31,6461,EPS,-0.64,基本每股盈餘
2025-03-31,4119,EPS,0.27,基本每股盈餘
2025-03-31,4960,EPS,-0.41,基本每股盈餘
2025-03-31,2867,Revenue,32806783000.0,營業收入
2025-03-31,3042,EPS,1.38,基本每股盈餘
2025-03-31,5536,EPS,5.18,基本每股盈餘
2025-03-31,5546,EPS,-0.92,基本每股盈餘
2025-03-31,3057,EPS,0.86,基本每股盈餘
2025-03-31,6271,EPS,2.79,基本每股盈餘
2025-03-31,2856,EPS,-0.66,基本每股盈餘（元）
2025-03-31,2892,EPS,0.51,基本每股盈餘（元）
2025-03-31,3059,EPS,0.26,基本每股盈餘
2025-03-31,4743,EPS,-0.34,基本每股盈餘
2025-03-31,2855,EPS,-0.05,基本每股盈餘（元）
2025-03-31,4961,EPS,3.26,基本每股盈餘
2025-03-31,3043,EPS,0.31,基本每股盈餘
2025-03-31,3041,EPS,-0.4,基本每股盈餘
2025-03-31,2882,EPS,2.18,基本每股盈餘（元）
2025-03-31,4904,EPS,0.9,基本每股盈餘
2025-03-31,2887,EPS,0.33,基本每股盈餘（元）
2025-03-31,4906,EPS,0.15,基本每股盈餘
2025-03-31,5538,EPS,0.7,基本每股盈餘
2025-03-31,3046,EPS,1.11,基本每股盈餘
2025-03-31,5903,EPS,1.87,基本每股盈餘
2025-03-31,2886,EPS,0.54,基本每股盈餘（元）
2025-03-31,4123,EPS,0.76,基本每股盈餘
2025-03-31,6446,EPS,3.8,基本每股盈餘
2025-03-31,4919,EPS,0.52,基本每股盈餘
2025-03-31,3045,EPS,1.21,基本每股盈餘
2025-03-31,3047,EPS,0.2,基本每股盈餘
2025-03-31,2885,EPS,0.59,基本每股盈餘（元）
2025-03-31,4126,EPS,1.83,基本每股盈餘
2025-03-31,6269,EPS,-1.76,基本每股盈餘
2025-03-31,6263,EPS,2.1,基本每股盈餘
2025-03-31,3048,EPS,0.45,基本每股盈餘
2025-03-31,3044,EPS,4.48,基本每股盈餘
2025-03-31,2884,EPS,0.55,基本每股盈餘（元）
2025-03-31,2889,EPS,0.11,基本每股盈餘（元）
2025-03-31,4938,EPS,1.62,基本每股盈餘
2025-03-31,6456,EPS,-0.21,基本每股盈餘
2025-03-31,3049,EPS,-0.24,基本每股盈餘
2025-03-31,6442,EPS,4.26,基本每股盈餘
2025-03-31,4121,EPS,-0.12,基本每股盈餘
2025-03-31,2883,EPS,0.52,基本每股盈餘（元）
2025-03-31,3050,EPS,0.09,基本每股盈餘
2025-03-31,3062,EPS,2.31,基本每股盈餘
2025-03-31,2852,Revenue,1863130000.0,營業收入
2025-03-31,6488,EPS,3.05,基本每股盈餘
2025-03-31,5880,EPS,0.32,基本每股盈餘（元）
2025-03-31,4106,EPS,0.23,基本每股盈餘
2025-03-31,2910,EPS,0.3,基本每股盈餘
2025-03-31,3037,EPS,0.6,基本每股盈餘
2025-03-31,3211,EPS,1.07,基本每股盈餘
2025-03-31,2820,EPS,0.3,基本每股盈餘（元）
2025-03-31,4174,EPS,-1.95,基本每股盈餘
2025-03-31,6274,EPS,2.43,基本每股盈餘
2025-03-31,5269,EPS,16.39,基本每股盈餘
2025-03-31,6510,EPS,6.75,基本每股盈餘
2025-03-31,6239,EPS,1.58,基本每股盈餘
2025-03-31,2816,Revenue,2483707000.0,營業收入
2025-03-31,3228,EPS,-0.49,基本每股盈餘
2025-03-31,3711,EPS,1.75,基本每股盈餘
2025-03-31,2812,EPS,0.39,基本每股盈餘（元）
2025-03-31,3230,EPS,-0.15,基本每股盈餘
2025-03-31,6414,EPS,6.02,基本每股盈餘
2025-03-31,5274,EPS,23.46,基本每股盈餘
2025-03-31,3707,EPS,-0.55,基本每股盈餘
2025-03-31,2809,EPS,0.57,基本每股盈餘（元）
2025-03-31,6523,EPS,3.44,基本每股盈餘
2025-03-31,3231,EPS,1.85,基本每股盈餘
2025-03-31,3036,EPS,2.42,基本每股盈餘
2025-03-31,4171,EPS,-0.18,基本每股盈餘
2025-03-31,2912,EPS,2.79,基本每股盈餘
2025-03-31,2823,Revenue,67357507000.0,營業收入
2025-03-31,3209,EPS,0.95,基本每股盈餘
2025-03-31,2908,EPS,0.15,基本每股盈餘
2025-03-31,5534,EPS,0.87,基本每股盈餘
2025-03-31,4116,EPS,0.5,基本每股盈餘
2025-03-31,6245,EPS,1.07,基本每股盈餘
2025-03-31,4966,EPS,8.38,基本每股盈餘
2025-03-31,2903,EPS,0.34,基本每股盈餘
2025-03-31,2851,Revenue,5792588000.0,營業收入
2025-03-31,6415,EPS,0.93,基本每股盈餘
2025-03-31,3085,EPS,-0.17,基本每股盈餘
2025-03-31,4130,EPS,0.09,基本每股盈餘
2025-03-31,2850,Revenue,5176334000.0,營業收入
2025-03-31,3040,EPS,0.49,基本每股盈餘
2025-03-31,3105,EPS,0.04,基本每股盈餘
2025-03-31,6005,EPS,0.4,基本每股盈餘
2025-03-31,3260,EPS,1.72,基本每股盈餘
2025-03-31,4968,EPS,0.28,基本每股盈餘
2025-03-31,2849,EPS,0.19,基本每股盈餘（元）
2025-03-31,4108,EPS,-0.07,基本每股盈餘
2025-03-31,4175,EPS,1.03,基本每股盈餘
2025-03-31,3141,EPS,0.35,基本每股盈餘
2025-03-31,2838,EPS,0.3,基本每股盈餘（元）
2025-03-31,6505,EPS,0.39,基本每股盈餘
2025-03-31,3189,EPS,0.61,基本每股盈餘
2025-03-31,4133,EPS,0.22,基本每股盈餘
2025-03-31,3038,EPS,0.52,基本每股盈餘
2025-03-31,2834,EPS,0.32,基本每股盈餘（元）
2025-03-31,6244,EPS,0.17,基本每股盈餘
2025-03-31,5009,EPS,0.63,基本每股盈餘
2025-03-31,2905,EPS,0.12,基本每股盈餘
2025-03-31,4160,EPS,0.29,基本每股盈餘
2025-03-31,2801,EPS,0.37,基本每股盈餘（元）
2025-03-31,2379,EPS,9.28,基本每股盈餘
2025-03-31,1526,EPS,0.4,基本每股盈餘
2025-03-31,1229,EPS,0.55,基本每股盈餘
2025-03-31,2455,EPS,0.85,基本每股盈餘
2025-03-31,2329,EPS,0.27,基本每股盈餘
2025-03-31,2454,EPS,18.43,基本每股盈餘
2025-03-31,2006,EPS,1.5,基本每股盈餘
2025-03-31,2330,EPS,13.95,基本每股盈餘
2025-03-31,1537,EPS,2.46,基本每股盈餘
2025-03-31,1712,EPS,0.8,基本每股盈餘
2025-03-31,1319,EPS,2.48,基本每股盈餘
2025-03-31,2449,EPS,3.51,基本每股盈餘
2025-03-31,1531,EPS,0.17,基本每股盈餘
2025-03-31,1232,EPS,1.93,基本每股盈餘
2025-03-31,2441,EPS,1.04,基本每股盈餘
2025-03-31,2332,EPS,-0.28,基本每股盈餘
2025-03-31,1713,EPS,0.75,基本每股盈餘
2025-03-31,1314,EPS,-0.08,基本每股盈餘
2025-03-31,2337,EPS,-0.47,基本每股盈餘
2025-03-31,2439,EPS,1.42,基本每股盈餘
2025-03-31,1527,EPS,0.93,基本每股盈餘
2025-03-31,1536,EPS,-0.37,基本每股盈餘
2025-03-31,1789,EPS,0.06,基本每股盈餘
2025-03-31,2436,EPS,0.14,基本每股盈餘
2025-03-31,1233,EPS,0.27,基本每股盈餘
2025-03-31,2002,EPS,0.02,基本每股盈餘
2025-03-31,1711,EPS,0.07,基本每股盈餘
2025-03-31,1321,EPS,-0.21,基本每股盈餘
2025-03-31,2460,EPS,-0.51,基本每股盈餘
2025-03-31,1466,EPS,0.15,基本每股盈餘
2025-03-31,1609,EPS,-0.09,基本每股盈餘
2025-03-31,1219,EPS,0.1,基本每股盈餘
2025-03-31,2301,EPS,1.51,基本每股盈餘
2025-03-31,2498,EPS,4.86,基本每股盈餘
2025-03-31,2009,EPS,-0.02,基本每股盈餘
2025-03-31,2303,EPS,0.62,基本每股盈餘
2025-03-31,2474,EPS,4.46,基本每股盈餘
2025-03-31,1580,EPS,2.7,基本每股盈餘
2025-03-31,1612,EPS,0.6,基本每股盈餘
2025-03-31,1402,EPS,0.46,基本每股盈餘
2025-03-31,2308,EPS,3.94,基本每股盈餘
2025-03-31,2471,EPS,0.29,基本每股盈餘
2025-03-31,1225,EPS,0.38,基本每股盈餘
2025-03-31,2008,EPS,0.06,基本每股盈餘
2025-03-31,1525,EPS,0.8,基本每股盈餘
2025-03-31,2317,EPS,3.03,基本每股盈餘
2025-03-31,1326,EPS,-0.08,基本每股盈餘
2025-03-31,2462,EPS,0.21,基本每股盈餘
2025-03-31,1227,EPS,0.39,基本每股盈餘
2025-03-31,1710,EPS,-0.11,基本每股盈餘
2025-03-31,2461,EPS,0.13,基本每股盈餘
2025-03-31,2324,EPS,0.5,基本每股盈餘
2025-03-31,2007,EPS,-0.38,基本每股盈餘
2025-03-31,1560,EPS,1.96,基本每股盈餘
2025-03-31,2340,EPS,-0.78,基本每股盈餘
2025-03-31,1524,EPS,0.98,基本每股盈餘
2025-03-31,1313,EPS,-0.2,基本每股盈餘
2025-03-31,1717,EPS,0.3,基本每股盈餘
2025-03-31,1308,EPS,-0.4,基本每股盈餘
2025-03-31,2356,EPS,0.47,基本每股盈餘
2025-03-31,2393,EPS,1.32,基本每股盈餘
2025-03-31,1777,EPS,1.7,基本每股盈餘
2025-03-31,1725,EPS,0.14,基本每股盈餘
2025-03-31,1301,EPS,0.01,基本每股盈餘
2025-03-31,2388,EPS,0.02,基本每股盈餘
2025-03-31,1530,EPS,-3.36,基本每股盈餘
2025-03-31,2357,EPS,17.22,基本每股盈餘
2025-03-31,1532,EPS,-0.26,基本每股盈餘
2025-03-31,1762,EPS,0.13,基本每股盈餘
2025-03-31,2397,EPS,0.93,基本每股盈餘
2025-03-31,1307,EPS,1.08,基本每股盈餘
2025-03-31,2363,EPS,0.0,基本每股盈餘
2025-03-31,1303,EPS,0.06,基本每股盈餘
2025-03-31,1726,EPS,1.6,基本每股盈餘
2025-03-31,2382,EPS,5.06,基本每股盈餘
2025-03-31,2364,EPS,1.45,基本每股盈餘
2025-03-31,1305,EPS,-0.46,基本每股盈餘
2025-03-31,1760,EPS,0.33,基本每股盈餘
2025-03-31,1733,EPS,0.62,基本每股盈餘
2025-03-31,2365,EPS,0.07,基本每股盈餘
2025-03-31,1304,EPS,-0.59,基本每股盈餘
2025-03-31,2368,EPS,3.6,基本每股盈餘
2025-03-31,2383,EPS,10.01,基本每股盈餘
2025-03-31,2354,EPS,0.67,基本每股盈餘
2025-03-31,1309,EPS,-0.14,基本每股盈餘
2025-03-31,1533,EPS,-0.21,基本每股盈餘
2025-03-31,2344,EPS,-0.24,基本每股盈餘
2025-03-31,1788,EPS,1.9,基本每股盈餘
2025-03-31,2421,EPS,1.73,基本每股盈餘
2025-03-31,1234,EPS,0.61,基本每股盈餘
2025-03-31,1312,EPS,-0.61,基本每股盈餘
2025-03-31,2345,EPS,9.17,基本每股盈餘
2025-03-31,2412,EPS,1.26,基本每股盈餘
2025-03-31,1718,EPS,0.02,基本每股盈餘
2025-03-31,1528,EPS,0.05,基本每股盈餘
2025-03-31,2348,EPS,2.35,基本每股盈餘
2025-03-31,2409,EPS,0.43,基本每股盈餘
2025-03-31,1236,EPS,0.06,基本每股盈餘
2025-03-31,1535,EPS,0.88,基本每股盈餘
2025-03-31,1786,EPS,0.79,基本每股盈餘
2025-03-31,2408,EPS,-0.63,基本每股盈餘
2025-03-31,1722,EPS,0.1,基本每股盈餘
2025-03-31,1310,EPS,-0.34,基本每股盈餘
2025-03-31,2351,EPS,0.62,基本每股盈餘
2025-03-31,2406,EPS,-0.19,基本每股盈餘
2025-03-31,2353,EPS,0.17,基本每股盈餘
2025-03-31,1529,EPS,0.03,基本每股盈餘
2025-03-31,1256,EPS,0.72,基本每股盈餘
2025-03-31,1723,EPS,0.94,基本每股盈餘
2025-03-31,1784,EPS,0.3,基本每股盈餘
2025-03-31,2399,EPS,0.06,基本每股盈餘
2025-03-31,2429,EPS,-0.21,基本每股盈餘
2025-03-31,2501,EPS,0.17,基本每股盈餘
2025-03-31,2327,EPS,10.77,基本每股盈餘
2025-03-31,2511,EPS,0.04,基本每股盈餘
2025-03-31,1582,EPS,1.05,基本每股盈餘
2025-03-31,2201,EPS,0.42,基本每股盈餘
2025-03-31,2516,EPS,0.3,基本每股盈餘
2025-03-31,1583,EPS,-7.39,基本每股盈餘
2025-03-31,1584,EPS,0.27,基本每股盈餘
2025-03-31,2524,EPS,1.49,基本每股盈餘
2025-03-31,1522,EPS,1.39,基本每股盈餘
2025-03-31,2061,EPS,-0.11,基本每股盈餘
2025-03-31,2505,EPS,0.54,基本每股盈餘
2025-03-31,2013,EPS,0.63,基本每股盈餘
2025-03-31,2049,EPS,1.36,基本每股盈餘
2025-03-31,1591,EPS,-0.52,基本每股盈餘
2025-03-31,2506,EPS,0.21,基本每股盈餘
2025-03-31,1102,EPS,0.41,基本每股盈餘
2025-03-31,1210,EPS,1.05,基本每股盈餘
2025-03-31,1504,EPS,0.54,基本每股盈餘
2025-03-31,1217,EPS,-0.19,基本每股盈餘
2025-03-31,1513,EPS,1.78,基本每股盈餘
2025-03-31,2204,EPS,1.15,基本每股盈餘
2025-03-31,1519,EPS,3.0,基本每股盈餘
2025-03-31,1605,EPS,0.17,基本每股盈餘
2025-03-31,2012,EPS,0.09,基本每股盈餘
2025-03-31,2062,EPS,0.19,基本每股盈餘
2025-03-31,1589,EPS,-1.87,基本每股盈餘
2025-03-31,1603,EPS,0.86,基本每股盈餘
2025-03-31,2103,EPS,0.4,基本每股盈餘
2025-03-31,2063,EPS,0.54,基本每股盈餘
2025-03-31,1515,EPS,0.07,基本每股盈餘
2025-03-31,2015,EPS,0.81,基本每股盈餘
2025-03-31,1477,EPS,5.15,基本每股盈餘
2025-03-31,1586,EPS,-0.33,基本每股盈餘
2025-03-31,1514,EPS,0.61,基本每股盈餘
2025-03-31,2010,EPS,0.56,基本每股盈餘
2025-03-31,2059,EPS,26.35,基本每股盈餘
2025-03-31,2509,EPS,-0.41,基本每股盈餘
2025-03-31,1608,EPS,0.37,基本每股盈餘
2025-03-31,2208,EPS,-0.65,基本每股盈餘
2025-03-31,1218,EPS,0.37,基本每股盈餘
2025-03-31,1521,EPS,0.6,基本每股盈餘
2025-03-31,2528,EPS,1.08,基本每股盈餘
2025-03-31,2014,EPS,-0.15,基本每股盈餘
2025-03-31,1516,EPS,-0.03,基本每股盈餘
2025-03-31,1101,EPS,0.07,基本每股盈餘
2025-03-31,1216,EPS,0.91,基本每股盈餘
2025-03-31,2064,EPS,-0.22,基本每股盈餘
2025-03-31,1215,EPS,2.38,基本每股盈餘
2025-03-31,1590,EPS,9.68,基本每股盈餘
2025-03-31,2504,EPS,0.71,基本每股盈餘
2025-03-31,2515,EPS,0.08,基本每股盈餘
2025-03-31,2065,EPS,0.84,基本每股盈餘
2025-03-31,2207,EPS,7.73,基本每股盈餘
2025-03-31,2514,EPS,0.53,基本每股盈餘
2025-03-31,2520,EPS,0.81,基本每股盈餘
2025-06-30,2353,EPS,0.36,基本每股盈餘
2025-06-30,3013,EPS,0.54,基本每股盈餘
2025-06-30,1784,Revenue,304400000.0,營業收入
2025-06-30,6227,Revenue,5307073000.0,營業收入
2025-06-30,1309,EPS,-0.61,基本每股盈餘
2025-06-30,5522,EPS,-0.34,基本每股盈餘
2025-06-30,3059,EPS,0.36,基本每股盈餘
2025-06-30,2208,EPS,-1.33,基本每股盈餘
2025-06-30,3014,EPS,2.36,基本每股盈餘
2025-06-30,2345,EPS,9.01,基本每股盈餘
2025-06-30,5274,Revenue,2246547000.0,營業收入
2025-06-30,2064,Revenue,362654000.0,營業收入
2025-06-30,1528,EPS,-0.66,基本每股盈餘
2025-06-30,1786,EPS,-0.22,基本每股盈餘
2025-06-30,3017,EPS,10.3,基本每股盈餘
2025-06-30,1310,EPS,-0.36,基本每股盈餘
2025-06-30,3057,EPS,-0.73,基本每股盈餘
2025-06-30,3548,Revenue,2707349000.0,營業收入
2025-06-30,2348,EPS,0.9,基本每股盈餘
2025-06-30,3533,EPS,6.69,基本每股盈餘
2025-06-30,6214,EPS,2.34,基本每股盈餘
2025-06-30,3016,EPS,-0.15,基本每股盈餘
2025-06-30,5533,EPS,0.25,基本每股盈餘
2025-06-30,1514,EPS,0.71,基本每股盈餘
2025-06-30,2063,Revenue,227410000.0,營業收入
2025-06-30,2351,EPS,-0.23,基本每股盈餘
2025-06-30,5269,EPS,15.02,基本每股盈餘
2025-06-30,3211,Revenue,3249227000.0,營業收入
2025-06-30,3209,EPS,-0.64,基本每股盈餘
2025-06-30,2923,EPS,-0.44,基本每股盈餘
2025-06-30,2062,EPS,0.12,基本每股盈餘
2025-06-30,3583,EPS,2.85,基本每股盈餘
2025-06-30,2911,EPS,-0.95,基本每股盈餘
2025-06-30,5525,EPS,-0.04,基本每股盈餘
2025-06-30,3105,Revenue,3780398000.0,營業收入
2025-06-30,2363,EPS,1.2,基本每股盈餘
2025-06-30,4968,EPS,-0.32,基本每股盈餘
2025-06-30,1530,EPS,-0.69,基本每股盈餘
2025-06-30,1305,EPS,-0.7,基本每股盈餘
2025-06-30,6245,Revenue,1607827000.0,營業收入
2025-06-30,2910,EPS,0.11,基本每股盈餘
2025-06-30,1516,EPS,-0.07,基本每股盈餘
2025-06-30,2364,EPS,0.28,基本每股盈餘
2025-06-30,1760,EPS,0.44,基本每股盈餘
2025-06-30,3593,EPS,-0.3,基本每股盈餘
2025-06-30,5523,Revenue,1112000.0,營業收入
2025-06-30,2908,EPS,-0.14,基本每股盈餘
2025-06-30,2059,EPS,6.45,基本每股盈餘
2025-06-30,2365,EPS,-0.04,基本每股盈餘
2025-06-30,4966,Revenue,4114434000.0,營業收入
2025-06-30,6257,EPS,0.7,基本每股盈餘
2025-06-30,3596,EPS,3.02,基本每股盈餘
2025-06-30,2049,EPS,0.38,基本每股盈餘
2025-06-30,2015,EPS,1.15,基本每股盈餘
2025-06-30,6244,Revenue,667909000.0,營業收入
2025-06-30,2912,EPS,2.92,基本每股盈餘
2025-06-30,3062,EPS,-0.5,基本每股盈餘
2025-06-30,1529,EPS,0.85,基本每股盈餘
2025-06-30,6230,EPS,1.57,基本每股盈餘
2025-06-30,3550,EPS,-0.2,基本每股盈餘
2025-06-30,3008,EPS,7.73,基本每股盈餘
2025-06-30,5531,EPS,-0.24,基本每股盈餘
2025-06-30,2354,EPS,0.38,基本每股盈餘
2025-06-30,5009,Revenue,3059463000.0,營業收入
2025-06-30,1308,EPS,-0.5,基本每股盈餘
2025-06-30,1777,Revenue,324840000.0,營業收入
2025-06-30,1515,EPS,-0.47,基本每股盈餘
2025-06-30,2356,EPS,0.61,基本每股盈餘
2025-06-30,1519,EPS,2.5,基本每股盈餘
2025-06-30,6239,EPS,1.3,基本每股盈餘
2025-06-30,3576,EPS,-0.26,基本每股盈餘
2025-06-30,2915,EPS,0.86,基本每股盈餘
2025-06-30,3085,Revenue,13528000.0,營業收入
2025-06-30,3189,EPS,0.74,基本每股盈餘
2025-06-30,2357,EPS,13.2,基本每股盈餘
2025-06-30,1307,EPS,-0.12,基本每股盈餘
2025-06-30,1762,EPS,-1.21,基本每股盈餘
2025-06-30,2061,Revenue,303802000.0,營業收入
2025-06-30,3023,EPS,3.16,基本每股盈餘
2025-06-30,5534,EPS,0.09,基本每股盈餘
2025-06-30,2014,EPS,-0.58,基本每股盈餘
2025-06-30,3443,EPS,5.84,基本每股盈餘
2025-06-30,1522,EPS,-1.29,基本每股盈餘
2025-06-30,1326,EPS,-1.16,基本每股盈餘
2025-06-30,3040,EPS,-0.1,基本每股盈餘
2025-06-30,2317,EPS,3.19,基本每股盈餘
2025-06-30,1525,EPS,0.81,基本每股盈餘
2025-06-30,5903,Revenue,27438573000.0,營業收入
2025-06-30,2007,EPS,-0.6,基本每股盈餘
2025-06-30,3231,EPS,2.2,基本每股盈餘
2025-06-30,2204,EPS,1.28,基本每股盈餘
2025-06-30,3047,EPS,-0.44,基本每股盈餘
2025-06-30,4162,Revenue,196787000.0,營業收入
2025-06-30,2324,EPS,0.11,基本每股盈餘
2025-06-30,3481,EPS,-0.1,基本每股盈餘
2025-06-30,1321,EPS,-0.4,基本每股盈餘
2025-06-30,3048,EPS,-0.01,基本每股盈餘
2025-06-30,2012,EPS,0.04,基本每股盈餘
2025-06-30,3037,EPS,0.02,基本每股盈餘
2025-06-30,5904,Revenue,6044385000.0,營業收入
2025-06-30,5538,EPS,0.71,基本每股盈餘
2025-06-30,2327,EPS,9.74,基本每股盈餘
2025-06-30,5483,Revenue,20231153000.0,營業收入
2025-06-30,3038,EPS,-0.23,基本每股盈餘
2025-06-30,3036,EPS,2.28,基本每股盈餘
2025-06-30,1477,EPS,2.5,基本每股盈餘
2025-06-30,2008,EPS,0.33,基本每股盈餘
2025-06-30,5876,EPS,0.65,基本每股盈餘（元）
2025-06-30,3045,EPS,1.09,基本每股盈餘
2025-06-30,3376,EPS,-0.46,基本每股盈餘
2025-06-30,3044,EPS,4.65,基本每股盈餘
2025-06-30,1466,EPS,-0.5,基本每股盈餘
2025-06-30,2301,EPS,1.39,基本每股盈餘
2025-06-30,1524,EPS,-0.16,基本每股盈餘
2025-06-30,5878,Revenue,221066000.0,營業收入
2025-06-30,2009,EPS,-0.19,基本每股盈餘
2025-06-30,3043,EPS,-0.74,基本每股盈餘
2025-06-30,3041,EPS,-0.7,基本每股盈餘
2025-06-30,3260,Revenue,12824406000.0,營業收入
2025-06-30,2303,EPS,0.71,基本每股盈餘
2025-06-30,3046,EPS,0.8,基本每股盈餘
2025-06-30,3406,EPS,2.13,基本每股盈餘
2025-06-30,1402,EPS,0.19,基本每股盈餘
2025-06-30,3042,EPS,1.08,基本每股盈餘
2025-06-30,5546,EPS,-0.1,基本每股盈餘
2025-06-30,2207,EPS,7.1,基本每股盈餘
2025-06-30,5512,Revenue,1437758000.0,營業收入
2025-06-30,2308,EPS,5.37,基本每股盈餘
2025-06-30,5880,EPS,0.33,基本每股盈餘（元）
2025-06-30,2010,EPS,0.6,基本每股盈餘
2025-06-30,6194,Revenue,393249000.0,營業收入
2025-06-30,5519,EPS,0.23,基本每股盈餘
2025-06-30,2006,EPS,1.51,基本每股盈餘
2025-06-30,2337,EPS,-0.69,基本每股盈餘
2025-06-30,5347,Revenue,11699321000.0,營業收入
2025-06-30,1521,EPS,-0.38,基本每股盈餘
2025-06-30,1789,EPS,0.04,基本每股盈餘
2025-06-30,3031,EPS,0.64,基本每股盈餘
2025-06-30,3051,EPS,-0.14,基本每股盈餘
2025-06-30,3228,Revenue,80351000.0,營業收入
2025-06-30,5521,EPS,0.15,基本每股盈餘
2025-06-30,1313,EPS,-0.11,基本每股盈餘
2025-06-30,2065,Revenue,490349000.0,營業收入
2025-06-30,1513,EPS,1.9,基本每股盈餘
2025-06-30,2340,EPS,-0.86,基本每股盈餘
2025-06-30,1527,EPS,-0.69,基本每股盈餘
2025-06-30,5515,EPS,0.24,基本每股盈餘
2025-06-30,3030,EPS,2.21,基本每股盈餘
2025-06-30,3530,EPS,-0.44,基本每股盈餘
2025-06-30,3052,EPS,0.32,基本每股盈餘
2025-06-30,1788,Revenue,1070062000.0,營業收入
2025-06-30,3028,EPS,0.13,基本每股盈餘
2025-06-30,2344,EPS,-0.29,基本每股盈餘
2025-06-30,3532,EPS,-0.38,基本每股盈餘
2025-06-30,1312,EPS,-0.92,基本每股盈餘
2025-06-30,6147,Revenue,5373172000.0,營業收入
2025-06-30,2201,EPS,0.11,基本每股盈餘
2025-06-30,6146,Revenue,1109221000.0,營業收入
2025-06-30,3518,EPS,0.04,基本每股盈餘
2025-06-30,3494,EPS,-0.21,基本每股盈餘
2025-06-30,2329,EPS,0.54,基本每股盈餘
2025-06-30,1319,EPS,0.77,基本每股盈餘
2025-06-30,6005,EPS,0.53,基本每股盈餘
2025-06-30,3035,EPS,0.1,基本每股盈餘
2025-06-30,3049,EPS,-0.23,基本每股盈餘
2025-06-30,1504,EPS,0.69,基本每股盈餘
2025-06-30,5371,Revenue,9857609000.0,營業收入
2025-06-30,3230,Revenue,91086000.0,營業收入
2025-06-30,1526,EPS,-0.52,基本每股盈餘
2025-06-30,3032,EPS,-4.36,基本每股盈餘
2025-06-30,2013,EPS,0.74,基本每股盈餘
2025-06-30,3034,EPS,6.14,基本每股盈餘
2025-06-30,2330,EPS,15.36,基本每股盈餘
2025-06-30,3515,EPS,3.31,基本每股盈餘
2025-06-30,6120,EPS,-0.09,基本每股盈餘
2025-06-30,2002,EPS,-0.12,基本每股盈餘
2025-06-30,3050,EPS,-0.26,基本每股盈餘
2025-06-30,5536,Revenue,10907882000.0,營業收入
2025-06-30,3033,EPS,-0.34,基本每股盈餘
2025-06-30,2332,EPS,-0.23,基本每股盈餘
2025-06-30,1314,EPS,-0.43,基本每股盈餘
2025-06-30,2103,EPS,-0.08,基本每股盈餘
2025-06-30,2905,EPS,-0.18,基本每股盈餘
2025-06-30,3141,Revenue,459139000.0,營業收入
2025-06-30,2368,EPS,3.48,基本每股盈餘
2025-06-30,4119,EPS,0.19,基本每股盈餘
2025-06-30,2809,EPS,0.85,基本每股盈餘（元）
2025-06-30,6446,EPS,2.5,基本每股盈餘
2025-06-30,2462,EPS,-0.73,基本每股盈餘
2025-06-30,1560,EPS,1.82,基本每股盈餘
2025-06-30,2801,EPS,0.41,基本每股盈餘（元）
2025-06-30,4743,Revenue,26651000.0,營業收入
2025-06-30,1612,EPS,0.89,基本每股盈餘
2025-06-30,1225,EPS,0.43,基本每股盈餘
2025-06-30,6456,EPS,0.12,基本每股盈餘
2025-06-30,4121,Revenue,981802000.0,營業收入
2025-06-30,2726,Revenue,150858000.0,營業收入
2025-06-30,2471,EPS,0.1,基本每股盈餘
2025-06-30,2723,EPS,0.65,基本每股盈餘
2025-06-30,4123,Revenue,378711000.0,營業收入
2025-06-30,2474,EPS,-1.6,基本每股盈餘
2025-06-30,1219,EPS,-0.04,基本每股盈餘
2025-06-30,6461,Revenue,87767000.0,營業收入
2025-06-30,2719,Revenue,476376000.0,營業收入
2025-06-30,4175,Revenue,2012033000.0,營業收入
2025-06-30,1609,EPS,1.26,基本每股盈餘
2025-06-30,2498,EPS,-0.86,基本每股盈餘
2025-06-30,1580,Revenue,1249640000.0,營業收入
2025-06-30,2718,Revenue,1779471000.0,營業收入
2025-06-30,4126,Revenue,565738000.0,營業收入
2025-06-30,6488,Revenue,16007909000.0,營業收入
2025-06-30,1608,EPS,0.65,基本每股盈餘
2025-06-30,2461,EPS,-0.55,基本每股盈餘
2025-06-30,2712,EPS,-0.15,基本每股盈餘
2025-06-30,1227,EPS,0.13,基本每股盈餘
2025-06-30,1710,EPS,-0.19,基本每股盈餘
2025-06-30,1536,EPS,-1.54,基本每股盈餘
2025-06-30,2850,Revenue,5279768000.0,營業收入
2025-06-30,2439,EPS,0.01,基本每股盈餘
2025-06-30,1232,EPS,2.0,基本每股盈餘
2025-06-30,6414,EPS,4.11,基本每股盈餘
2025-06-30,2849,EPS,0.16,基本每股盈餘（元）
2025-06-30,2441,EPS,0.83,基本每股盈餘
2025-06-30,4108,EPS,-0.11,基本每股盈餘
2025-06-30,4906,EPS,-0.96,基本每股盈餘
2025-06-30,2838,EPS,0.19,基本每股盈餘（元）
2025-06-30,2449,EPS,1.78,基本每股盈餘
2025-06-30,1712,EPS,0.71,基本每股盈餘
2025-06-30,2834,EPS,0.34,基本每股盈餘（元）
2025-06-30,1537,EPS,1.24,基本每股盈餘
2025-06-30,6415,EPS,1.63,基本每股盈餘
2025-06-30,2454,EPS,17.5,基本每股盈餘
2025-06-30,4116,Revenue,1334988000.0,營業收入
2025-06-30,2823,Revenue,49470381000.0,營業收入
2025-06-30,1229,EPS,0.77,基本每股盈餘
2025-06-30,1711,EPS,-0.13,基本每股盈餘
2025-06-30,2820,EPS,0.42,基本每股盈餘（元）
2025-06-30,4117,EPS,-2.15,基本每股盈餘
2025-06-30,6442,EPS,2.6,基本每股盈餘
2025-06-30,4904,EPS,0.94,基本每股盈餘
2025-06-30,2816,Revenue,2670868000.0,營業收入
2025-06-30,2460,EPS,-0.61,基本每股盈餘
2025-06-30,4118,Revenue,1428000.0,營業收入
2025-06-30,2812,EPS,0.37,基本每股盈餘（元）
2025-06-30,4106,EPS,0.22,基本每股盈餘
2025-06-30,2501,EPS,1.21,基本每股盈餘
2025-06-30,6505,EPS,-0.79,基本每股盈餘
2025-06-30,4147,Revenue,137540000.0,營業收入
2025-06-30,2540,EPS,0.9,基本每股盈餘
2025-06-30,6803,Revenue,2460287000.0,營業收入
2025-06-30,2515,EPS,0.1,基本每股盈餘
2025-06-30,1210,EPS,0.68,基本每股盈餘
2025-06-30,1584,Revenue,663966000.0,營業收入
2025-06-30,2538,EPS,-0.28,基本每股盈餘
2025-06-30,1590,EPS,10.19,基本每股盈餘
2025-06-30,8044,Revenue,8400064000.0,營業收入
2025-06-30,2537,EPS,-0.07,基本每股盈餘
2025-06-30,2516,EPS,0.08,基本每股盈餘
2025-06-30,4148,EPS,0.56,基本每股盈餘
2025-06-30,1102,EPS,0.88,基本每股盈餘
2025-06-30,1589,EPS,-0.85,基本每股盈餘
2025-06-30,2536,EPS,1.21,基本每股盈餘
2025-06-30,2520,EPS,0.46,基本每股盈餘
2025-06-30,8081,EPS,3.69,基本每股盈餘
2025-06-30,4163,Revenue,609053000.0,營業收入
2025-06-30,4160,Revenue,145079000.0,營業收入
2025-06-30,2535,EPS,1.57,基本每股盈餘
2025-06-30,2524,EPS,0.02,基本每股盈餘
2025-06-30,1585,EPS,-0.74,基本每股盈餘
2025-06-30,1101,EPS,0.0,基本每股盈餘
2025-06-30,1586,Revenue,558529000.0,營業收入
2025-06-30,2534,EPS,0.82,基本每股盈餘
2025-06-30,8210,EPS,6.87,基本每股盈餘
2025-06-30,2528,EPS,0.73,基本每股盈餘
2025-06-30,4168,Revenue,16035000.0,營業收入
2025-06-30,1218,EPS,0.29,基本每股盈餘
2025-06-30,1591,Revenue,35410000.0,營業收入
2025-06-30,2542,EPS,0.24,基本每股盈餘
2025-06-30,4128,Revenue,453156000.0,營業收入
2025-06-30,2597,EPS,2.4,基本每股盈餘
2025-06-30,2504,EPS,0.87,基本每股盈餘
2025-06-30,4174,Revenue,12758000.0,營業收入
2025-06-30,1582,EPS,0.84,基本每股盈餘
2025-06-30,2548,EPS,1.12,基本每股盈餘
2025-06-30,1217,EPS,0.14,基本每股盈餘
2025-06-30,2505,EPS,0.16,基本每股盈餘
2025-06-30,1605,EPS,0.12,基本每股盈餘
2025-06-30,6510,Revenue,1215735000.0,營業收入
2025-06-30,2547,EPS,-0.02,基本每股盈餘
2025-06-30,4130,Revenue,126172000.0,營業收入
2025-06-30,2506,EPS,-0.23,基本每股盈餘
2025-06-30,2546,EPS,2.14,基本每股盈餘
2025-06-30,1603,EPS,0.96,基本每股盈餘
2025-06-30,1216,EPS,0.97,基本每股盈餘
2025-06-30,6523,Revenue,225649000.0,營業收入
2025-06-30,4133,EPS,-0.6,基本每股盈餘
2025-06-30,2545,EPS,2.98,基本每股盈餘
2025-06-30,2509,EPS,-0.17,基本每股盈餘
2025-06-30,4171,Revenue,54498000.0,營業收入
2025-06-30,1583,EPS,-1.24,基本每股盈餘
2025-06-30,1215,EPS,2.58,基本每股盈餘
2025-06-30,2543,EPS,0.74,基本每股盈餘
2025-06-30,2511,EPS,0.1,基本每股盈餘
2025-06-30,6533,EPS,-5.58,基本每股盈餘
2025-06-30,4142,EPS,-0.52,基本每股盈餘
2025-06-30,2514,EPS,0.27,基本每股盈餘
2025-06-30,1713,EPS,0.62,基本每股盈餘
2025-06-30,2455,EPS,0.2,基本每股盈餘
2025-06-30,1533,EPS,-0.4,基本每股盈餘
2025-06-30,2383,EPS,10.02,基本每股盈餘
2025-06-30,2882,EPS,0.71,基本每股盈餘（元）
2025-06-30,2408,EPS,-1.32,基本每股盈餘
2025-06-30,1236,EPS,-0.58,基本每股盈餘
2025-06-30,3653,EPS,7.85,基本每股盈餘
2025-06-30,2890,EPS,0.42,基本每股盈餘（元）
2025-06-30,4961,EPS,2.62,基本每股盈餘
2025-06-30,3706,EPS,1.23,基本每股盈餘
2025-06-30,2881,EPS,0.49,基本每股盈餘（元）
2025-06-30,2886,EPS,0.69,基本每股盈餘（元）
2025-06-30,6278,EPS,1.64,基本每股盈餘
2025-06-30,6269,EPS,-1.41,基本每股盈餘
2025-06-30,2880,EPS,0.45,基本每股盈餘（元）
2025-06-30,2382,EPS,4.37,基本每股盈餘
2025-06-30,2891,EPS,0.76,基本每股盈餘（元）
2025-06-30,1718,EPS,-0.06,基本每股盈餘
2025-06-30,4938,EPS,0.11,基本每股盈餘
2025-06-30,3707,Revenue,1385108000.0,營業收入
2025-06-30,1726,EPS,1.16,基本每股盈餘
2025-06-30,1532,EPS,0.13,基本每股盈餘
2025-06-30,1722,EPS,0.44,基本每股盈餘
2025-06-30,2889,EPS,0.07,基本每股盈餘（元）
2025-06-30,6277,EPS,0.53,基本每股盈餘
2025-06-30,1723,EPS,0.67,基本每股盈餘
2025-06-30,2397,EPS,0.89,基本每股盈餘
2025-06-30,1256,EPS,3.61,基本每股盈餘
2025-06-30,2393,EPS,0.73,基本每股盈餘
2025-06-30,3686,EPS,-0.21,基本每股盈餘
2025-06-30,3661,EPS,16.37,基本每股盈餘
2025-06-30,2885,EPS,0.63,基本每股盈餘（元）
2025-06-30,2887,EPS,0.38,基本每股盈餘（元）
2025-06-30,6271,EPS,0.34,基本每股盈餘
2025-06-30,2867,Revenue,-13065833000.0,營業收入
2025-06-30,6274,Revenue,6780435000.0,營業收入
2025-06-30,2399,EPS,-0.34,基本每股盈餘
2025-06-30,1725,EPS,-0.06,基本每股盈餘
2025-06-30,2388,EPS,-1.16,基本每股盈餘
2025-06-30,1301,EPS,-1.04,基本每股盈餘
2025-06-30,3691,Revenue,1238265000.0,營業收入
2025-06-30,2384,EPS,-0.28,基本每股盈餘
2025-06-30,2883,EPS,-0.23,基本每股盈餘（元）
2025-06-30,2406,EPS,-0.57,基本每股盈餘
2025-06-30,4958,EPS,0.63,基本每股盈餘
2025-06-30,2884,EPS,0.49,基本每股盈餘（元）
2025-06-30,2412,EPS,1.31,基本每股盈餘
2025-06-30,2409,EPS,0.26,基本每股盈餘
2025-06-30,4960,EPS,-1.32,基本每股盈餘
2025-06-30,3711,EPS,1.74,基本每股盈餘
2025-06-30,6263,Revenue,480422000.0,營業收入
2025-06-30,2855,EPS,0.38,基本每股盈餘（元）
2025-06-30,4919,EPS,-1.61,基本每股盈餘
2025-06-30,1717,EPS,0.3,基本每股盈餘
2025-06-30,1733,EPS,0.29,基本每股盈餘
2025-06-30,2852,EPS,0.74,基本每股盈餘（元）
2025-06-30,3597,Revenue,193384000.0,營業收入
2025-06-30,2892,EPS,0.46,基本每股盈餘（元）
2025-06-30,2379,EPS,7.62,基本每股盈餘
2025-06-30,2429,EPS,-0.49,基本每股盈餘
2025-06-30,2421,EPS,1.37,基本每股盈餘
2025-06-30,1233,EPS,0.14,基本每股盈餘
2025-06-30,1531,EPS,-0.58,基本每股盈餘
2025-06-30,2436,EPS,0.15,基本每股盈餘
2025-06-30,2903,EPS,0.29,基本每股盈餘
2025-06-30,2856,EPS,0.28,基本每股盈餘（元）
2025-06-30,1535,EPS,0.99,基本每股盈餘
2025-06-30,6409,EPS,17.11,基本每股盈餘
2025-06-30,2851,EPS,0.23,基本每股盈餘（元）
2025-06-30,6285,EPS,1.03,基本每股盈餘
2025-06-30,1304,EPS,-0.81,基本每股盈餘
2025-06-30,1303,EPS,-0.52,基本每股盈餘
2025-06-30,1234,EPS,0.35,基本每股盈餘
2025-09-30,4160,Revenue,145464000.0,營業收入
2025-09-30,4130,Revenue,115527000.0,營業收入
2025-09-30,2012,EPS,0.12,基本每股盈餘
2025-09-30,1521,EPS,0.12,基本每股盈餘
2025-09-30,3576,EPS,-0.25,基本每股盈餘
2025-09-30,2013,EPS,0.9,基本每股盈餘
2025-09-30,4966,Revenue,4377025000.0,營業收入
2025-09-30,1586,Revenue,562628000.0,營業收入
2025-09-30,4133,EPS,0.19,基本每股盈餘
2025-09-30,1733,EPS,0.22,基本每股盈餘
2025-09-30,1529,EPS,0.09,基本每股盈餘
2025-09-30,3661,EPS,16.4,基本每股盈餘
2025-09-30,1582,EPS,1.09,基本每股盈餘
2025-09-30,4171,Revenue,53393000.0,營業收入
2025-09-30,3230,Revenue,95231000.0,營業收入
2025-09-30,1603,EPS,1.2,基本每股盈餘
2025-09-30,5519,EPS,3.52,基本每股盈餘
2025-09-30,2049,EPS,1.26,基本每股盈餘
2025-09-30,5523,Revenue,1886000.0,營業收入
2025-09-30,1589,EPS,-2.34,基本每股盈餘
2025-09-30,1725,EPS,1.28,基本每股盈餘
2025-09-30,5522,EPS,2.32,基本每股盈餘
2025-09-30,3209,EPS,1.27,基本每股盈餘
2025-09-30,1590,EPS,10.5,基本每股盈餘
2025-09-30,1726,EPS,1.52,基本每股盈餘
2025-09-30,1519,EPS,3.45,基本每股盈餘
2025-09-30,1760,EPS,0.88,基本每股盈餘
2025-09-30,4148,EPS,1.02,基本每股盈餘
2025-09-30,2014,EPS,-0.37,基本每股盈餘
2025-09-30,4968,EPS,1.4,基本每股盈餘
2025-09-30,4147,Revenue,147672000.0,營業收入
2025-09-30,3211,Revenue,3622329000.0,營業收入
2025-09-30,2015,EPS,0.98,基本每股盈餘
2025-09-30,3583,EPS,3.66,基本每股盈餘
2025-09-30,1583,EPS,2.93,基本每股盈餘
2025-09-30,4163,Revenue,605867000.0,營業收入
2025-09-30,3597,Revenue,233697000.0,營業收入
2025-09-30,3593,EPS,-0.54,基本每股盈餘
2025-09-30,3653,EPS,9.49,基本每股盈餘
2025-09-30,5521,EPS,0.23,基本每股盈餘
2025-09-30,3189,EPS,0.75,基本每股盈餘
2025-09-30,4168,Revenue,3852000.0,營業收入
2025-09-30,4142,EPS,-0.04,基本每股盈餘
2025-09-30,1584,Revenue,616204000.0,營業收入
2025-09-30,1532,EPS,0.95,基本每股盈餘
2025-09-30,1591,Revenue,36173000.0,營業收入
2025-09-30,1530,EPS,1.3,基本每股盈餘
2025-09-30,1531,EPS,0.18,基本每股盈餘
2025-09-30,1762,EPS,-0.77,基本每股盈餘
2025-09-30,4961,EPS,2.2,基本每股盈餘
2025-09-30,3228,Revenue,80600000.0,營業收入
2025-09-30,1789,EPS,0.02,基本每股盈餘
2025-09-30,1777,Revenue,336706000.0,營業收入
2025-09-30,1537,EPS,2.06,基本每股盈餘
2025-09-30,1711,EPS,-0.11,基本每股盈餘
2025-09-30,2006,EPS,1.54,基本每股盈餘
2025-09-30,1525,EPS,0.87,基本每股盈餘
2025-09-30,3596,EPS,3.42,基本每股盈餘
2025-09-30,4904,EPS,0.96,基本每股盈餘
2025-09-30,3707,Revenue,1537883000.0,營業收入
2025-09-30,4116,Revenue,1316264000.0,營業收入
2025-09-30,3532,EPS,0.56,基本每股盈餘
2025-09-30,5274,Revenue,2330084000.0,營業收入
2025-09-30,1710,EPS,-0.28,基本每股盈餘
2025-09-30,1718,EPS,0.23,基本每股盈餘
2025-09-30,1786,EPS,0.81,基本每股盈餘
2025-09-30,2007,EPS,-0.57,基本每股盈餘
2025-09-30,5483,Revenue,19084059000.0,營業收入
2025-09-30,4938,EPS,1.69,基本每股盈餘
2025-09-30,3481,EPS,0.01,基本每股盈餘
2025-09-30,4119,EPS,0.12,基本每股盈餘
2025-09-30,1535,EPS,0.92,基本每股盈餘
2025-09-30,1717,EPS,0.49,基本每股盈餘
2025-09-30,4106,EPS,0.46,基本每股盈餘
2025-09-30,3518,EPS,-0.03,基本每股盈餘
2025-09-30,1536,EPS,-0.15,基本每股盈餘
2025-09-30,5347,Revenue,12348866000.0,營業收入
2025-09-30,1712,EPS,0.56,基本每股盈餘
2025-09-30,4919,EPS,-1.22,基本每股盈餘
2025-09-30,3711,EPS,2.5,基本每股盈餘
2025-09-30,3494,EPS,-0.54,基本每股盈餘
2025-09-30,1526,EPS,0.08,基本每股盈餘
2025-09-30,3515,EPS,4.36,基本每股盈餘
2025-09-30,4906,EPS,0.36,基本每股盈餘
2025-09-30,2002,EPS,-0.16,基本每股盈餘
2025-09-30,3530,EPS,0.75,基本每股盈餘
2025-09-30,1527,EPS,0.8,基本每股盈餘
2025-09-30,1788,Revenue,1065705000.0,營業收入
2025-09-30,5371,Revenue,9948280000.0,營業收入
2025-09-30,4108,EPS,-0.02,基本每股盈餘
2025-09-30,3443,EPS,6.47,基本每股盈餘
2025-09-30,4743,Revenue,34054000.0,營業收入
2025-09-30,3706,EPS,1.55,基本每股盈餘
2025-09-30,4958,EPS,2.46,基本每股盈餘
2025-09-30,4126,Revenue,659139000.0,營業收入
2025-09-30,1608,EPS,3.73,基本每股盈餘
2025-09-30,1713,EPS,1.18,基本每股盈餘
2025-09-30,5515,EPS,2.21,基本每股盈餘
2025-09-30,3260,Revenue,14510640000.0,營業收入
2025-09-30,4174,Revenue,10522000.0,營業收入
2025-09-30,1722,EPS,0.57,基本每股盈餘
2025-09-30,3686,EPS,-0.14,基本每股盈餘
2025-09-30,1522,EPS,1.07,基本每股盈餘
2025-09-30,3550,EPS,-0.18,基本每股盈餘
2025-09-30,4128,Revenue,473782000.0,營業收入
2025-09-30,1605,EPS,0.23,基本每股盈餘
2025-09-30,5009,Revenue,2658490000.0,營業收入
2025-09-30,3231,EPS,2.36,基本每股盈餘
2025-09-30,1723,EPS,0.53,基本每股盈餘
2025-09-30,2010,EPS,0.57,基本每股盈餘
2025-09-30,2009,EPS,0.54,基本每股盈餘
2025-09-30,1580,Revenue,1309916000.0,營業收入
2025-09-30,3691,Revenue,1513828000.0,營業收入
2025-09-30,1612,EPS,0.7,基本每股盈餘
2025-09-30,3533,EPS,20.71,基本每股盈餘
2025-09-30,1528,EPS,0.08,基本每股盈餘
2025-09-30,2008,EPS,0.3,基本每股盈餘
2025-09-30,4121,Revenue,941055000.0,營業收入
2025-09-30,1560,EPS,2.24,基本每股盈餘
2025-09-30,1609,EPS,0.44,基本每股盈餘
2025-09-30,3406,EPS,12.54,基本每股盈餘
2025-09-30,1533,EPS,0.46,基本每股盈餘
2025-09-30,5512,Revenue,1769585000.0,營業收入
2025-09-30,5269,EPS,21.21,基本每股盈餘
2025-09-30,4123,Revenue,359107000.0,營業收入
2025-09-30,1784,Revenue,297953000.0,營業收入
2025-09-30,4175,Revenue,1986563000.0,營業收入
2025-09-30,1524,EPS,0.46,基本每股盈餘
2025-09-30,3376,EPS,0.59,基本每股盈餘
2025-09-30,2528,EPS,1.58,基本每股盈餘
2025-09-30,4960,EPS,-0.39,基本每股盈餘
2025-09-30,3548,Revenue,2024631000.0,營業收入
2025-09-30,3038,EPS,0.54,基本每股盈餘
2025-09-30,4162,Revenue,242161000.0,營業收入
2025-09-30,1305,EPS,-0.18,基本每股盈餘
2025-09-30,2910,EPS,0.49,基本每股盈餘
2025-09-30,2364,EPS,1.81,基本每股盈餘
2025-09-30,6245,Revenue,1864970000.0,營業收入
2025-09-30,6488,Revenue,14493434000.0,營業收入
2025-09-30,1218,EPS,0.41,基本每股盈餘
2025-09-30,2498,EPS,3.88,基本每股盈餘
2025-09-30,2908,EPS,0.06,基本每股盈餘
2025-09-30,2718,Revenue,1117501000.0,營業收入
2025-09-30,2365,EPS,0.2,基本每股盈餘
2025-09-30,1304,EPS,-0.45,基本每股盈餘
2025-09-30,2905,EPS,0.59,基本每股盈餘
2025-09-30,6257,EPS,1.68,基本每股盈餘
2025-09-30,2363,EPS,0.26,基本每股盈餘
2025-09-30,2903,EPS,0.49,基本每股盈餘
2025-09-30,3141,Revenue,434702000.0,營業收入
2025-09-30,6263,Revenue,447222000.0,營業收入
2025-09-30,2892,EPS,0.54,基本每股盈餘（元）
2025-09-30,2379,EPS,6.69,基本每股盈餘
2025-09-30,6461,Revenue,7280000.0,營業收入
2025-09-30,2719,Revenue,454025000.0,營業收入
2025-09-30,1303,EPS,0.41,基本每股盈餘
2025-09-30,2891,EPS,1.28,基本每股盈餘（元）
2025-09-30,2382,EPS,4.26,基本每股盈餘
2025-09-30,2890,EPS,0.58,基本每股盈餘（元）
2025-09-30,6269,EPS,-1.92,基本每股盈餘
2025-09-30,2383,EPS,11.19,基本每股盈餘
2025-09-30,2474,EPS,4.62,基本每股盈餘
2025-09-30,2368,EPS,6.49,基本每股盈餘
2025-09-30,2911,EPS,-1.5,基本每股盈餘
2025-09-30,6244,Revenue,793227000.0,營業收入
2025-09-30,2357,EPS,14.21,基本每股盈餘
2025-09-30,3017,EPS,13.67,基本每股盈餘
2025-09-30,2348,EPS,0.36,基本每股盈餘
2025-09-30,6214,EPS,2.07,基本每股盈餘
2025-09-30,3016,EPS,0.05,基本每股盈餘
2025-09-30,2547,EPS,0.03,基本每股盈餘
2025-09-30,2820,EPS,0.33,基本每股盈餘（元）
2025-09-30,2548,EPS,1.1,基本每股盈餘
2025-09-30,1309,EPS,-0.18,基本每股盈餘
2025-09-30,3014,EPS,2.43,基本每股盈餘
2025-09-30,2351,EPS,0.48,基本每股盈餘
2025-09-30,6227,Revenue,4793192000.0,營業收入
2025-09-30,1217,EPS,0.36,基本每股盈餘
2025-09-30,3013,EPS,1.06,基本每股盈餘
2025-09-30,2353,EPS,0.37,基本每股盈餘
2025-09-30,6505,EPS,0.9,基本每股盈餘
2025-09-30,2504,EPS,0.87,基本每股盈餘
2025-09-30,6230,EPS,-2.1,基本每股盈餘
2025-09-30,3008,EPS,53.05,基本每股盈餘
2025-09-30,2354,EPS,0.62,基本每股盈餘
2025-09-30,2597,EPS,3.08,基本每股盈餘
2025-09-30,1308,EPS,-0.26,基本每股盈餘
2025-09-30,2923,EPS,0.14,基本每股盈餘
2025-09-30,2356,EPS,0.76,基本每股盈餘
2025-09-30,6239,EPS,2.08,基本每股盈餘
2025-09-30,2915,EPS,2.7,基本每股盈餘
2025-09-30,2501,EPS,0.53,基本每股盈餘
2025-09-30,2712,EPS,0.22,基本每股盈餘
2025-09-30,1307,EPS,1.05,基本每股盈餘
2025-09-30,2912,EPS,2.85,基本每股盈餘
2025-09-30,2889,EPS,0.29,基本每股盈餘（元）
2025-09-30,1310,EPS,-0.24,基本每股盈餘
2025-09-30,1219,EPS,0.19,基本每股盈餘
2025-09-30,2388,EPS,0.04,基本每股盈餘
2025-09-30,2855,EPS,1.34,基本每股盈餘（元）
2025-09-30,6446,EPS,3.99,基本每股盈餘
2025-09-30,2429,EPS,-0.23,基本每股盈餘
2025-09-30,2809,EPS,0.9,基本每股盈餘（元）
2025-09-30,1233,EPS,0.14,基本每股盈餘
2025-09-30,2852,EPS,0.85,基本每股盈餘（元）
2025-09-30,2851,Revenue,5911867000.0,營業收入
2025-09-30,2436,EPS,1.14,基本每股盈餘
2025-09-30,6409,EPS,7.32,基本每股盈餘
2025-09-30,2461,EPS,0.1,基本每股盈餘
2025-09-30,2812,EPS,0.37,基本每股盈餘（元）
2025-09-30,2850,EPS,3.05,基本每股盈餘（元）
2025-09-30,2439,EPS,2.33,基本每股盈餘
2025-09-30,6285,EPS,1.39,基本每股盈餘
2025-09-30,1232,EPS,1.91,基本每股盈餘
2025-09-30,2849,EPS,0.23,基本每股盈餘（元）
2025-09-30,2441,EPS,1.31,基本每股盈餘
2025-09-30,6414,EPS,6.91,基本每股盈餘
2025-09-30,2838,EPS,0.42,基本每股盈餘（元）
2025-09-30,2449,EPS,1.88,基本每股盈餘
2025-09-30,2460,EPS,-1.46,基本每股盈餘
2025-09-30,2834,EPS,0.35,基本每股盈餘（元）
2025-09-30,1229,EPS,0.71,基本每股盈餘
2025-09-30,6415,EPS,1.76,基本每股盈餘
2025-09-30,2823,Revenue,47864333000.0,營業收入
2025-09-30,2454,EPS,15.84,基本每股盈餘
2025-09-30,2816,Revenue,2946560000.0,營業收入
2025-09-30,6442,EPS,7.03,基本每股盈餘
2025-09-30,1227,EPS,0.41,基本每股盈餘
2025-09-30,2421,EPS,2.55,基本每股盈餘
2025-09-30,2856,EPS,1.01,基本每股盈餘（元）
2025-09-30,2412,EPS,1.22,基本每股盈餘
2025-09-30,2887,EPS,0.59,基本每股盈餘（元）
2025-09-30,6271,EPS,2.28,基本每股盈餘
2025-09-30,2393,EPS,1.29,基本每股盈餘
2025-09-30,2723,EPS,-6.06,基本每股盈餘
2025-09-30,2886,EPS,0.68,基本每股盈餘（元）
2025-09-30,1256,EPS,4.98,基本每股盈餘
2025-09-30,2885,EPS,0.78,基本每股盈餘（元）
2025-09-30,2397,EPS,0.66,基本每股盈餘
2025-09-30,6274,Revenue,8062873000.0,營業收入
2025-09-30,2884,EPS,0.58,基本每股盈餘（元）
2025-09-30,6456,EPS,-0.29,基本每股盈餘
2025-09-30,2399,EPS,0.17,基本每股盈餘
2025-09-30,2471,EPS,1.31,基本每股盈餘
2025-09-30,1236,EPS,0.29,基本每股盈餘
2025-09-30,2883,EPS,0.8,基本每股盈餘（元）
2025-09-30,2406,EPS,-0.15,基本每股盈餘
2025-09-30,6277,EPS,0.85,基本每股盈餘
2025-09-30,2882,EPS,1.95,基本每股盈餘（元）
2025-09-30,2726,Revenue,148295000.0,營業收入
2025-09-30,1225,EPS,0.36,基本每股盈餘
2025-09-30,2408,EPS,0.5,基本每股盈餘
2025-09-30,2881,EPS,2.74,基本每股盈餘（元）
2025-09-30,2462,EPS,0.54,基本每股盈餘
2025-09-30,2880,EPS,0.59,基本每股盈餘（元）
2025-09-30,2409,EPS,-0.17,基本每股盈餘
2025-09-30,6278,EPS,2.38,基本每股盈餘
2025-09-30,2801,EPS,0.42,基本每股盈餘（元）
2025-09-30,1234,EPS,0.61,基本每股盈餘
2025-09-30,2867,Revenue,39076820000.0,營業收入
2025-09-30,1301,EPS,-0.09,基本每股盈餘
2025-09-30,6510,Revenue,1242034000.0,營業收入
2025-09-30,2505,EPS,0.84,基本每股盈餘
2025-09-30,2301,EPS,2.05,基本每股盈餘
2025-09-30,1504,EPS,0.75,基本每股盈餘
2025-09-30,3049,EPS,-0.19,基本每股盈餘
2025-09-30,2201,EPS,0.24,基本每股盈餘
2025-09-30,5538,EPS,0.86,基本每股盈餘
2025-09-30,3048,EPS,0.7,基本每股盈餘
2025-09-30,2516,EPS,0.19,基本每股盈餘
2025-09-30,2204,EPS,1.47,基本每股盈餘
2025-09-30,2537,EPS,-0.05,基本每股盈餘
2025-09-30,1477,EPS,3.48,基本每股盈餘
2025-09-30,3047,EPS,-0.26,基本每股盈餘
2025-09-30,5546,EPS,-0.04,基本每股盈餘
2025-09-30,8044,Revenue,8531649000.0,營業收入
2025-09-30,3046,EPS,1.42,基本每股盈餘
2025-09-30,1102,EPS,1.13,基本每股盈餘
2025-09-30,2207,EPS,10.03,基本每股盈餘
2025-09-30,2538,EPS,0.83,基本每股盈餘
2025-09-30,1466,EPS,-0.26,基本每股盈餘
2025-09-30,3045,EPS,1.19,基本每股盈餘
2025-09-30,2208,EPS,0.05,基本每股盈餘
2025-09-30,5876,EPS,0.95,基本每股盈餘（元）
2025-09-30,3044,EPS,5.62,基本每股盈餘
2025-09-30,2345,EPS,14.0,基本每股盈餘
2025-09-30,6803,Revenue,2655655000.0,營業收入
2025-09-30,1402,EPS,0.42,基本每股盈餘
2025-09-30,3043,EPS,-0.08,基本每股盈餘
2025-09-30,5878,Revenue,201142000.0,營業收入
2025-09-30,2540,EPS,-0.04,基本每股盈餘
2025-09-30,2303,EPS,1.2,基本每股盈餘
2025-09-30,2515,EPS,0.09,基本每股盈餘
2025-09-30,5536,Revenue,11041635000.0,營業收入
2025-09-30,2103,EPS,-0.1,基本每股盈餘
2025-09-30,3050,EPS,0.19,基本每股盈餘
2025-09-30,1516,EPS,0.19,基本每股盈餘
2025-09-30,2059,EPS,33.55,基本每股盈餘
2025-09-30,3105,Revenue,4487879000.0,營業收入
2025-09-30,5525,EPS,-0.08,基本每股盈餘
2025-09-30,8210,EPS,8.01,基本每股盈餘
2025-09-30,3085,Revenue,15516000.0,營業收入
2025-09-30,2534,EPS,0.03,基本每股盈餘
2025-09-30,2061,Revenue,279758000.0,營業收入
2025-09-30,1515,EPS,0.32,基本每股盈餘
2025-09-30,1101,EPS,-1.36,基本每股盈餘
2025-09-30,3062,EPS,-0.32,基本每股盈餘
2025-09-30,2062,EPS,-0.13,基本每股盈餘
2025-09-30,5531,EPS,0.38,基本每股盈餘
2025-09-30,2524,EPS,0.21,基本每股盈餘
2025-09-30,1514,EPS,0.89,基本每股盈餘
2025-09-30,3059,EPS,0.36,基本每股盈餘
2025-09-30,2063,Revenue,275244000.0,營業收入
2025-09-30,5533,EPS,0.06,基本每股盈餘
2025-09-30,3057,EPS,-0.44,基本每股盈餘
2025-09-30,2535,EPS,1.76,基本每股盈餘
2025-09-30,2064,Revenue,399060000.0,營業收入
2025-09-30,8081,EPS,4.54,基本每股盈餘
2025-09-30,3052,EPS,0.29,基本每股盈餘
2025-09-30,1513,EPS,2.31,基本每股盈餘
2025-09-30,5534,EPS,1.28,基本每股盈餘
2025-09-30,2520,EPS,0.57,基本每股盈餘
2025-09-30,3051,EPS,0.26,基本每股盈餘
2025-09-30,2065,Revenue,482937000.0,營業收入
2025-09-30,2536,EPS,-0.17,基本每股盈餘
2025-09-30,3042,EPS,1.49,基本每股盈餘
2025-09-30,1210,EPS,0.93,基本每股盈餘
2025-09-30,2455,EPS,0.86,基本每股盈餘
2025-09-30,5880,EPS,0.38,基本每股盈餘（元）
2025-09-30,2506,EPS,0.07,基本每股盈餘
2025-09-30,6147,Revenue,5543065000.0,營業收入
2025-09-30,1319,EPS,1.11,基本每股盈餘
2025-09-30,3035,EPS,0.58,基本每股盈餘
2025-09-30,2340,EPS,-0.55,基本每股盈餘
2025-09-30,1215,EPS,2.99,基本每股盈餘
2025-09-30,2329,EPS,0.6,基本每股盈餘
2025-09-30,3030,EPS,2.93,基本每股盈餘
2025-09-30,6005,EPS,0.94,基本每股盈餘
2025-09-30,1313,EPS,-0.25,基本每股盈餘
2025-09-30,3031,EPS,0.15,基本每股盈餘
2025-09-30,3034,EPS,6.01,基本每股盈餘
2025-09-30,2546,EPS,3.13,基本每股盈餘
2025-09-30,2330,EPS,17.44,基本每股盈餘
2025-09-30,1314,EPS,-0.24,基本每股盈餘
2025-09-30,6120,EPS,-0.05,基本每股盈餘
2025-09-30,6146,Revenue,1127183000.0,營業收入
2025-09-30,2509,EPS,-0.03,基本每股盈餘
2025-09-30,2545,EPS,-0.53,基本每股盈餘
2025-09-30,3033,EPS,0.69,基本每股盈餘
2025-09-30,6523,Revenue,320759000.0,營業收入
2025-09-30,2337,EPS,-0.47,基本每股盈餘
2025-09-30,2332,EPS,0.02,基本每股盈餘
2025-09-30,3036,EPS,3.4,基本每股盈餘
2025-09-30,2511,EPS,0.06,基本每股盈餘
2025-09-30,2543,EPS,0.71,基本每股盈餘
2025-09-30,5904,Revenue,6400814000.0,營業收入
2025-09-30,3023,EPS,3.05,基本每股盈餘
2025-09-30,3041,EPS,-1.02,基本每股盈餘
2025-09-30,2308,EPS,7.16,基本每股盈餘
2025-09-30,6194,Revenue,334044000.0,營業收入
2025-09-30,2514,EPS,0.63,基本每股盈餘
2025-09-30,1326,EPS,0.3,基本每股盈餘
2025-09-30,3040,EPS,-0.08,基本每股盈餘
2025-09-30,2317,EPS,4.15,基本每股盈餘
2025-09-30,2344,EPS,0.65,基本每股盈餘
2025-09-30,3028,EPS,0.78,基本每股盈餘
2025-09-30,2542,EPS,0.72,基本每股盈餘
2025-09-30,5903,Revenue,28499647000.0,營業收入
2025-09-30,6533,EPS,0.17,基本每股盈餘
2025-09-30,3032,EPS,0.76,基本每股盈餘
2025-09-30,1312,EPS,-1.33,基本每股盈餘
2025-09-30,2324,EPS,0.45,基本每股盈餘
2025-09-30,1321,EPS,-0.13,基本每股盈餘
2025-09-30,1216,EPS,1.06,基本每股盈餘
2025-09-30,3037,EPS,1.44,基本每股盈餘
2025-09-30,2327,EPS,3.1,基本每股盈餘
2025-12-31,4162,EPS,0.91,基本每股盈餘
2025-12-31,6442,EPS,9.59,基本每股盈餘
2025-12-31,1216,Revenue,157699923000.0,營業收入
2025-12-31,1582,EPS,0.47,基本每股盈餘
2025-12-31,4171,EPS,0.05,基本每股盈餘
2025-12-31,1101,EPS,-0.32,基本每股盈餘
2025-12-31,1537,EPS,2.19,基本每股盈餘
2025-12-31,1584,Revenue,637644000.0,營業收入
2025-12-31,6505,Revenue,143815065000.0,營業收入
2025-12-31,6488,EPS,4.61,基本每股盈餘
2025-12-31,6446,EPS,3.98,基本每股盈餘
2025-12-31,1583,EPS,0.92,基本每股盈餘
2025-12-31,6461,EPS,-0.77,基本每股盈餘
2025-12-31,1218,EPS,0.52,基本每股盈餘
2025-12-31,6803,EPS,4.19,基本每股盈餘
2025-12-31,4168,EPS,-0.73,基本每股盈餘
2025-12-31,4175,EPS,1.24,基本每股盈餘
2025-12-31,6533,EPS,-0.52,基本每股盈餘
2025-12-31,1219,Revenue,3785148000.0,營業收入
2025-12-31,6456,EPS,-0.42,基本每股盈餘
2025-12-31,1102,EPS,0.58,基本每股盈餘
2025-12-31,1560,EPS,3.26,基本每股盈餘
2025-12-31,1580,Revenue,1230508000.0,營業收入
2025-12-31,4174,EPS,-9.4,基本每股盈餘
2025-12-31,8044,EPS,-2.07,基本每股盈餘
2025-12-31,1225,EPS,0.5,基本每股盈餘
2025-12-31,4163,EPS,1.57,基本每股盈餘
2025-12-31,1215,Revenue,7579475000.0,營業收入
2025-12-31,1210,EPS,1.66,基本每股盈餘
2025-12-31,6523,EPS,1.94,基本每股盈餘
2025-12-31,1217,EPS,0.11,基本每股盈餘
2025-12-31,4743,EPS,-0.07,基本每股盈餘
2025-12-31,8081,EPS,4.71,基本每股盈餘
2025-12-31,6510,EPS,8.68,基本每股盈餘
2025-12-31,5523,EPS,-0.01,基本每股盈餘
2025-12-31,6415,EPS,2.09,基本每股盈餘
2025-12-31,1326,EPS,-0.05,基本每股盈餘
2025-12-31,1524,EPS,0.67,基本每股盈餘
2025-12-31,5880,EPS,0.33,基本每股盈餘（元）
2025-12-31,5483,EPS,2.64,基本每股盈餘
2025-12-31,5903,Revenue,28820073000.0,營業收入
2025-12-31,1321,Revenue,851994000.0,營業收入
2025-12-31,1525,Revenue,344242000.0,營業收入
2025-12-31,5904,Revenue,6578714000.0,營業收入
2025-12-31,1319,EPS,2.07,基本每股盈餘
2025-12-31,5878,Revenue,240566000.0,營業收入
2025-12-31,5371,Revenue,11296873000.0,營業收入
2025-12-31,1314,EPS,-0.03,基本每股盈餘
2025-12-31,1526,EPS,-0.07,基本每股盈餘
2025-12-31,6120,EPS,-0.02,基本每股盈餘
2025-12-31,5347,EPS,0.95,基本每股盈餘
2025-12-31,1313,EPS,-0.61,基本每股盈餘
2025-12-31,6146,EPS,2.85,基本每股盈餘
2025-12-31,6147,Revenue,5395330000.0,營業收入
2025-12-31,1527,EPS,0.48,基本每股盈餘
2025-12-31,5274,EPS,31.69,基本每股盈餘
2025-12-31,6005,EPS,0.77,基本每股盈餘
2025-12-31,5512,Revenue,2087262000.0,營業收入
2025-12-31,1402,Revenue,68756008000.0,營業收入
2025-12-31,5876,EPS,0.5,基本每股盈餘（元）
2025-12-31,5525,Revenue,1945095000.0,營業收入
2025-12-31,1515,Revenue,1801132000.0,營業收入
2025-12-31,1516,EPS,-0.06,基本每股盈餘
2025-12-31,5522,Revenue,21500655000.0,營業收入
2025-12-31,5531,EPS,-0.15,基本每股盈餘
2025-12-31,1514,EPS,1.11,基本每股盈餘
2025-12-31,1519,EPS,5.31,基本每股盈餘
2025-12-31,5533,EPS,0.14,基本每股盈餘
2025-12-31,5521,EPS,0.15,基本每股盈餘
2025-12-31,1513,Revenue,7106089000.0,營業收入
2025-12-31,5534,Revenue,5268881000.0,營業收入
2025-12-31,1504,EPS,0.44,基本每股盈餘
2025-12-31,1521,Revenue,975723000.0,營業收入
2025-12-31,5536,EPS,8.07,基本每股盈餘
2025-12-31,5519,EPS,0.65,基本每股盈餘
2025-12-31,5538,Revenue,3328464000.0,營業收入
2025-12-31,1477,EPS,3.52,基本每股盈餘
2025-12-31,1522,EPS,0.55,基本每股盈餘
2025-12-31,5546,EPS,-1.07,基本每股盈餘
2025-12-31,1466,EPS,-0.46,基本每股盈餘
2025-12-31,5515,EPS,1.57,基本每股盈餘
2025-12-31,1312,EPS,-1.11,基本每股盈餘
2025-12-31,6194,EPS,0.35,基本每股盈餘
2025-12-31,1310,EPS,-0.43,基本每股盈餘
2025-12-31,5269,EPS,20.08,基本每股盈餘
2025-12-31,1532,EPS,0.17,基本每股盈餘
2025-12-31,1256,EPS,1.87,基本每股盈餘
2025-12-31,6274,EPS,3.76,基本每股盈餘
2025-12-31,4958,Revenue,56870104000.0,營業收入
2025-12-31,1236,EPS,-0.2,基本每股盈餘
2025-12-31,6277,Revenue,1380237000.0,營業收入
2025-12-31,1533,Revenue,1203600000.0,營業收入
2025-12-31,1234,EPS,0.43,基本每股盈餘
2025-12-31,4938,EPS,1.97,基本每股盈餘
2025-12-31,6278,Revenue,12087405000.0,營業收入
2025-12-31,1535,Revenue,2687201000.0,營業收入
2025-12-31,6285,EPS,2.06,基本每股盈餘
2025-12-31,1233,EPS,0.2,基本每股盈餘
2025-12-31,4919,EPS,-1.66,基本每股盈餘
2025-12-31,6409,Revenue,4637898000.0,營業收入
2025-12-31,1232,Revenue,5676638000.0,營業收入
2025-12-31,1536,EPS,-0.69,基本每股盈餘
2025-12-31,4906,Revenue,3585318000.0,營業收入
2025-12-31,6414,EPS,6.22,基本每股盈餘
2025-12-31,1229,EPS,0.57,基本每股盈餘
2025-12-31,4904,EPS,1.02,基本每股盈餘
2025-12-31,6271,EPS,2.23,基本每股盈餘
2025-12-31,1227,EPS,0.39,基本每股盈餘
2025-12-31,4960,EPS,-0.47,基本每股盈餘
2025-12-31,6269,EPS,-1.86,基本每股盈餘
2025-12-31,6214,Revenue,11372221000.0,營業收入
2025-12-31,1309,Revenue,3010873000.0,營業收入
2025-12-31,1528,EPS,0.18,基本每股盈餘
2025-12-31,6227,EPS,2.85,基本每股盈餘
2025-12-31,1308,EPS,-0.6,基本每股盈餘
2025-12-31,5009,EPS,0.9,基本每股盈餘
2025-12-31,6230,EPS,-1.14,基本每股盈餘
2025-12-31,6239,EPS,2.52,基本每股盈餘
2025-12-31,1529,EPS,0.04,基本每股盈餘
2025-12-31,1307,EPS,0.84,基本每股盈餘
2025-12-31,4968,Revenue,951933000.0,營業收入
2025-12-31,6244,Revenue,807986000.0,營業收入
2025-12-31,1305,Revenue,1835554000.0,營業收入
2025-12-31,6245,EPS,1.49,基本每股盈餘
2025-12-31,1530,EPS,0.36,基本每股盈餘
2025-12-31,4966,EPS,6.88,基本每股盈餘
2025-12-31,1304,Revenue,9940539000.0,營業收入
2025-12-31,6257,EPS,2.2,基本每股盈餘
2025-12-31,1531,EPS,0.11,基本每股盈餘
2025-12-31,4961,EPS,1.57,基本每股盈餘
2025-12-31,6263,Revenue,498243000.0,營業收入
2025-12-31,1301,EPS,-0.45,基本每股盈餘
2025-12-31,1303,Revenue,64466653000.0,營業收入
2025-12-31,2528,EPS,0.26,基本每股盈餘
2025-12-31,3260,EPS,13.1,基本每股盈餘
2025-12-31,3085,EPS,-0.1,基本每股盈餘
2025-12-31,2409,Revenue,70141567000.0,營業收入
2025-12-31,2059,EPS,36.88,基本每股盈餘
2025-12-31,2867,Revenue,39121039000.0,營業收入
2025-12-31,3105,EPS,2.43,基本每股盈餘
2025-12-31,2412,EPS,1.2,基本每股盈餘
2025-12-31,2061,EPS,0.11,基本每股盈餘
2025-12-31,3141,EPS,0.49,基本每股盈餘
2025-12-31,2049,EPS,1.3,基本每股盈餘
2025-12-31,3189,EPS,1.41,基本每股盈餘
2025-12-31,2421,Revenue,4917972000.0,營業收入
2025-12-31,2855,EPS,1.33,基本每股盈餘（元）
2025-12-31,2015,EPS,0.94,基本每股盈餘
2025-12-31,3209,Revenue,11927859000.0,營業收入
2025-12-31,2856,EPS,0.7,基本每股盈餘（元）
2025-12-31,2880,EPS,0.47,基本每股盈餘（元）
2025-12-31,3062,EPS,-0.79,基本每股盈餘
2025-12-31,2062,EPS,0.2,基本每股盈餘
2025-12-31,2397,EPS,0.01,基本每股盈餘
2025-12-31,2884,EPS,0.5,基本每股盈餘（元）
2025-12-31,2065,EPS,0.73,基本每股盈餘
2025-12-31,3051,EPS,0.46,基本每股盈餘
2025-12-31,2399,EPS,0.26,基本每股盈餘
2025-12-31,2064,EPS,0.21,基本每股盈餘
2025-12-31,3052,EPS,0.15,基本每股盈餘
2025-12-31,2883,EPS,0.65,基本每股盈餘（元）
2025-12-31,2406,Revenue,2331343000.0,營業收入
2025-12-31,2882,EPS,2.22,基本每股盈餘（元）
2025-12-31,3057,Revenue,166378000.0,營業收入
2025-12-31,2063,EPS,0.45,基本每股盈餘
2025-12-31,3059,Revenue,2165834000.0,營業收入
2025-12-31,2881,EPS,2.14,基本每股盈餘（元）
2025-12-31,2408,Revenue,30093618000.0,營業收入
2025-12-31,2852,Revenue,1880448000.0,營業收入
2025-12-31,2429,EPS,-0.48,基本每股盈餘
2025-12-31,2014,EPS,-0.19,基本每股盈餘
2025-12-31,3211,EPS,2.52,基本每股盈餘
2025-12-31,3406,EPS,10.43,基本每股盈餘
2025-12-31,2823,EPS,1.25,基本每股盈餘（元）
2025-12-31,2454,EPS,14.4,基本每股盈餘
2025-12-31,3443,EPS,8.65,基本每股盈餘
2025-12-31,2820,EPS,0.29,基本每股盈餘（元）
2025-12-31,2007,EPS,-0.7,基本每股盈餘
2025-12-31,3481,Revenue,56742277000.0,營業收入
2025-12-31,2455,EPS,1.05,基本每股盈餘
2025-12-31,2006,EPS,1.92,基本每股盈餘
2025-12-31,2816,Revenue,2975700000.0,營業收入
2025-12-31,3494,Revenue,213960000.0,營業收入
2025-12-31,2460,EPS,-0.41,基本每股盈餘
2025-12-31,2002,EPS,-0.02,基本每股盈餘
2025-12-31,3515,EPS,4.03,基本每股盈餘
2025-12-31,2812,EPS,0.4,基本每股盈餘（元）
2025-12-31,2008,Revenue,360433000.0,營業收入
2025-12-31,3050,Revenue,325117000.0,營業收入
2025-12-31,2449,EPS,1.84,基本每股盈餘
2025-12-31,3376,EPS,0.4,基本每股盈餘
2025-12-31,2851,Revenue,6934099000.0,營業收入
2025-12-31,2436,EPS,1.57,基本每股盈餘
2025-12-31,2013,EPS,0.92,基本每股盈餘
2025-12-31,3228,EPS,-0.53,基本每股盈餘
2025-12-31,2850,Revenue,5391837000.0,營業收入
2025-12-31,2439,EPS,1.59,基本每股盈餘
2025-12-31,3230,EPS,-0.45,基本每股盈餘
2025-12-31,2012,EPS,-0.05,基本每股盈餘
2025-12-31,3231,EPS,2.61,基本每股盈餘
2025-12-31,2849,EPS,0.21,基本每股盈餘（元）
2025-12-31,2441,EPS,1.13,基本每股盈餘
2025-12-31,2010,EPS,0.58,基本每股盈餘
2025-12-31,2838,EPS,0.38,基本每股盈餘（元）
2025-12-31,2353,Revenue,74359447000.0,營業收入
2025-12-31,2009,EPS,0.0,基本每股盈餘
2025-12-31,2834,EPS,0.25,基本每股盈餘（元）
2025-12-31,2809,EPS,1.09,基本每股盈餘（元）
2025-12-31,2103,EPS,0.32,基本每股盈餘
2025-12-31,2393,EPS,1.26,基本每股盈餘
2025-12-31,3031,EPS,0.2,基本每股盈餘
2025-12-31,2911,EPS,5.64,基本每股盈餘
2025-12-31,3032,Revenue,3058126000.0,營業收入
2025-12-31,2332,EPS,-0.42,基本每股盈餘
2025-12-31,2363,EPS,0.07,基本每股盈餘
2025-12-31,3033,Revenue,28019991000.0,營業收入
2025-12-31,2337,EPS,-0.15,基本每股盈餘
2025-12-31,2330,EPS,19.51,基本每股盈餘
2025-12-31,2910,EPS,0.33,基本每股盈餘
2025-12-31,2364,Revenue,342047000.0,營業收入
2025-12-31,2329,EPS,1.04,基本每股盈餘
2025-12-31,3035,EPS,0.8,基本每股盈餘
2025-12-31,2908,EPS,0.16,基本每股盈餘
2025-12-31,2327,EPS,3.29,基本每股盈餘
2025-12-31,3034,Revenue,22817209000.0,營業收入
2025-12-31,2357,Revenue,202923942000.0,營業收入
2025-12-31,2912,EPS,2.22,基本每股盈餘
2025-12-31,3030,EPS,2.9,基本每股盈餘
2025-12-31,2351,EPS,0.8,基本每股盈餘
2025-12-31,3014,EPS,1.89,基本每股盈餘
2025-12-31,3008,EPS,50.35,基本每股盈餘
2025-12-31,2354,EPS,0.64,基本每股盈餘
2025-12-31,2348,EPS,3.24,基本每股盈餘
2025-12-31,3016,Revenue,1064798000.0,營業收入
2025-12-31,3017,Revenue,47775002000.0,營業收入
2025-12-31,2923,Revenue,3353658000.0,營業收入
2025-12-31,2345,EPS,14.95,基本每股盈餘
2025-12-31,3023,EPS,2.96,基本每股盈餘
2025-12-31,2915,EPS,2.58,基本每股盈餘
2025-12-31,2344,Revenue,26625074000.0,營業收入
2025-12-31,3028,Revenue,11185037000.0,營業收入
2025-12-31,2356,EPS,0.57,基本每股盈餘
2025-12-31,2340,EPS,-0.68,基本每股盈餘
2025-12-31,3036,Revenue,342086747000.0,營業收入
2025-12-31,2905,EPS,0.18,基本每股盈餘
2025-12-31,2365,Revenue,244856000.0,營業收入
2025-12-31,3037,EPS,2.32,基本每股盈餘
2025-12-31,2208,EPS,0.17,基本每股盈餘
2025-12-31,3045,EPS,1.28,基本每股盈餘
2025-12-31,2889,EPS,0.16,基本每股盈餘（元）
2025-12-31,2383,EPS,10.44,基本每股盈餘
2025-12-31,2207,EPS,9.07,基本每股盈餘
2025-12-31,3046,EPS,0.68,基本每股盈餘
2025-12-31,2384,Revenue,25000.0,營業收入
2025-12-31,2388,EPS,1.22,基本每股盈餘
2025-12-31,2204,EPS,1.57,基本每股盈餘
2025-12-31,3047,Revenue,710776000.0,營業收入
2025-12-31,2887,EPS,0.61,基本每股盈餘（元）
2025-12-31,2886,EPS,0.45,基本每股盈餘（元）
2025-12-31,3048,EPS,0.87,基本每股盈餘
2025-12-31,2201,EPS,0.16,基本每股盈餘
2025-12-31,3049,EPS,0.02,基本每股盈餘
2025-12-31,2890,EPS,0.4,基本每股盈餘（元）
2025-12-31,2885,EPS,0.74,基本每股盈餘（元）
2025-12-31,3044,EPS,4.7,基本每股盈餘
2025-12-31,2382,Revenue,638637424000.0,營業收入
2025-12-31,2324,EPS,0.32,基本每股盈餘
2025-12-31,3038,EPS,0.28,基本每股盈餘
2025-12-31,2903,EPS,0.44,基本每股盈餘
2025-12-31,2317,EPS,3.23,基本每股盈餘
2025-12-31,3040,EPS,0.01,基本每股盈餘
2025-12-31,2368,EPS,5.86,基本每股盈餘
2025-12-31,1585,Revenue,74569000.0,營業收入
2025-12-31,2308,EPS,6.67,基本每股盈餘
2025-12-31,3041,Revenue,173887000.0,營業收入
2025-12-31,2892,EPS,0.36,基本每股盈餘（元）
2025-12-31,2379,Revenue,26278474000.0,營業收入
2025-12-31,2303,EPS,0.8,基本每股盈餘
2025-12-31,3042,Revenue,3324266000.0,營業收入
2025-12-31,2891,EPS,1.02,基本每股盈餘（元）
2025-12-31,3043,Revenue,199776000.0,營業收入
2025-12-31,2301,EPS,1.7,基本每股盈餘
2025-12-31,1789,EPS,0.05,基本每股盈餘
2025-12-31,3013,EPS,1.59,基本每股盈餘
2025-12-31,2461,EPS,-0.29,基本每股盈餘
2025-12-31,4117,Revenue,105010000.0,營業收入
2025-12-31,2511,Revenue,3367637000.0,營業收入
2025-12-31,4116,EPS,0.41,基本每股盈餘
2025-12-31,1711,Revenue,1834743000.0,營業收入
2025-12-31,2543,Revenue,3652497000.0,營業收入
2025-12-31,4108,EPS,-0.08,基本每股盈餘
2025-12-31,1712,EPS,0.53,基本每股盈餘
2025-12-31,2509,EPS,-0.18,基本每股盈餘
2025-12-31,4106,EPS,0.28,基本每股盈餘
2025-12-31,1713,Revenue,136401000.0,營業收入
2025-12-31,2545,EPS,-0.66,基本每股盈餘
2025-12-31,3518,Revenue,75928000.0,營業收入
2025-12-31,2506,EPS,-0.03,基本每股盈餘
2025-12-31,2542,EPS,1.15,基本每股盈餘
2025-12-31,1717,EPS,0.32,基本每股盈餘
2025-12-31,3707,Revenue,1565664000.0,營業收入
2025-12-31,3706,EPS,1.47,基本每股盈餘
2025-12-31,1718,EPS,-0.1,基本每股盈餘
2025-12-31,2505,EPS,0.83,基本每股盈餘
2025-12-31,2547,EPS,0.07,基本每股盈餘
2025-12-31,3691,EPS,0.53,基本每股盈餘
2025-12-31,1722,EPS,-0.16,基本每股盈餘
2025-12-31,2548,Revenue,13375432000.0,營業收入
2025-12-31,3686,Revenue,23988000.0,營業收入
2025-12-31,1723,EPS,0.51,基本每股盈餘
2025-12-31,2504,EPS,0.85,基本每股盈餘
2025-12-31,3661,EPS,18.29,基本每股盈餘
2025-12-31,2597,Revenue,9418992000.0,營業收入
2025-12-31,2546,EPS,2.93,基本每股盈餘
2025-12-31,4118,Revenue,6329000.0,營業收入
2025-12-31,1710,EPS,-0.43,基本每股盈餘
2025-12-31,4119,EPS,0.33,基本每股盈餘
2025-12-31,4160,EPS,0.42,基本每股盈餘
2025-12-31,1586,EPS,0.11,基本每股盈餘
2025-12-31,2524,EPS,-0.02,基本每股盈餘
2025-12-31,2534,EPS,0.21,基本每股盈餘
2025-12-31,4148,EPS,0.53,基本每股盈餘
2025-12-31,4147,EPS,-0.25,基本每股盈餘
2025-12-31,1590,Revenue,9035139000.0,營業收入
2025-12-31,2535,Revenue,5556131000.0,營業收入
2025-12-31,4142,EPS,0.52,基本每股盈餘
2025-12-31,2520,EPS,0.89,基本每股盈餘
2025-12-31,1591,EPS,-0.66,基本每股盈餘
2025-12-31,2536,Revenue,6248892000.0,營業收入
2025-12-31,4133,Revenue,83939000.0,營業收入
2025-12-31,1603,EPS,0.23,基本每股盈餘
2025-12-31,2516,Revenue,2929740000.0,營業收入
2025-12-31,4130,EPS,-0.04,基本每股盈餘
2025-12-31,1605,EPS,0.23,基本每股盈餘
2025-12-31,2537,EPS,0.05,基本每股盈餘
2025-12-31,4128,EPS,-0.06,基本每股盈餘
2025-12-31,2515,Revenue,6042444000.0,營業收入
2025-12-31,4126,Revenue,576489000.0,營業收入
2025-12-31,1608,Revenue,2708467000.0,營業收入
2025-12-31,2538,EPS,-0.21,基本每股盈餘
2025-12-31,4123,Revenue,399513000.0,營業收入
2025-12-31,1609,EPS,0.03,基本每股盈餘
2025-12-31,2514,EPS,0.42,基本每股盈餘
2025-12-31,2540,EPS,0.01,基本每股盈餘
2025-12-31,4121,EPS,-0.09,基本每股盈餘
2025-12-31,1612,EPS,0.58,基本每股盈餘
2025-12-31,1725,EPS,0.16,基本每股盈餘
2025-12-31,3653,EPS,9.83,基本每股盈餘
2025-12-31,3711,EPS,3.38,基本每股盈餘
2025-12-31,1786,EPS,0.86,基本每股盈餘
2025-12-31,8210,Revenue,6740001000.0,營業收入
2025-12-31,3532,Revenue,3268741000.0,營業收入
2025-12-31,2719,EPS,0.32,基本每股盈餘
2025-12-31,3576,Revenue,619037000.0,營業收入
2025-12-31,2718,EPS,1.47,基本每股盈餘
2025-12-31,1788,EPS,2.04,基本每股盈餘
2025-12-31,2498,EPS,-0.67,基本每股盈餘
2025-12-31,3593,EPS,0.4,基本每股盈餘
2025-12-31,3583,EPS,4.11,基本每股盈餘
2025-12-31,1733,Revenue,438994000.0,營業收入
2025-12-31,1760,EPS,0.57,基本每股盈餘
2025-12-31,3550,Revenue,908105000.0,營業收入
2025-12-31,2726,EPS,-1.78,基本每股盈餘
2025-12-31,3596,Revenue,13002930000.0,營業收入
2025-12-31,2474,Revenue,4363151000.0,營業收入
2025-12-31,2462,Revenue,918080000.0,營業收入
2025-12-31,2801,EPS,0.31,基本每股盈餘（元）
2025-12-31,1762,Revenue,113417000.0,營業收入
2025-12-31,2723,EPS,1.76,基本每股盈餘
2025-12-31,1777,EPS,2.06,基本每股盈餘
2025-12-31,3597,EPS,0.22,基本每股盈餘
2025-12-31,2471,Revenue,315677000.0,營業收入
2025-12-31,2501,EPS,0.92,基本每股盈餘
2025-12-31,3533,Revenue,9259886000.0,營業收入
2025-12-31,2712,Revenue,101675000.0,營業收入
2025-12-31,3530,Revenue,574630000.0,營業收入
2025-12-31,3548,Revenue,2045548000.0,營業收入
2025-12-31,1784,EPS,0.29,基本每股盈餘
2025-12-31,1726,EPS,1.22,基本每股盈餘
2026-03-31,2908,Revenue,9402236000.0,營業收入
2026-03-31,2910,Revenue,134947000.0,營業收入
2026-03-31,6245,Revenue,1541411000.0,營業收入
2026-03-31,2363,Revenue,1050018000.0,營業收入
2026-03-31,2726,Revenue,135312000.0,營業收入
2026-03-31,2454,Revenue,149150510000.0,營業收入
2026-03-31,2501,Revenue,11151303000.0,營業收入
2026-03-31,2515,Revenue,6998716000.0,營業收入
2026-03-31,1304,Revenue,10746648000.0,營業收入
2026-03-31,6415,Revenue,4860017000.0,營業收入
2026-03-31,2364,Revenue,338915000.0,營業收入
2026-03-31,2905,EPS,0.03,基本每股盈餘
2026-03-31,6803,Revenue,2297738000.0,營業收入
2026-03-31,2365,EPS,0.14,基本每股盈餘
2026-03-31,2723,Revenue,4026808000.0,營業收入
2026-03-31,2449,Revenue,10191943000.0,營業收入
2026-03-31,6257,Revenue,5293776000.0,營業收入
2026-03-31,2537,Revenue,1212617000.0,營業收入
2026-03-31,1102,Revenue,14829491000.0,營業收入
2026-03-31,2536,Revenue,885984000.0,營業收入
2026-03-31,2516,Revenue,1624343000.0,營業收入
2026-03-31,1308,Revenue,1301918000.0,營業收入
2026-03-31,2528,Revenue,10284000.0,營業收入
2026-03-31,2524,Revenue,656590000.0,營業收入
2026-03-31,2353,Revenue,72423012000.0,營業收入
2026-03-31,3008,Revenue,15544079000.0,營業收入
2026-03-31,1225,Revenue,3261472000.0,營業收入
2026-03-31,2461,Revenue,1366993000.0,營業收入
2026-03-31,2460,Revenue,1130635000.0,營業收入
2026-03-31,6230,Revenue,2221271000.0,營業收入
2026-03-31,2923,Revenue,2068437000.0,營業收入
2026-03-31,2534,Revenue,209173000.0,營業收入
2026-03-31,2354,Revenue,25274831000.0,營業收入
2026-03-31,1307,Revenue,2952809000.0,營業收入
2026-03-31,2520,Revenue,4862541000.0,營業收入
2026-03-31,6446,EPS,5.79,基本每股盈餘
2026-03-31,2915,Revenue,418613000.0,營業收入
2026-03-31,8081,Revenue,2111258000.0,營業收入
2026-03-31,1305,Revenue,2673905000.0,營業收入
2026-03-31,6244,Revenue,761537000.0,營業收入
2026-03-31,1227,Revenue,7770446000.0,營業收入
2026-03-31,2462,Revenue,964560000.0,營業收入
2026-03-31,2911,Revenue,431046000.0,營業收入
2026-03-31,2903,Revenue,8445107000.0,營業收入
2026-03-31,8044,Revenue,9588620000.0,營業收入
2026-03-31,2357,EPS,13.19,基本每股盈餘
2026-03-31,1101,Revenue,33168148000.0,營業收入
2026-03-31,2912,Revenue,88527614000.0,營業收入
2026-03-31,2356,Revenue,200310505000.0,營業收入
2026-03-31,6239,Revenue,21314167000.0,營業收入
2026-03-31,2535,Revenue,7158996000.0,營業收入
2026-03-31,6442,Revenue,2705681000.0,營業收入
2026-03-31,2455,Revenue,959310000.0,營業收入
2026-03-31,2538,Revenue,82552000.0,營業收入
2026-03-31,2511,Revenue,2153305000.0,營業收入
2026-03-31,1303,Revenue,68596393000.0,營業收入
2026-03-31,2436,Revenue,1047731000.0,營業收入
2026-03-31,2397,Revenue,3030612000.0,營業收入
2026-03-31,2546,Revenue,4271987000.0,營業收入
2026-03-31,6510,Revenue,1357386000.0,營業收入
2026-03-31,6274,Revenue,10053966000.0,營業收入
2026-03-31,1218,Revenue,2653792000.0,營業收入
2026-03-31,2505,EPS,0.17,基本每股盈餘
2026-03-31,1236,EPS,0.23,基本每股盈餘
2026-03-31,2429,EPS,-0.45,基本每股盈餘
2026-03-31,2399,Revenue,434635000.0,營業收入
2026-03-31,1216,Revenue,175017371000.0,營業收入
2026-03-31,2498,Revenue,652623000.0,營業收入
2026-03-31,2406,Revenue,2717146000.0,營業收入
2026-03-31,2547,EPS,0.06,基本每股盈餘
2026-03-31,2718,Revenue,148375000.0,營業收入
2026-03-31,2504,Revenue,5032863000.0,營業收入
2026-03-31,2712,Revenue,125169000.0,營業收入
2026-03-31,1234,Revenue,2328332000.0,營業收入
2026-03-31,6505,Revenue,161989437000.0,營業收入
2026-03-31,2421,Revenue,5019470000.0,營業收入
2026-03-31,2408,Revenue,49086932000.0,營業收入
2026-03-31,2548,Revenue,4206418000.0,營業收入
2026-03-31,6285,Revenue,29156181000.0,營業收入
2026-03-31,2409,Revenue,69031355000.0,營業收入
2026-03-31,6278,Revenue,12555084000.0,營業收入
2026-03-31,6488,EPS,3.97,基本每股盈餘
2026-03-31,2597,Revenue,7352773000.0,營業收入
2026-03-31,1217,Revenue,1166163000.0,營業收入
2026-03-31,2412,Revenue,59988435000.0,營業收入
2026-03-31,1233,Revenue,568211000.0,營業收入
2026-03-31,6277,Revenue,1293181000.0,營業收入
2026-03-31,2514,Revenue,5519551000.0,營業收入
2026-03-31,2393,Revenue,5039603000.0,營業收入
2026-03-31,6409,EPS,4.46,基本每股盈餘
2026-03-31,6456,EPS,-0.61,基本每股盈餘
2026-03-31,1219,Revenue,3634112000.0,營業收入
2026-03-31,2540,Revenue,1723776000.0,營業收入
2026-03-31,2368,Revenue,19312774000.0,營業收入
2026-03-31,1210,Revenue,26901827000.0,營業收入
2026-03-31,1229,Revenue,2523137000.0,營業收入
2026-03-31,2441,Revenue,4722344000.0,營業收入
2026-03-31,6263,Revenue,448681000.0,營業收入
2026-03-31,2379,Revenue,36422566000.0,營業收入
2026-03-31,6533,Revenue,326356000.0,營業收入
2026-03-31,6414,Revenue,37112748000.0,營業收入
2026-03-31,2471,Revenue,232263000.0,營業收入
2026-03-31,1301,EPS,0.51,基本每股盈餘
2026-03-31,2542,Revenue,16191907000.0,營業收入
2026-03-31,2506,EPS,0.13,基本每股盈餘
2026-03-31,2719,Revenue,522665000.0,營業收入
2026-03-31,6269,Revenue,5467013000.0,營業收入
2026-03-31,2543,Revenue,2901102000.0,營業收入
2026-03-31,2383,EPS,14.9,基本每股盈餘
2026-03-31,2509,Revenue,64339000.0,營業收入
2026-03-31,2474,Revenue,3773945000.0,營業收入
2026-03-31,2439,EPS,1.03,基本每股盈餘
2026-03-31,1215,Revenue,7176319000.0,營業收入
2026-03-31,6523,EPS,1.88,基本每股盈餘
2026-03-31,2388,Revenue,2141087000.0,營業收入
2026-03-31,6461,Revenue,17616000.0,營業收入
2026-03-31,1232,Revenue,5894059000.0,營業收入
2026-03-31,6271,Revenue,2819237000.0,營業收入
2026-03-31,1256,Revenue,1141779000.0,營業收入
2026-03-31,2545,Revenue,1966951000.0,營業收入
2026-03-31,2382,Revenue,809221055000.0,營業收入
2026-03-31,4162,Revenue,239795000.0,營業收入
2026-03-31,2308,Revenue,159352652000.0,營業收入
2026-03-31,3013,Revenue,2929028000.0,營業收入
2026-03-31,1528,Revenue,712104000.0,營業收入
2026-03-31,3548,Revenue,1693588000.0,營業收入
2026-03-31,1777,Revenue,275573000.0,營業收入
2026-03-31,5009,Revenue,2877277000.0,營業收入
2026-03-31,3550,Revenue,1007809000.0,營業收入
2026-03-31,1762,Revenue,361225000.0,營業收入
2026-03-31,1529,Revenue,248511000.0,營業收入
2026-03-31,3576,Revenue,520029000.0,營業收入
2026-03-31,4968,Revenue,930198000.0,營業收入
2026-03-31,3583,EPS,4.14,基本每股盈餘
2026-03-31,1760,Revenue,519291000.0,營業收入
2026-03-31,1784,Revenue,314699000.0,營業收入
2026-03-31,1530,Revenue,444813000.0,營業收入
2026-03-31,3593,Revenue,132981000.0,營業收入
2026-03-31,1733,Revenue,519723000.0,營業收入
2026-03-31,3596,Revenue,12784117000.0,營業收入
2026-03-31,1726,Revenue,2651076000.0,營業收入
2026-03-31,4961,Revenue,4501219000.0,營業收入
2026-03-31,3597,Revenue,198150000.0,營業收入
2026-03-31,1725,Revenue,2199773000.0,營業收入
2026-03-31,1531,Revenue,347486000.0,營業收入
2026-03-31,3653,EPS,9.53,基本每股盈餘
2026-03-31,4960,Revenue,1822834000.0,營業收入
2026-03-31,3661,Revenue,4186855000.0,營業收入
2026-03-31,4966,EPS,6.77,基本每股盈餘
2026-03-31,1723,Revenue,1277807000.0,營業收入
2026-03-31,3533,Revenue,9327579000.0,營業收入
2026-03-31,1786,Revenue,205322000.0,營業收入
2026-03-31,3376,Revenue,2352701000.0,營業收入
2026-03-31,5512,Revenue,1682025000.0,營業收入
2026-03-31,2008,Revenue,349981000.0,營業收入
2026-03-31,3406,Revenue,6140741000.0,營業收入
2026-03-31,1524,Revenue,562184000.0,營業收入
2026-03-31,2007,EPS,-0.45,基本每股盈餘
2026-03-31,5483,Revenue,19381793000.0,營業收入
2026-03-31,3443,Revenue,11447812000.0,營業收入
2026-03-31,3481,Revenue,66644538000.0,營業收入
2026-03-31,2006,Revenue,13602390000.0,營業收入
2026-03-31,1525,Revenue,281735000.0,營業收入
2026-03-31,5269,Revenue,3497963000.0,營業收入
2026-03-31,5371,Revenue,9361901000.0,營業收入
2026-03-31,2002,Revenue,79161889000.0,營業收入
2026-03-31,3515,Revenue,13366639000.0,營業收入
2026-03-31,1526,Revenue,161967000.0,營業收入
2026-03-31,5347,Revenue,12531629000.0,營業收入
2026-03-31,1789,EPS,0.02,基本每股盈餘
2026-03-31,3518,Revenue,62020000.0,營業收入
2026-03-31,1788,Revenue,1145185000.0,營業收入
2026-03-31,3530,Revenue,541943000.0,營業收入
2026-03-31,5274,Revenue,3146757000.0,營業收入
2026-03-31,3532,Revenue,3308768000.0,營業收入
2026-03-31,1527,Revenue,629386000.0,營業收入
2026-03-31,3494,Revenue,248180000.0,營業收入
2026-03-31,1522,Revenue,6675148000.0,營業收入
2026-03-31,1532,EPS,-0.09,基本每股盈餘
2026-03-31,4958,Revenue,40728186000.0,營業收入
2026-03-31,4175,Revenue,1886408000.0,營業收入
2026-03-31,4123,Revenue,465976000.0,營業收入
2026-03-31,1608,Revenue,3453119000.0,營業收入
2026-03-31,1580,Revenue,1094432000.0,營業收入
2026-03-31,4174,Revenue,5564000.0,營業收入
2026-03-31,4126,Revenue,581571000.0,營業收入
2026-03-31,1605,Revenue,41070352000.0,營業收入
2026-03-31,4128,Revenue,501633000.0,營業收入
2026-03-31,4130,Revenue,110383000.0,營業收入
2026-03-31,4171,Revenue,52280000.0,營業收入
2026-03-31,1603,Revenue,1304277000.0,營業收入
2026-03-31,1609,EPS,0.66,基本每股盈餘
2026-03-31,1582,Revenue,2115340000.0,營業收入
2026-03-31,1591,Revenue,132360000.0,營業收入
2026-03-31,4168,Revenue,12054000.0,營業收入
2026-03-31,4142,Revenue,82316000.0,營業收入
2026-03-31,1590,Revenue,10013502000.0,營業收入
2026-03-31,1583,Revenue,932415000.0,營業收入
2026-03-31,4147,Revenue,166081000.0,營業收入
2026-03-31,4163,Revenue,622825000.0,營業收入
2026-03-31,4148,Revenue,527663000.0,營業收入
2026-03-31,1586,Revenue,547977000.0,營業收入
2026-03-31,1584,EPS,0.09,基本每股盈餘
2026-03-31,4160,EPS,0.01,基本每股盈餘
2026-03-31,4133,Revenue,87906000.0,營業收入
2026-03-31,3686,Revenue,23673000.0,營業收入
2026-03-31,1560,EPS,2.94,基本每股盈餘
2026-03-31,1612,Revenue,1919326000.0,營業收入
2026-03-31,1722,Revenue,3750158000.0,營業收入
2026-03-31,3691,Revenue,2506700000.0,營業收入
2026-03-31,1718,EPS,0.17,基本每股盈餘
2026-03-31,1533,Revenue,1288273000.0,營業收入
2026-03-31,4938,Revenue,244105400000.0,營業收入
2026-03-31,3706,Revenue,31863922000.0,營業收入
2026-03-31,1717,Revenue,10243036000.0,營業收入
2026-03-31,3707,EPS,-0.35,基本每股盈餘
2026-03-31,1535,Revenue,2203311000.0,營業收入
2026-03-31,4919,EPS,0.02,基本每股盈餘
2026-03-31,3711,Revenue,173662152000.0,營業收入
2026-03-31,4121,Revenue,938310000.0,營業收入
2026-03-31,1713,Revenue,112434000.0,營業收入
2026-03-31,1712,Revenue,4795226000.0,營業收入
2026-03-31,4906,Revenue,3112326000.0,營業收入
2026-03-31,4108,Revenue,34519000.0,營業收入
2026-03-31,1536,Revenue,1193410000.0,營業收入
2026-03-31,1711,Revenue,2045450000.0,營業收入
2026-03-31,4904,EPS,1.03,基本每股盈餘
2026-03-31,4116,Revenue,1324607000.0,營業收入
2026-03-31,1710,Revenue,5345825000.0,營業收入
2026-03-31,1537,Revenue,1713997000.0,營業收入
2026-03-31,4743,EPS,-0.31,基本每股盈餘
2026-03-31,4119,Revenue,375798000.0,營業收入
2026-03-31,4106,Revenue,583212000.0,營業收入
2026-03-31,6227,Revenue,4844098000.0,營業收入
2026-03-31,2009,Revenue,799069000.0,營業收入
2026-03-31,5515,Revenue,2015280000.0,營業收入
2026-03-31,6005,EPS,1.34,基本每股盈餘
2026-03-31,2329,Revenue,4860476000.0,營業收入
2026-03-31,3035,Revenue,2588502000.0,營業收入
2026-03-31,2327,Revenue,38165648000.0,營業收入
2026-03-31,1319,Revenue,5630744000.0,營業收入
2026-03-31,5904,Revenue,7094656000.0,營業收入
2026-03-31,3036,Revenue,494272920000.0,營業收入
2026-03-31,2324,Revenue,201303536000.0,營業收入
2026-03-31,3037,EPS,3.28,基本每股盈餘
2026-03-31,5903,Revenue,27757742000.0,營業收入
2026-03-31,3038,Revenue,732363000.0,營業收入
2026-03-31,3034,Revenue,23145303000.0,營業收入
2026-03-31,2317,Revenue,2119533391000.0,營業收入
2026-03-31,3040,Revenue,35189000.0,營業收入
2026-03-31,3041,EPS,-0.48,基本每股盈餘
2026-03-31,2303,Revenue,61037902000.0,營業收入
2026-03-31,1326,Revenue,81749811000.0,營業收入
2026-03-31,5878,Revenue,222431000.0,營業收入
2026-03-31,3042,Revenue,3339207000.0,營業收入
2026-03-31,2301,EPS,1.66,基本每股盈餘
2026-03-31,3043,Revenue,187425000.0,營業收入
2026-03-31,1402,Revenue,61298588000.0,營業收入
2026-03-31,3044,Revenue,20964231000.0,營業收入
2026-03-31,2208,Revenue,4731963000.0,營業收入
2026-03-31,1321,Revenue,880894000.0,營業收入
2026-03-31,3045,EPS,1.37,基本每股盈餘
2026-03-31,1314,Revenue,4092344000.0,營業收入
2026-03-31,3033,Revenue,30857485000.0,營業收入
2026-03-31,2351,Revenue,2805040000.0,營業收入
2026-03-31,3014,EPS,2.85,基本每股盈餘
2026-03-31,1309,EPS,-0.53,基本每股盈餘
2026-03-31,2348,Revenue,1308225000.0,營業收入
2026-03-31,6214,Revenue,11968686000.0,營業收入
2026-03-31,3016,Revenue,1058983000.0,營業收入
2026-03-31,2345,EPS,14.92,基本每股盈餘
2026-03-31,3017,Revenue,49037946000.0,營業收入
2026-03-31,1310,EPS,-0.94,基本每股盈餘
2026-03-31,6194,Revenue,264225000.0,營業收入
2026-03-31,3023,EPS,3.6,基本每股盈餘
2026-03-31,2330,Revenue,1134103440000.0,營業收入
2026-03-31,2344,EPS,2.25,基本每股盈餘
2026-03-31,6147,Revenue,5755687000.0,營業收入
2026-03-31,2340,Revenue,954029000.0,營業收入
2026-03-31,1312,Revenue,7516970000.0,營業收入
2026-03-31,3030,Revenue,2441415000.0,營業收入
2026-03-31,2337,Revenue,10468868000.0,營業收入
2026-03-31,6146,Revenue,1191315000.0,營業收入
2026-03-31,3031,Revenue,285293000.0,營業收入
2026-03-31,2332,Revenue,3440889000.0,營業收入
2026-03-31,1313,Revenue,14431164000.0,營業收入
2026-03-31,3032,Revenue,2715936000.0,營業收入
2026-03-31,6120,Revenue,4526331000.0,營業收入
2026-03-31,3028,Revenue,17721795000.0,營業收入
2026-03-31,3260,Revenue,26099523000.0,營業收入
2026-03-31,2207,EPS,7.95,基本每股盈餘
2026-03-31,5546,Revenue,198123000.0,營業收入
2026-03-31,3085,Revenue,11821000.0,營業收入
2026-03-31,2059,Revenue,5449725000.0,營業收入
2026-03-31,1515,EPS,0.07,基本每股盈餘
2026-03-31,3105,Revenue,4590060000.0,營業收入
2026-03-31,2049,Revenue,6379288000.0,營業收入
2026-03-31,5523,Revenue,1137000.0,營業收入
2026-03-31,3141,Revenue,364294000.0,營業收入
2026-03-31,1516,Revenue,26221000.0,營業收入
2026-03-31,3189,Revenue,11104965000.0,營業收入
2026-03-31,2015,Revenue,6404574000.0,營業收入
2026-03-31,5522,Revenue,5663127000.0,營業收入
2026-03-31,5525,Revenue,1698934000.0,營業收入
2026-03-31,3209,Revenue,17067413000.0,營業收入
2026-03-31,1519,Revenue,4756515000.0,營業收入
2026-03-31,5521,Revenue,2612835000.0,營業收入
2026-03-31,3211,Revenue,3344523000.0,營業收入
2026-03-31,2013,Revenue,4623919000.0,營業收入
2026-03-31,3228,Revenue,75858000.0,營業收入
2026-03-31,2012,Revenue,1798919000.0,營業收入
2026-03-31,1521,Revenue,1003761000.0,營業收入
2026-03-31,5519,Revenue,676975000.0,營業收入
2026-03-31,3230,Revenue,100608000.0,營業收入
2026-03-31,3231,Revenue,846303026000.0,營業收入
2026-03-31,2010,Revenue,6434872000.0,營業收入
2026-03-31,2014,Revenue,4514131000.0,營業收入
2026-03-31,1466,EPS,0.17,基本每股盈餘
2026-03-31,2061,Revenue,316733000.0,營業收入
2026-03-31,2062,Revenue,1629689000.0,營業收入
2026-03-31,3046,Revenue,1818011000.0,營業收入
2026-03-31,2204,Revenue,9416045000.0,營業收入
2026-03-31,3047,Revenue,761074000.0,營業收入
2026-03-31,5538,Revenue,3164547000.0,營業收入
2026-03-31,2201,EPS,0.35,基本每股盈餘
2026-03-31,3048,Revenue,33502237000.0,營業收入
2026-03-31,1477,Revenue,8896989000.0,營業收入
2026-03-31,3049,EPS,-0.04,基本每股盈餘
2026-03-31,5536,Revenue,11603182000.0,營業收入
2026-03-31,2103,Revenue,10330865000.0,營業收入
2026-03-31,3050,Revenue,280845000.0,營業收入
2026-03-31,3062,Revenue,1113318000.0,營業收入
2026-03-31,1504,Revenue,14235194000.0,營業收入
2026-03-31,5534,Revenue,876904000.0,營業收入
2026-03-31,3051,Revenue,376381000.0,營業收入
2026-03-31,2064,Revenue,442937000.0,營業收入
2026-03-31,1513,Revenue,6490639000.0,營業收入
2026-03-31,3052,Revenue,871124000.0,營業收入
2026-03-31,5533,Revenue,342424000.0,營業收入
2026-03-31,2063,Revenue,220196000.0,營業收入
2026-03-31,3057,Revenue,167729000.0,營業收入
2026-03-31,3059,Revenue,2020291000.0,營業收入
2026-03-31,1514,Revenue,2526342000.0,營業收入
2026-03-31,5531,Revenue,142618000.0,營業收入
2026-03-31,2065,Revenue,545560000.0,營業收入
2026-03-31,8210,Revenue,7107292000.0,營業收入
